feature,value,0,1,2,3,4
attn_0_0_outputs,0,4.8109307,-3.8259342,4.301723,-0.36922017,-3.1878572
attn_0_0_outputs,1,-2.011539,0.01987097,-0.050517604,0.93740153,0.59487617
attn_0_0_outputs,2,-1.4684765,-0.6816619,-0.030077357,1.1393846,2.4730139
attn_0_0_outputs,3,-4.225856,-2.2613022,-0.55320966,1.0789547,2.3264709
attn_0_0_outputs,4,-2.9419963,-0.594959,-1.5648962,0.6848871,3.0779483
attn_0_0_outputs,</s>,-0.21211201,-0.060980055,-0.269344,0.39470032,1.3235058
attn_0_0_outputs,<pad>,-0.15876803,-0.5836672,0.21785894,-0.20281807,0.21429415
attn_0_0_outputs,<s>,-3.6722383,1.3106874,0.6204695,1.5729983,-1.9793932
attn_0_0_outputs,_,0.7094243,0.9040392,-0.06266963,0.0084862495,-2.275702
attn_0_0_outputs,_,0.601904,1.3731582,0.23520455,0.19291782,-1.957424
attn_0_0_outputs,_,-0.20015146,-0.47059426,0.076622665,0.711056,0.45018908
attn_0_0_outputs,_,0.12101855,0.06269661,-0.49710497,0.31372246,0.6322808
attn_0_0_outputs,_,-0.45947605,-0.002873823,-0.27576104,-0.5637337,-0.08006236
attn_0_0_outputs,_,-0.070651114,0.13104554,-0.24457906,-0.23467202,0.10784245
attn_0_0_outputs,_,-0.73457617,-0.11101665,-0.18582694,0.29627734,0.030259911
attn_0_0_outputs,_,0.17437163,0.57612044,0.029427871,0.3809965,-0.17441627
attn_0_0_outputs,_,-0.23952499,0.1257402,-0.39245477,-0.61839443,-0.3428987
attn_0_0_outputs,_,-0.24501085,0.11511345,0.070918724,0.094996184,0.11151949
attn_0_0_outputs,_,-0.38297686,0.38729212,-0.10069555,0.42134675,0.05648619
attn_0_0_outputs,_,-0.70735115,0.7460427,0.14305273,0.118446425,-0.31002817
attn_0_1_outputs,0,5.1090107,0.25115594,-1.6676229,-0.84409624,-1.1007105
attn_0_1_outputs,1,-1.3373505,7.799014,-3.0491152,-4.323689,-1.7481073
attn_0_1_outputs,2,-0.5996253,-1.9708618,0.21220838,0.49751663,1.4039714
attn_0_1_outputs,3,-2.348924,-3.4070477,-0.15773839,1.7800022,2.1959682
attn_0_1_outputs,4,-0.002469228,-4.156676,-1.0375797,1.0814576,3.472031
attn_0_1_outputs,</s>,-1.896736,-1.9351848,1.8607807,0.5059221,-0.124853835
attn_0_1_outputs,<pad>,0.033184685,0.070747994,0.30382788,0.077439055,0.14858124
attn_0_1_outputs,<s>,-2.3061569,-5.5647264,0.954711,3.496802,1.1297357
attn_0_1_outputs,_,1.1273938,2.233011,0.44309253,-0.54203194,-1.1893065
attn_0_1_outputs,_,1.8896606,1.5804929,-0.81991416,-0.59495336,-2.1256604
attn_0_1_outputs,_,-0.052548554,-0.04383151,0.559588,0.06925591,-0.36365137
attn_0_1_outputs,_,0.095257856,0.20198198,0.039793573,0.19239369,-0.3372747
attn_0_1_outputs,_,-0.38663608,-0.094388135,0.15898907,0.24851424,-0.6004815
attn_0_1_outputs,_,0.2497008,-0.30540663,-0.014801919,-0.45515597,0.103314914
attn_0_1_outputs,_,-0.17203538,-0.09616991,0.12421104,-0.06018367,-0.14156155
attn_0_1_outputs,_,-0.9380019,-0.9130593,0.37063393,0.701325,0.68214065
attn_0_1_outputs,_,0.43032262,0.029634772,0.0030578547,-0.09223164,0.81240857
attn_0_1_outputs,_,0.04196549,0.4314198,0.05011129,-0.07610428,-0.31730953
attn_0_1_outputs,_,-0.16384214,0.11166119,-0.20313378,-0.3057659,-0.06422258
attn_0_1_outputs,_,-0.04669822,0.1712999,-0.5148623,-0.5714172,-0.5287627
attn_0_2_outputs,0,7.4832683,-2.7540426,-2.4368012,-0.1260301,-1.024292
attn_0_2_outputs,1,-8.244981,2.350417,1.3642627,3.3819923,-5.370455
attn_0_2_outputs,2,-4.1843433,-2.2543125,3.5553927,1.3646189,-2.8973691
attn_0_2_outputs,3,-1.2644371,-0.36777845,-0.39312184,2.2773304,-0.6150898
attn_0_2_outputs,4,-5.7829056,-2.957192,-1.9465636,-0.15894659,7.8735948
attn_0_2_outputs,</s>,-1.0243131,0.37235916,-0.44400296,0.39273137,0.32300228
attn_0_2_outputs,<pad>,-0.40548906,-0.35822,-0.16000706,0.7800907,0.28128844
attn_0_2_outputs,<s>,-0.18215938,4.05992,0.18145655,0.7715308,-7.288887
attn_0_2_outputs,_,0.7167041,0.6880757,0.18504079,-0.046219196,-1.3008289
attn_0_2_outputs,_,0.6038826,0.788253,-0.16410391,-0.030720934,-1.9120563
attn_0_2_outputs,_,0.16545413,-0.17025623,-0.12670651,-0.25871396,-0.32184365
attn_0_2_outputs,_,-0.35119134,-0.1311449,-0.5662667,-0.1805786,0.19418816
attn_0_2_outputs,_,-0.32471207,-0.5399159,0.45255062,-0.35787132,-0.38203356
attn_0_2_outputs,_,0.48417613,-0.39011383,0.7691917,0.24533167,1.0564749
attn_0_2_outputs,_,0.5817733,0.2062432,-0.22436313,-0.45671618,0.43044406
attn_0_2_outputs,_,-0.22933398,-0.4954582,-0.3263488,-0.17877461,-0.062325206
attn_0_2_outputs,_,-0.39692906,0.18512878,-0.36160484,-0.48695523,0.65315026
attn_0_2_outputs,_,-1.1718154,0.15218917,-0.059712723,-0.11809468,0.41691285
attn_0_2_outputs,_,0.22066434,0.16887869,-0.06185148,0.20533206,-0.25842658
attn_0_2_outputs,_,0.5743849,-0.1928166,0.04988307,-0.623588,-0.036941834
attn_0_3_outputs,0,-0.5587277,0.27702615,-0.21054839,-0.1704841,1.1243182
attn_0_3_outputs,1,0.13249831,-0.2107373,0.5218706,0.6782181,1.4196264
attn_0_3_outputs,2,-0.7785944,-0.7056191,0.28389886,0.4688916,0.43968457
attn_0_3_outputs,3,-1.5907223,-0.3623996,-0.06959069,0.9701316,0.887352
attn_0_3_outputs,4,-2.90652,-0.9070911,-0.59675467,1.0542903,1.4786717
attn_0_3_outputs,</s>,-0.55637026,-0.0096475575,-0.4048645,0.5720677,-0.13902478
attn_0_3_outputs,<pad>,-0.3566389,0.7798635,-0.7727794,-0.81602323,0.85538805
attn_0_3_outputs,<s>,-0.55005443,0.15477835,-4.9330683,1.6546513,1.1117814
attn_0_3_outputs,_,0.4544718,0.6862811,0.15798323,-0.7698062,-0.9897888
attn_0_3_outputs,_,1.1864159,1.3165541,-0.299172,0.073244415,-2.1294425
attn_0_3_outputs,_,0.2403574,0.066986926,-0.17461596,-0.6748945,0.25243965
attn_0_3_outputs,_,-0.63698494,-0.21095702,0.03552439,-0.33169973,0.3958296
attn_0_3_outputs,_,-0.8112797,0.16740398,0.028950043,-0.20216219,0.6413168
attn_0_3_outputs,_,-0.08566686,-0.46044075,-0.66063815,-0.32507965,-0.90447056
attn_0_3_outputs,_,0.36386517,-0.8115721,0.5298553,-0.5556704,0.0068891686
attn_0_3_outputs,_,-0.62389517,-0.6387756,0.27856958,0.08110604,-0.05522967
attn_0_3_outputs,_,0.035895325,-0.353633,-0.5971213,0.93118304,0.28492677
attn_0_3_outputs,_,0.053513564,0.5378776,-1.0235356,0.23741794,-0.09957582
attn_0_3_outputs,_,-0.08858617,0.010063785,0.656771,-0.28769487,-0.19851601
attn_0_3_outputs,_,0.116790004,-0.146379,-0.50281656,0.66267776,-0.4370764
attn_0_4_outputs,0,2.6151018,2.3202944,-0.016456213,-1.8025132,-3.4507377
attn_0_4_outputs,1,-6.2904572,-1.110125,-2.5084777,3.729341,5.4308057
attn_0_4_outputs,2,4.5895452,-3.0081596,3.7637575,-1.9447831,-0.49223277
attn_0_4_outputs,3,-5.924506,0.30777514,2.7116933,0.4886764,-2.8861592
attn_0_4_outputs,4,-1.4102911,-0.02703779,-1.1539848,1.1009855,1.9343528
attn_0_4_outputs,</s>,1.0731442,-0.45771876,-1.047968,0.7130696,0.15222257
attn_0_4_outputs,<pad>,1.4353992,-1.3061842,1.7985458,-0.48865065,-0.46256277
attn_0_4_outputs,<s>,-2.8364763,-2.4895885,-1.1281213,0.49869975,4.970396
attn_0_4_outputs,_,1.8636844,-0.13300592,0.83502024,-0.38374332,-1.268493
attn_0_4_outputs,_,0.6838689,1.5338881,0.62334675,-0.4128813,-1.6053622
attn_0_4_outputs,_,-0.16548385,0.45587692,0.2975801,0.47488135,0.35422775
attn_0_4_outputs,_,-0.6066216,-0.24848363,-0.29833612,0.2886854,-0.7128287
attn_0_4_outputs,_,-0.31381476,-0.2514444,0.0058934367,-0.1855041,-0.8370009
attn_0_4_outputs,_,-0.11399127,-0.32716432,-0.7339389,0.52640307,-0.3025362
attn_0_4_outputs,_,-0.17185217,-1.1618189,0.14508303,-0.43428168,-0.08714448
attn_0_4_outputs,_,0.0411273,-0.5717568,-0.22758463,0.47249338,-0.201395
attn_0_4_outputs,_,-0.16722654,0.29583728,-0.05875156,0.6542824,0.3062656
attn_0_4_outputs,_,0.07860537,0.30937016,0.61477524,-0.49681222,-0.18444307
attn_0_4_outputs,_,-0.18503353,0.2092737,-0.11820114,-0.123586886,-0.44777918
attn_0_4_outputs,_,0.2610097,0.19942026,-0.97158295,0.28920767,0.04201946
attn_0_5_outputs,0,0.9534719,-0.67561656,0.2661765,-0.048527792,-1.1705621
attn_0_5_outputs,1,-1.4139594,0.14963254,0.3377609,0.5468212,-0.5761077
attn_0_5_outputs,2,-1.5857314,-0.13897035,0.6530359,0.22278866,-0.48410615
attn_0_5_outputs,3,-0.895136,-0.6230206,-0.06925476,1.4812288,0.42771816
attn_0_5_outputs,4,-2.8036566,-1.3587655,-0.6799908,0.8627721,2.567961
attn_0_5_outputs,</s>,0.013988016,-0.5708354,-0.08787837,-0.23133598,1.6337794
attn_0_5_outputs,<pad>,-0.5592617,-0.31375495,0.38967362,-0.33384287,0.216696
attn_0_5_outputs,<s>,-0.5937151,0.03310028,-2.840785,-1.2655016,5.216857
attn_0_5_outputs,_,0.14133947,1.4082861,-0.62399524,0.35186264,-1.1409628
attn_0_5_outputs,_,0.6656969,0.5762338,1.0393544,-0.35266533,-1.4797367
attn_0_5_outputs,_,0.44492546,-0.52309114,0.7911637,0.59240526,0.70174944
attn_0_5_outputs,_,0.17021513,-0.51420254,0.42747498,-0.21065426,-0.67141724
attn_0_5_outputs,_,-0.37986436,-0.17320648,0.35009602,-0.13449647,-0.1695977
attn_0_5_outputs,_,-0.1285706,-0.027231775,0.381438,-0.18959334,-0.13607322
attn_0_5_outputs,_,-0.2463996,-0.85784876,0.5893347,0.5212245,0.065131605
attn_0_5_outputs,_,0.566876,-0.4593019,0.34417355,-0.34169883,0.6733492
attn_0_5_outputs,_,0.3777792,-0.80932456,0.14805938,0.266757,0.38302776
attn_0_5_outputs,_,-0.045703933,-0.5702814,-0.265792,0.12475432,0.1498882
attn_0_5_outputs,_,-0.15989123,-0.19177517,0.43492907,0.7001372,-0.49314713
attn_0_5_outputs,_,-0.16123953,0.11742982,0.11146404,0.17646524,-0.014414376
attn_0_6_outputs,0,4.896048,2.7541764,1.0483915,-1.9896731,-6.9033504
attn_0_6_outputs,1,1.5379392,2.3171809,0.91916394,-0.6817679,-4.484488
attn_0_6_outputs,2,-1.8589787,-0.0071578273,2.656844,0.1708034,-2.5318153
attn_0_6_outputs,3,-3.4579122,-1.6762247,-0.16837679,3.1184552,-1.9098054
attn_0_6_outputs,4,-5.5161777,-3.6375628,-1.6380614,2.0326664,4.781364
attn_0_6_outputs,</s>,-13.463148,-10.211717,-2.4021156,-0.53619087,16.3862
attn_0_6_outputs,<pad>,-0.4621605,-0.031853396,0.66995895,0.36736983,0.54954004
attn_0_6_outputs,<s>,-0.39797157,-0.610538,-0.40764228,-0.5054144,1.8946229
attn_0_6_outputs,_,0.77493167,0.9559603,0.99967754,-0.14004049,-1.3060503
attn_0_6_outputs,_,0.8612401,0.8354546,0.39124724,0.276111,-1.6610138
attn_0_6_outputs,_,-0.32390705,-0.18142694,0.27634025,-0.05905519,-0.114861235
attn_0_6_outputs,_,0.1839603,-0.63301486,-0.2745451,0.4762477,0.46974844
attn_0_6_outputs,_,0.20178398,-0.10949571,0.81262994,-0.3379123,0.024114937
attn_0_6_outputs,_,0.107962005,-0.18002474,-1.1071637,-0.22008497,-0.20345432
attn_0_6_outputs,_,-0.36537516,-0.50763375,0.030347565,0.5223252,-0.28977627
attn_0_6_outputs,_,-0.5347428,-0.5520912,-0.38864756,0.64495647,0.033377226
attn_0_6_outputs,_,0.2577518,0.39206192,-0.14524846,1.0282083,-0.12282816
attn_0_6_outputs,_,-0.4212391,0.6194851,-0.19446029,-0.03843872,-0.01854838
attn_0_6_outputs,_,0.14010735,0.5324781,-0.4221141,1.0027149,0.46075332
attn_0_6_outputs,_,-1.0248859,0.15489133,-0.31626612,0.6714129,-0.3886316
attn_0_7_outputs,0,0.83247,-1.1295,0.15899369,1.2136748,0.32361913
attn_0_7_outputs,1,-0.5396086,-0.7371548,0.009915592,0.28106692,0.8790446
attn_0_7_outputs,2,-1.1147032,-1.0043434,1.2118315,0.22748971,0.93613935
attn_0_7_outputs,3,-0.8325736,0.23427004,0.42968595,-0.08016446,1.3439851
attn_0_7_outputs,4,-2.8943603,0.3776315,-0.6264363,0.41571337,2.3849628
attn_0_7_outputs,</s>,-0.64180136,-0.007927246,-0.31841576,0.27101973,0.27940416
attn_0_7_outputs,<pad>,-0.25346303,0.19160573,0.30962855,0.38077518,0.33139527
attn_0_7_outputs,<s>,-2.914419,-0.9167036,-0.4590299,1.7515668,0.75262344
attn_0_7_outputs,_,-0.13297097,0.43391028,0.37487745,0.091334574,-0.594774
attn_0_7_outputs,_,0.25738654,1.3178691,0.023047041,-0.6745384,-1.3533745
attn_0_7_outputs,_,-0.3091006,-0.3867859,-0.39737245,-0.21024853,0.08714334
attn_0_7_outputs,_,-0.36497217,-1.0236386,0.581604,0.14617671,0.085949555
attn_0_7_outputs,_,-0.3546481,-0.015834847,-0.68713,-0.0990739,-0.8034812
attn_0_7_outputs,_,-0.84893054,-0.24847563,0.47491217,-0.23756015,0.15689117
attn_0_7_outputs,_,0.0639733,-0.33003372,0.35709736,-0.38880485,0.45703354
attn_0_7_outputs,_,0.58252746,-0.027763229,-0.6336004,-0.116156854,0.005432692
attn_0_7_outputs,_,0.01673575,-0.19555998,0.44603115,-0.08429515,-0.07868622
attn_0_7_outputs,_,-0.106966436,-0.10394606,-0.19471832,-0.27073056,-0.15823767
attn_0_7_outputs,_,0.3002905,0.039563637,-0.39488778,-0.7506059,-0.21268918
attn_0_7_outputs,_,0.3077792,0.39288157,0.3485646,0.19128971,-0.423853
attn_1_0_outputs,0,1.0511556,0.38805655,-0.14334507,0.58675414,-0.7937458
attn_1_0_outputs,1,-2.4999197,0.89371264,-0.05567766,1.4546301,0.7379788
attn_1_0_outputs,2,-1.8866935,-0.29618174,0.8668801,1.1654941,-0.11591046
attn_1_0_outputs,3,-3.310729,-1.2326956,-0.3368669,2.8173141,0.6295742
attn_1_0_outputs,4,-6.2071967,-1.7445991,-0.7361263,1.3387517,2.3113663
attn_1_0_outputs,</s>,1.6236655,-2.3138537,1.6588122,-3.9893646,3.2389643
attn_1_0_outputs,<pad>,0.12646334,-0.00023715325,-0.065292224,0.37346995,0.26451743
attn_1_0_outputs,<s>,6.707483,-1.0602783,0.70091665,-3.956222,2.6418602
attn_1_0_outputs,_,0.32325298,0.068837024,0.673073,0.21509522,-0.7013187
attn_1_0_outputs,_,-0.1479784,0.6744554,0.35236347,0.73860866,0.27907568
attn_1_0_outputs,_,-0.56077385,0.22100559,-0.03524481,-0.24436298,0.16169962
attn_1_0_outputs,_,-0.43576282,0.16073439,-0.07376405,-0.54143625,-0.12659885
attn_1_0_outputs,_,-0.046354935,-1.0633796,0.37519744,0.6454143,-0.2678032
attn_1_0_outputs,_,-0.23393938,-0.27880624,-0.30141222,-0.008060278,-0.7358536
attn_1_0_outputs,_,0.09896034,0.5703126,-1.0298883,0.29907775,0.4567789
attn_1_0_outputs,_,0.32376796,0.00786212,0.3632563,-0.2902539,-0.64268094
attn_1_0_outputs,_,-0.7287508,0.22167219,0.044459593,0.303079,-0.4372413
attn_1_0_outputs,_,0.1538743,0.5085991,-0.06805116,0.23505254,0.3423943
attn_1_0_outputs,_,-0.5881019,0.17023076,0.7128331,0.16729288,-0.41807672
attn_1_0_outputs,_,0.13875103,0.36502847,-0.3726961,0.33588994,0.30345225
attn_1_1_outputs,0,0.9087226,-0.2250363,-0.2978342,-0.50699496,-0.45401108
attn_1_1_outputs,1,-1.2473669,0.7212957,-0.30232304,-0.26275125,-0.10579143
attn_1_1_outputs,2,0.22415854,-0.2879853,0.78682625,0.3443451,0.8625324
attn_1_1_outputs,3,-2.9349709,-1.5031923,-0.7499801,0.9341666,0.9054856
attn_1_1_outputs,4,-2.5373623,-0.91958463,-0.19075401,1.1126268,2.2549267
attn_1_1_outputs,</s>,-2.757656,-2.9244006,0.15006667,1.1016502,1.5682182
attn_1_1_outputs,<pad>,-0.67926437,-0.6059858,0.12553206,-0.4940729,0.3305406
attn_1_1_outputs,<s>,-0.41342035,-2.02281,0.07261495,0.691713,1.4267209
attn_1_1_outputs,_,-0.037432194,0.9969608,-0.07623315,-0.49520227,-1.2166685
attn_1_1_outputs,_,0.28980923,0.55926895,0.4182728,0.16119918,-0.25814858
attn_1_1_outputs,_,0.21776535,-1.8145797,1.0115522,-0.32023466,1.3044472
attn_1_1_outputs,_,0.85872316,-0.41063502,0.41749328,-0.46556768,-0.19719744
attn_1_1_outputs,_,-0.47073114,-0.18703191,-0.49329066,0.2281263,1.5951276
attn_1_1_outputs,_,-0.124541886,-0.52154785,0.02924471,-0.5589469,-0.14173554
attn_1_1_outputs,_,-0.07869915,0.18872073,-0.34612876,1.1066533,-0.74055815
attn_1_1_outputs,_,0.27864578,-0.13245094,0.5343585,-0.1437812,0.43367627
attn_1_1_outputs,_,-0.5803447,-0.47972077,-0.0023871853,0.79259413,0.93301713
attn_1_1_outputs,_,0.26620734,-0.057840053,0.42392242,-0.60818756,-0.23039764
attn_1_1_outputs,_,0.36257353,-0.6813005,0.46316817,0.09054487,0.45459536
attn_1_1_outputs,_,-1.0859331,0.08705894,-1.0927047,0.27635336,0.50682
attn_1_2_outputs,0,1.3610448,2.1124704,0.169513,-0.75286424,-3.2701833
attn_1_2_outputs,1,-0.20220612,0.89707166,0.11896231,-0.041296996,-0.4994344
attn_1_2_outputs,2,-2.2985303,-0.6274635,0.9713873,0.9620675,-0.37350437
attn_1_2_outputs,3,-3.0611827,-1.6966287,-0.8452974,2.7221007,0.96940106
attn_1_2_outputs,4,-4.080351,-3.3275886,-1.8780353,2.0206032,4.8267775
attn_1_2_outputs,</s>,-0.48542342,-2.3210125,0.5717102,-0.84753096,2.7121272
attn_1_2_outputs,<pad>,-0.10483869,-0.68612105,0.023596378,0.10435585,0.40802568
attn_1_2_outputs,<s>,-1.5148345,-0.87300545,2.9993541,-1.4574656,2.0017197
attn_1_2_outputs,_,-0.0852,1.019758,0.22056182,-0.6082519,-1.8226258
attn_1_2_outputs,_,0.36307648,0.050013218,0.087065935,0.14338915,-0.9345536
attn_1_2_outputs,_,-0.48625496,0.13159527,-0.23448199,-0.32921878,0.5179071
attn_1_2_outputs,_,0.3708487,0.40789527,0.35435224,-0.49260554,-0.5456697
attn_1_2_outputs,_,-0.12799239,0.1467067,-0.20028009,0.2535444,0.16059442
attn_1_2_outputs,_,-0.03372519,0.66424316,-0.2965217,1.0260739,-0.24332964
attn_1_2_outputs,_,0.4950316,-0.4715432,0.3905077,-0.53694695,0.8400187
attn_1_2_outputs,_,0.60196763,0.66620106,-0.17375244,0.46585855,0.34839356
attn_1_2_outputs,_,-0.08264603,-0.08185028,0.107486784,-0.0015996684,0.2621855
attn_1_2_outputs,_,0.5345027,-0.022214921,0.8330019,-0.5136223,0.10302842
attn_1_2_outputs,_,-0.3611454,0.014305495,-0.20169173,0.3776189,-0.1806317
attn_1_2_outputs,_,-0.32961005,-0.60826844,-0.122550935,0.14316449,0.028238941
attn_1_3_outputs,0,4.7381964,1.4500593,-0.016727779,-1.8788495,-5.087045
attn_1_3_outputs,1,-3.5573885,0.95427144,0.21163717,0.53483045,1.1981542
attn_1_3_outputs,2,-1.6600627,-1.7677181,1.3375684,0.6020572,0.36033627
attn_1_3_outputs,3,-4.0612826,-2.4770992,-0.5708642,2.2382064,0.7461622
attn_1_3_outputs,4,-8.013738,-5.5256424,-2.1232772,2.246118,7.0066934
attn_1_3_outputs,</s>,-2.7307796,-2.0127633,1.6440157,0.3198113,1.3739746
attn_1_3_outputs,<pad>,-0.41132542,-0.65125847,-0.5721951,-0.36397666,-0.28675437
attn_1_3_outputs,<s>,3.7541206,2.80474,3.3981254,-2.4374301,-2.7288027
attn_1_3_outputs,_,-0.25903934,0.7637151,0.36447185,-0.24453796,-0.5885879
attn_1_3_outputs,_,0.67375034,0.14433299,0.054420926,-0.6391088,-0.72939825
attn_1_3_outputs,_,-0.28296062,-0.51477826,0.09534909,-0.41022298,0.617622
attn_1_3_outputs,_,0.26882032,-0.054381598,0.15062936,-0.21402162,-0.43726462
attn_1_3_outputs,_,-0.06660045,-0.49598667,-0.4385119,0.10465071,0.21076727
attn_1_3_outputs,_,-0.58678883,-0.3672281,-0.23249719,-0.43284136,0.7416705
attn_1_3_outputs,_,0.55708367,0.3799131,-0.37307775,0.79533863,-0.31932747
attn_1_3_outputs,_,0.038261402,0.49700838,-0.577111,-0.3351353,0.7782387
attn_1_3_outputs,_,0.18940532,-1.2143568,0.3595493,1.2396158,0.12545882
attn_1_3_outputs,_,0.12635751,0.060504474,0.3446395,-0.4562073,0.07772255
attn_1_3_outputs,_,0.6449368,0.16096282,0.61399114,-0.82183903,0.07035998
attn_1_3_outputs,_,-0.060484003,-0.472406,-0.5540515,0.6010616,0.025130162
attn_1_4_outputs,0,-0.6900643,-1.9359742,-2.0110703,0.77478474,2.2816195
attn_1_4_outputs,1,-4.395482,1.6285853,1.1893095,0.19072682,-2.6100311
attn_1_4_outputs,2,-0.05596241,2.561632,2.0458467,-5.060131,-4.572424
attn_1_4_outputs,3,-2.9093404,-11.8602,0.42189318,5.413798,0.26768762
attn_1_4_outputs,4,-5.204474,-0.3175895,-0.48270473,0.3019083,3.5103009
attn_1_4_outputs,</s>,-0.076690264,-0.41049668,-0.604402,-0.7108983,0.68156886
attn_1_4_outputs,<pad>,0.028715087,0.053432133,0.28449848,0.25440568,0.45482355
attn_1_4_outputs,<s>,1.0644627,-0.86674327,-0.43536013,0.10562168,0.10081074
attn_1_4_outputs,_,0.39344835,-0.002404664,-0.22600861,-0.59230256,-0.78722984
attn_1_4_outputs,_,0.6297142,-0.36284414,-0.35070455,0.14339685,-0.7755827
attn_1_4_outputs,_,-0.88966626,0.3034766,0.5664836,0.6186229,0.24507229
attn_1_4_outputs,_,0.48353955,0.31325096,-0.029699115,0.8192267,-0.29618362
attn_1_4_outputs,_,-0.426841,-0.5910333,0.14235495,0.08233944,0.3503581
attn_1_4_outputs,_,-0.29106873,-0.11982701,0.22730902,0.5479726,-0.0858187
attn_1_4_outputs,_,-0.025905302,0.008166374,-0.20108391,-0.21734627,0.39993498
attn_1_4_outputs,_,0.40535852,0.035368167,-0.26602224,-0.38367602,-0.37280437
attn_1_4_outputs,_,-0.37713048,-0.9893766,0.10317445,0.08528953,-0.024796536
attn_1_4_outputs,_,0.25944453,-0.27304503,-0.2605507,0.15828249,-0.08623122
attn_1_4_outputs,_,-0.19492216,-0.21706831,-0.06042294,-0.21874683,-0.6549777
attn_1_4_outputs,_,-0.019737609,0.19704852,0.22027482,-0.17424963,-0.26941228
attn_1_5_outputs,0,4.6450567,2.5065258,-0.8918755,-2.2972145,-3.0550435
attn_1_5_outputs,1,-4.7552743,0.8803976,0.23276864,0.535157,1.3267087
attn_1_5_outputs,2,-1.4702495,-1.5443631,1.4279277,0.82614166,0.9541179
attn_1_5_outputs,3,-5.158392,-2.2940269,0.015407943,2.6318254,-0.24913813
attn_1_5_outputs,4,-4.480494,-3.878891,-1.1464988,0.8385098,4.8919907
attn_1_5_outputs,</s>,-0.30284077,-0.6855291,0.3313951,0.4728945,1.7439356
attn_1_5_outputs,<pad>,0.1742484,-0.59000367,0.1994625,0.570765,0.3407253
attn_1_5_outputs,<s>,-1.0174643,-1.0933424,0.28613177,0.73448414,0.49875847
attn_1_5_outputs,_,0.39368236,0.5400513,0.53402525,-0.58552074,0.47076362
attn_1_5_outputs,_,0.24116115,0.9968807,0.54785186,0.11209313,-0.9577097
attn_1_5_outputs,_,0.26625487,-0.16469002,0.54227436,0.09863684,0.1519476
attn_1_5_outputs,_,-0.20999768,-0.20241924,-0.03291301,-0.26888144,-0.19189917
attn_1_5_outputs,_,-0.10146266,-0.27538794,-1.0132922,-0.18368715,-0.5471588
attn_1_5_outputs,_,0.017944839,-0.12505595,0.5559362,-0.45944127,-0.5660653
attn_1_5_outputs,_,0.16424744,-0.5268902,-0.32015032,-0.18358265,0.046758685
attn_1_5_outputs,_,-0.084235564,-0.20389621,-0.14111282,-0.13177934,-0.13798621
attn_1_5_outputs,_,-0.11300754,0.019482533,0.010647279,-0.30952767,0.12882476
attn_1_5_outputs,_,-0.3349598,-0.48675847,-0.061089035,0.22930609,-0.09413609
attn_1_5_outputs,_,-0.6888937,-0.13961123,-0.18799186,-0.16189551,0.5321298
attn_1_5_outputs,_,0.29294217,0.7529484,0.69216585,0.0964922,0.39534214
attn_1_6_outputs,0,0.511011,0.3766719,0.026944853,-0.48736176,0.32300738
attn_1_6_outputs,1,1.1640067,1.3355604,-0.8173642,-1.464769,-0.21814346
attn_1_6_outputs,2,0.5731218,-2.5051823,0.35853535,0.5378275,1.9983817
attn_1_6_outputs,3,-2.7275631,-1.4165903,0.98816836,1.6389871,-0.2401213
attn_1_6_outputs,4,-0.6331904,-0.21901745,0.38037807,0.36548665,1.664767
attn_1_6_outputs,</s>,-0.14935482,-0.43063968,1.1160073,-0.61045665,1.160979
attn_1_6_outputs,<pad>,-0.62294596,-0.5273568,-0.32106298,0.4883379,0.17606445
attn_1_6_outputs,<s>,-0.57664704,-2.0701482,0.4502507,1.1775668,1.6127338
attn_1_6_outputs,_,0.4003906,0.89173675,-0.09859313,-0.017620724,-0.33446947
attn_1_6_outputs,_,0.15892647,0.009862821,-0.05314857,0.36443463,-0.5509037
attn_1_6_outputs,_,0.20881864,-0.30471784,-0.28777555,-0.37120005,0.6892413
attn_1_6_outputs,_,-0.041819766,0.32594305,-0.10533477,-0.027444964,0.18205322
attn_1_6_outputs,_,-0.018133402,-0.4474255,-0.009886445,0.07499551,0.21766375
attn_1_6_outputs,_,-0.27322727,-0.3943656,-0.104975134,-0.046071917,0.18431665
attn_1_6_outputs,_,-0.029998643,0.49749517,-0.6158711,-0.15285085,0.42919812
attn_1_6_outputs,_,-0.3616967,0.41983005,0.1914695,-0.050009523,-0.44593093
attn_1_6_outputs,_,-0.63385093,-0.51442736,-0.038531683,0.6569744,0.79430026
attn_1_6_outputs,_,0.025677554,0.33032188,0.2084852,-0.033845503,0.025694242
attn_1_6_outputs,_,0.24751897,-0.82566214,-0.40906402,-0.29055262,0.033151772
attn_1_6_outputs,_,0.4470378,-0.5003547,-0.21482776,0.38453045,0.98776734
attn_1_7_outputs,0,0.035814278,-0.0076162126,0.1374041,0.510576,0.5206573
attn_1_7_outputs,1,0.39804953,1.0290376,-0.028362688,-0.5739338,-0.6794718
attn_1_7_outputs,2,-1.0842472,-0.74735177,0.8647044,0.9917685,0.83019525
attn_1_7_outputs,3,-2.2710218,-1.5005548,-0.11261987,1.3889872,1.3823261
attn_1_7_outputs,4,-2.107179,-2.0059166,-0.27906266,1.640735,2.4329362
attn_1_7_outputs,</s>,-0.33563772,-0.2929924,-0.42808774,0.523391,-1.0720999
attn_1_7_outputs,<pad>,-0.93085784,-0.10008919,-0.28497875,0.3183612,0.0018491963
attn_1_7_outputs,<s>,-0.5145837,-1.0243042,-0.439154,0.6806114,0.21415497
attn_1_7_outputs,_,0.9655495,0.6865894,0.39361277,-0.47515392,-0.38338074
attn_1_7_outputs,_,0.22439846,0.31118748,0.30428013,-0.593334,-0.031600747
attn_1_7_outputs,_,-0.9737031,0.07553738,-0.30989757,0.12876251,0.32115182
attn_1_7_outputs,_,-0.38812524,-0.3440965,0.5537258,0.19491573,-0.29752776
attn_1_7_outputs,_,0.07967749,-0.47619948,-0.09849692,0.044600233,1.2219049
attn_1_7_outputs,_,0.43307683,0.5594546,-0.4340686,0.045635093,0.59969443
attn_1_7_outputs,_,0.21122468,-0.7324457,0.26031247,-0.446771,-0.6126642
attn_1_7_outputs,_,-0.71515083,0.35092944,-0.44655108,-0.27715158,0.033256426
attn_1_7_outputs,_,-0.4344245,0.12769847,0.27251244,-0.73287195,0.43353784
attn_1_7_outputs,_,-0.17881335,-0.37795526,0.17413205,0.48938584,1.0347877
attn_1_7_outputs,_,-0.90547866,0.12300525,0.633674,0.3421793,-0.34687474
attn_1_7_outputs,_,-0.014093338,0.5022489,0.507597,-0.32704654,0.20992225
attn_2_0_outputs,0,0.895566,0.6958196,-0.40386084,-0.4009928,-0.22554663
attn_2_0_outputs,1,0.7424109,0.01107437,0.41322088,-0.65189797,1.110922
attn_2_0_outputs,2,-1.6175705,2.9852028,6.4687114,-15.768036,0.53492117
attn_2_0_outputs,3,-4.4366636,-4.32659,-2.9366138,5.903284,0.04345888
attn_2_0_outputs,4,-2.4894807,-0.8103845,-1.3125225,1.9311014,1.9500176
attn_2_0_outputs,</s>,-1.2481089,-0.8021405,-1.6763177,2.7858713,-0.33405688
attn_2_0_outputs,<pad>,0.15278961,-0.33130884,0.3131958,-0.408022,0.8736657
attn_2_0_outputs,<s>,1.3153427,0.5473507,1.2519002,-10.0017185,5.1611032
attn_2_0_outputs,_,0.19782437,0.3171234,-0.100326,0.8006549,-0.10616763
attn_2_0_outputs,_,0.074600175,0.066941306,0.7731971,-0.03466774,-0.23802117
attn_2_0_outputs,_,-0.43150893,-0.4322375,0.33841074,0.5923162,-0.05147453
attn_2_0_outputs,_,0.025351254,-0.15142153,-0.555188,0.23776896,-0.34372434
attn_2_0_outputs,_,-0.35252836,-0.16227886,-0.6033331,1.1751637,0.19076543
attn_2_0_outputs,_,-0.74288774,0.55835253,0.86184156,-0.64333856,1.272027
attn_2_0_outputs,_,-0.32892042,-0.4886799,0.2914567,0.2920457,0.022787167
attn_2_0_outputs,_,0.21252671,-0.7906369,0.37802383,0.17853884,-0.41518614
attn_2_0_outputs,_,-0.39462093,-0.46906522,0.45913222,0.2930948,0.053860523
attn_2_0_outputs,_,-0.4289296,-0.078136,-0.52858365,0.4622095,0.24259228
attn_2_0_outputs,_,0.13911034,-0.05777295,0.39608404,0.3358565,-0.6734062
attn_2_0_outputs,_,0.14673786,-0.31516576,0.16891527,0.104247235,-0.14403245
attn_2_1_outputs,0,1.8510574,0.3616438,-0.45261654,-0.46606,-0.9793646
attn_2_1_outputs,1,-2.7559066,0.18859293,0.29702616,0.16465494,0.9153812
attn_2_1_outputs,2,-3.1555212,-2.1062706,1.2409625,1.3459201,1.4693629
attn_2_1_outputs,3,-3.1915522,-2.6854448,0.19369924,1.5694726,0.86377233
attn_2_1_outputs,4,-8.852447,-3.9236445,-0.462933,1.9420612,4.710209
attn_2_1_outputs,</s>,3.3834763,1.1957153,-2.1908615,-0.39235714,-1.0791438
attn_2_1_outputs,<pad>,-0.26928958,0.21556279,-0.05280627,0.23917493,0.5752541
attn_2_1_outputs,<s>,1.2732964,2.6671715,-1.4758186,-0.76154274,-1.740697
attn_2_1_outputs,_,0.28022766,1.0089452,0.852331,0.021134613,-0.7280484
attn_2_1_outputs,_,-0.24129379,0.23298584,0.39447933,-0.16126448,0.39281514
attn_2_1_outputs,_,-0.30481866,-0.27543727,-0.19327506,0.367145,-0.2181177
attn_2_1_outputs,_,-0.07761098,-0.1742386,0.419476,-0.27082264,0.16074692
attn_2_1_outputs,_,-0.32881865,0.19908693,-0.5496778,0.361449,0.84948206
attn_2_1_outputs,_,-0.52116513,0.70542705,-0.16521606,-0.7584244,0.10366484
attn_2_1_outputs,_,-0.44896117,-0.35504857,-0.08525982,0.1956727,-0.24480857
attn_2_1_outputs,_,0.4689599,-0.6321924,-0.47768277,0.32990596,-0.22125477
attn_2_1_outputs,_,-0.7948953,-0.16531298,-0.109968245,0.73528045,0.3212418
attn_2_1_outputs,_,-0.19334088,-0.06329836,-0.4314718,0.2092965,0.233391
attn_2_1_outputs,_,-0.56194836,0.06610248,0.7275716,-0.18890187,0.15253815
attn_2_1_outputs,_,0.18984126,-0.10152255,-0.24275507,0.58146846,0.25570834
attn_2_2_outputs,0,1.0332785,-0.4985522,0.6680344,-0.35057026,-1.0428666
attn_2_2_outputs,1,1.8507832,3.250881,0.0759257,-2.3455503,-3.3935688
attn_2_2_outputs,2,-2.8910515,-1.7934783,1.5716149,0.61580086,0.67723465
attn_2_2_outputs,3,-2.5149276,-3.278266,-0.35151395,2.6517978,1.6726365
attn_2_2_outputs,4,-5.6734514,-4.8467727,-1.7107363,1.9342955,5.8299117
attn_2_2_outputs,</s>,-1.2736934,-0.89425206,0.9622706,0.21111609,-0.23973614
attn_2_2_outputs,<pad>,0.5237717,-0.5487748,-0.55073005,0.015778244,-0.17280363
attn_2_2_outputs,<s>,-3.3154175,2.8785954,0.61935353,0.37681648,-1.2022706
attn_2_2_outputs,_,0.7003225,0.65851355,-0.36976704,-0.57161903,-0.97762775
attn_2_2_outputs,_,-0.7046332,-0.23471537,-0.3653657,0.64899087,-0.4614824
attn_2_2_outputs,_,-0.5214228,-0.9734125,-0.683558,-0.087811224,-0.29454872
attn_2_2_outputs,_,-0.20526177,0.049416225,0.5653959,0.5928225,-0.2786141
attn_2_2_outputs,_,0.5134164,-0.42601714,-0.061955526,0.284335,0.6266043
attn_2_2_outputs,_,-0.28331524,0.047987368,-0.43804953,0.3512066,0.25390887
attn_2_2_outputs,_,-0.19831978,0.0055320067,-0.6142264,0.19101207,-0.2832256
attn_2_2_outputs,_,0.30297324,-0.34702814,-0.5226878,0.7632343,0.30100155
attn_2_2_outputs,_,-0.60961366,0.043178163,-0.08690184,-0.15421057,0.49850926
attn_2_2_outputs,_,0.30755365,0.26878354,-0.28117844,-0.35354343,-0.24906512
attn_2_2_outputs,_,-0.34260798,0.06278986,-0.20774595,-0.39358512,0.11792506
attn_2_2_outputs,_,-0.5682021,-0.6672984,0.44670168,0.17046988,0.3795586
attn_2_3_outputs,0,-0.079476096,0.4095386,0.28520703,0.17512095,-1.6292491
attn_2_3_outputs,1,-0.1059998,-0.030726438,-0.107860945,-0.19133317,1.5653012
attn_2_3_outputs,2,-2.1915715,-0.6754984,0.98218375,1.0383425,1.5113953
attn_2_3_outputs,3,-1.7691263,-1.5413272,-0.77392703,1.2955517,0.40970013
attn_2_3_outputs,4,-4.0451593,-2.1864007,-0.98278624,0.75712365,3.5552034
attn_2_3_outputs,</s>,-1.099924,-0.65423936,0.08326432,0.4071963,0.7529215
attn_2_3_outputs,<pad>,-0.32881036,-0.1874944,0.08814186,-0.526101,-0.25304294
attn_2_3_outputs,<s>,-2.0255675,1.337953,-0.91940236,-0.24597716,1.2078195
attn_2_3_outputs,_,0.2911761,0.037722718,0.16249166,-0.87236804,-0.052153185
attn_2_3_outputs,_,-0.4101271,0.049931854,-0.24585484,0.19717771,-0.22402786
attn_2_3_outputs,_,0.1632043,-0.1721689,-0.120422706,-0.28551328,-0.6719231
attn_2_3_outputs,_,0.96332973,-0.49430206,0.4271651,-0.43487817,0.44264868
attn_2_3_outputs,_,-0.59159553,0.0529959,-0.5655465,0.16443335,0.12900212
attn_2_3_outputs,_,-0.38732988,0.2960846,-0.13811389,0.4584907,0.38243046
attn_2_3_outputs,_,0.19200543,0.09146975,-0.2782092,-0.114685595,-0.43904665
attn_2_3_outputs,_,-0.50857353,-0.38858318,0.8476854,-0.44987836,-0.26493087
attn_2_3_outputs,_,0.38862935,-0.13652228,-0.5994703,0.03723376,0.40255225
attn_2_3_outputs,_,-0.5888796,-0.14045802,-0.2463545,-0.34538317,0.12145772
attn_2_3_outputs,_,0.291523,-0.7492861,0.89424425,0.34922773,-0.14150484
attn_2_3_outputs,_,-0.29504225,-0.5682287,0.10238615,0.18405364,0.13676947
attn_2_4_outputs,0,-0.08401484,0.015114703,0.023344262,-0.034681957,0.58057696
attn_2_4_outputs,1,-4.1362286,1.6508044,-0.35958627,0.57683027,0.19784836
attn_2_4_outputs,2,0.0433892,-2.1403108,2.0043015,-0.5815318,0.28304493
attn_2_4_outputs,3,-0.9669153,-0.13890871,0.7234607,0.17633332,1.6949627
attn_2_4_outputs,4,-2.19928,-1.1719238,0.42790467,0.8385417,1.6721368
attn_2_4_outputs,</s>,-0.9674529,-0.13485052,-0.10811393,0.32997543,0.0372127
attn_2_4_outputs,<pad>,-0.21285369,0.63907695,0.06054214,0.3390035,1.181567
attn_2_4_outputs,<s>,0.24523734,-1.6031307,-4.3235383,1.6816063,2.4973938
attn_2_4_outputs,_,-0.09093109,0.8141197,0.26913738,-0.47298947,-1.186467
attn_2_4_outputs,_,0.1057337,0.36139244,0.20160493,-0.37733316,-0.16949727
attn_2_4_outputs,_,-0.35600606,-0.17834918,-0.12473512,-0.0071300203,-0.1957065
attn_2_4_outputs,_,0.60628325,0.1455418,-0.106509,0.2641548,-0.5570101
attn_2_4_outputs,_,-0.46880037,0.31521657,-1.3041385,-0.16470607,-0.053775255
attn_2_4_outputs,_,-0.28234825,0.16102265,-1.0053698,0.122498974,-0.05764304
attn_2_4_outputs,_,-0.57845336,0.14525121,0.2723979,-0.105450615,-0.15590365
attn_2_4_outputs,_,-0.24920149,0.04698436,-0.8954112,-0.4786436,0.095434204
attn_2_4_outputs,_,-0.1012627,0.44109428,0.0956292,0.08428991,0.6621998
attn_2_4_outputs,_,0.09533819,0.38961416,-0.06003556,-0.31925595,0.5063967
attn_2_4_outputs,_,0.011747811,-0.37680376,-0.0062041203,1.0677817,-0.5288128
attn_2_4_outputs,_,0.120693624,0.8024743,-0.5714027,0.11452538,0.7089894
attn_2_5_outputs,0,1.0417281,0.20327394,-0.2555866,-0.105494075,-0.045550972
attn_2_5_outputs,1,-1.6545084,0.34357387,0.68702143,0.18654564,0.23289756
attn_2_5_outputs,2,1.2963328,-0.5599025,0.5568893,-0.16060019,0.48219192
attn_2_5_outputs,3,-1.0321618,-1.9591898,0.024227884,1.9648684,0.40258664
attn_2_5_outputs,4,-4.160261,-3.097004,-1.0223551,0.67114735,3.9251373
attn_2_5_outputs,</s>,-2.6423833,0.063088015,0.31023106,1.3885634,-1.4694211
attn_2_5_outputs,<pad>,-0.3984531,0.30086294,0.44259694,-0.4050232,-0.12855323
attn_2_5_outputs,<s>,-0.94184345,-1.0466033,-0.107714936,0.41349775,1.0144821
attn_2_5_outputs,_,0.31620932,0.80334175,0.06561643,-0.28985962,-0.70306134
attn_2_5_outputs,_,0.2573609,0.7239187,-0.40269262,-0.8295673,0.26185408
attn_2_5_outputs,_,-1.1828827,-0.11007541,0.10307773,0.34445673,0.4676621
attn_2_5_outputs,_,-0.010561506,0.8673171,0.12152383,-0.41942766,-0.92065346
attn_2_5_outputs,_,-0.14937238,0.11812314,0.18319947,0.17103072,-0.10703584
attn_2_5_outputs,_,-0.2497171,-0.9036232,-0.2726539,-0.46540704,-0.23277806
attn_2_5_outputs,_,0.051023968,-0.036863465,0.29986235,-0.77799535,0.3772353
attn_2_5_outputs,_,-0.42611182,-0.11183607,0.93313944,-0.16171476,0.28118497
attn_2_5_outputs,_,-0.57931435,-0.73298,-0.14897855,-0.06842467,0.8775651
attn_2_5_outputs,_,-0.22490624,-0.17229384,-0.8255394,0.20437895,-0.34565923
attn_2_5_outputs,_,-0.27386096,0.5280049,-0.53813803,0.7960558,-0.3150646
attn_2_5_outputs,_,0.12629187,0.42755717,-0.37496048,0.5985731,0.5240713
attn_2_6_outputs,0,-1.1684216,-0.36076766,-0.066878036,0.2042633,0.8215995
attn_2_6_outputs,1,-0.49455622,-0.0021627713,0.1218864,0.34153196,0.44335145
attn_2_6_outputs,2,-1.0719156,-0.28014803,-0.024221228,0.6557202,1.0182242
attn_2_6_outputs,3,-1.030066,-0.68178844,-0.36975795,0.5487833,0.5064804
attn_2_6_outputs,4,-2.1452672,-0.79697174,-0.01643807,0.8981109,1.5320158
attn_2_6_outputs,</s>,-1.9430233,-0.6369894,-1.0943646,0.48548046,-0.10698229
attn_2_6_outputs,<pad>,0.7494276,-0.5580396,0.22785047,-0.52460694,0.5268876
attn_2_6_outputs,<s>,-1.7443649,-0.9833713,-0.61038184,0.5035763,0.8007834
attn_2_6_outputs,_,0.11589286,1.2839292,0.4864286,0.5733507,-0.94722444
attn_2_6_outputs,_,-0.24943136,0.87994766,0.8620755,0.15855327,-0.5244658
attn_2_6_outputs,_,-0.42795908,-0.31477016,0.2304079,-0.24913211,1.041649
attn_2_6_outputs,_,0.0323002,-0.08247848,0.16686073,-0.38529485,-0.055108096
attn_2_6_outputs,_,-0.2003584,-0.14075343,-0.07411356,0.64348865,0.63061357
attn_2_6_outputs,_,-0.39572123,-0.7239102,-0.66456425,0.19449116,-9.747612e-06
attn_2_6_outputs,_,0.65427125,0.12447653,0.44242728,-0.62906784,0.3125366
attn_2_6_outputs,_,-0.28029177,0.3381558,0.102102324,0.35273018,-0.27006269
attn_2_6_outputs,_,0.0785778,0.9823818,-0.050591875,0.1683052,0.13003966
attn_2_6_outputs,_,0.5542117,0.020903999,0.12889038,0.41122776,0.64704937
attn_2_6_outputs,_,-0.5258199,-0.21863493,-0.17709437,-0.19064264,0.25211453
attn_2_6_outputs,_,-0.3289932,0.8286648,0.5145166,-0.33949235,-0.16314447
attn_2_7_outputs,0,2.614979,2.5165892,1.5234461,-3.0715694,-8.78329
attn_2_7_outputs,1,-3.2110066,0.55666673,-0.41711006,1.5813005,1.8327303
attn_2_7_outputs,2,-0.3975297,0.44549116,-0.028406357,0.8430861,0.5038074
attn_2_7_outputs,3,-2.157557,-2.3087082,-0.6215391,1.127337,1.507177
attn_2_7_outputs,4,-10.505825,-5.029386,0.3279916,1.3098605,3.321367
attn_2_7_outputs,</s>,-0.60627633,-0.12311036,-0.41755185,0.31958896,1.1158948
attn_2_7_outputs,<pad>,-0.11603579,0.26517797,0.5126591,0.1366462,0.13019924
attn_2_7_outputs,<s>,1.6666875,-2.1131382,-0.8483942,1.6266732,1.7720205
attn_2_7_outputs,_,0.36927086,0.79632753,0.63077515,-0.7884319,0.003901682
attn_2_7_outputs,_,0.41187096,0.46821368,-0.103178434,-0.44233668,0.40078226
attn_2_7_outputs,_,-1.2900335,-0.43168968,-0.19101177,-0.5269572,0.1430218
attn_2_7_outputs,_,1.012141,-0.41121516,0.027401734,0.05942797,0.38291967
attn_2_7_outputs,_,-0.42188784,-0.72885734,-0.45745528,0.6202343,0.5487411
attn_2_7_outputs,_,-0.07642585,-0.9983795,0.28135672,0.8399603,-0.76982385
attn_2_7_outputs,_,-0.39438665,-0.06741071,0.57543707,0.9529647,0.6111059
attn_2_7_outputs,_,-0.11555079,-0.53718793,-0.4300283,0.36570618,0.43967256
attn_2_7_outputs,_,0.08311022,-0.26153937,-0.03949296,0.488527,0.056121524
attn_2_7_outputs,_,-0.27836975,-0.44447553,-0.21885031,0.03466433,-0.30096716
attn_2_7_outputs,_,-0.21759328,0.17780192,0.16909158,0.89016455,-0.18527398
attn_2_7_outputs,_,-0.6072546,-0.22626987,-0.31232545,-0.56299466,-0.06683776
mlp_0_0_outputs,0,-0.67000014,-0.15557258,-0.41439345,-0.55131376,-0.19687654
mlp_0_0_outputs,1,-0.29986665,0.39632908,-0.036779623,0.72537786,-0.44630754
mlp_0_0_outputs,10,-5.531,-3.1416626,-0.6762657,1.2574655,2.2206678
mlp_0_0_outputs,11,2.200001,2.316483,-0.99101704,-3.2264075,0.23255831
mlp_0_0_outputs,12,-1.9065815,0.6152522,1.438901,0.3998041,-0.94728935
mlp_0_0_outputs,13,0.08154553,0.10456368,0.79055697,-0.093797214,0.13705583
mlp_0_0_outputs,14,0.7295804,-0.0906826,0.34661713,0.33116114,-0.51800144
mlp_0_0_outputs,15,0.8705085,-0.023960272,0.042967476,0.93850535,0.13659261
mlp_0_0_outputs,16,0.6616623,0.10345144,-0.062918715,-0.059504565,0.36632693
mlp_0_0_outputs,17,0.019380819,-0.46185672,-0.6271378,0.06095836,0.3751742
mlp_0_0_outputs,18,4.9068255,2.0609736,-0.63539404,-2.1467843,-3.5875628
mlp_0_0_outputs,19,0.0055070226,0.047305074,-0.55717295,-0.83320934,-0.35774726
mlp_0_0_outputs,2,-0.60159695,-0.39895853,-0.07894686,-0.111574724,-0.373101
mlp_0_0_outputs,3,0.1078355,-0.08498348,0.3048508,0.48994932,0.11946837
mlp_0_0_outputs,4,0.45605138,-0.57377815,0.16365968,0.29942635,0.12777017
mlp_0_0_outputs,5,-1.1692667,-0.58107376,0.113055825,0.33057308,-0.018954802
mlp_0_0_outputs,6,-0.52207047,-0.5576465,0.54944766,0.8697323,0.5560461
mlp_0_0_outputs,7,-0.13000189,0.12430351,0.3174251,0.78771895,0.3430533
mlp_0_0_outputs,8,-0.6994817,1.4749202,0.25687405,-0.46436983,-0.5744319
mlp_0_0_outputs,9,-4.687843,-3.2044897,-1.0426552,2.6623638,4.562839
mlp_0_1_outputs,0,-0.9222151,0.16545095,0.6274557,0.118307084,-0.21656463
mlp_0_1_outputs,1,0.48064643,-0.22887538,-0.09973261,-0.37614048,0.39881366
mlp_0_1_outputs,10,-4.981436,-1.945724,-0.18068027,1.4546661,2.1281178
mlp_0_1_outputs,11,-2.1886187,-0.81879956,0.6062938,0.87266904,0.42930928
mlp_0_1_outputs,12,0.10807277,0.3231017,-0.22059704,-0.69570524,0.27931082
mlp_0_1_outputs,13,-0.24725738,-0.9324481,-0.13701025,0.42028475,-0.51196223
mlp_0_1_outputs,14,-0.9100896,-0.8457771,0.1779875,0.2148128,0.21515785
mlp_0_1_outputs,15,0.16417958,0.12920964,-0.16556741,0.36129338,-0.17915049
mlp_0_1_outputs,16,-0.34773806,0.36814758,0.4964293,-0.28028652,-0.06861575
mlp_0_1_outputs,17,0.47321734,-0.13339494,0.56931245,0.31668594,0.2687679
mlp_0_1_outputs,18,-10.993316,-18.119425,-4.9192767,2.4164283,13.5452795
mlp_0_1_outputs,19,-0.3227569,1.0399168,0.81209165,-0.15037474,-0.26367733
mlp_0_1_outputs,2,-0.9830942,-0.75212854,0.47362396,0.7753467,-0.38711715
mlp_0_1_outputs,3,7.790203,3.1971383,-1.3871711,-9.532169,-17.20086
mlp_0_1_outputs,4,1.0161034,0.56008744,0.106932566,-0.87353534,-0.8473842
mlp_0_1_outputs,5,-0.061747994,-0.07995853,0.08159361,0.16070816,-0.53253967
mlp_0_1_outputs,6,-6.080611,-1.2479526,1.0639527,5.070335,6.108285
mlp_0_1_outputs,7,-0.32047075,-1.262488,-0.5033973,-0.53719395,0.52207184
mlp_0_1_outputs,8,-0.23057121,0.35240492,0.05306924,0.05199694,-0.7091243
mlp_0_1_outputs,9,-0.7661405,0.7390925,0.51755077,-0.2897139,-0.05096913
mlp_0_2_outputs,0,-0.05204276,0.15511382,-0.63684726,-0.6368438,-0.4082895
mlp_0_2_outputs,1,1.0308471,-0.03893362,-0.20493615,-0.72001433,-0.64173687
mlp_0_2_outputs,10,-0.4410363,-1.1611328,0.35384268,0.6411459,0.30055615
mlp_0_2_outputs,11,0.30964673,-0.007938728,0.6964266,-0.6911758,-0.14748432
mlp_0_2_outputs,12,-0.14593501,0.018858092,0.96024424,1.3495194,0.5332571
mlp_0_2_outputs,13,-1.1096425,-3.0655785,-0.6896057,2.203261,2.5523603
mlp_0_2_outputs,14,0.014126247,0.2688311,-0.5433019,0.53824276,-0.80341613
mlp_0_2_outputs,15,-4.5049257,-5.1607885,-3.559548,2.2919655,5.0359335
mlp_0_2_outputs,16,3.317908,2.327824,-0.56505483,1.0957918,-15.475797
mlp_0_2_outputs,17,-0.9038508,-1.0012273,0.68907857,0.6252791,-0.0068603167
mlp_0_2_outputs,18,-0.6654456,0.60613006,-0.42009428,-0.14169224,0.0017582148
mlp_0_2_outputs,19,-6.6812987,-1.7452044,3.6201468,-0.13165672,5.0193853
mlp_0_2_outputs,2,-0.13712068,0.14881282,0.22914512,-0.04096149,0.1400748
mlp_0_2_outputs,3,-0.30187565,-0.039081484,0.4237753,-0.03872779,0.43700904
mlp_0_2_outputs,4,-1.7396501,-0.55058396,0.5662659,0.5574528,0.21133657
mlp_0_2_outputs,5,-1.8900995,-0.018005403,1.1962913,0.99993455,0.72239506
mlp_0_2_outputs,6,0.5162836,0.4053668,0.39224786,0.3182687,-0.67303795
mlp_0_2_outputs,7,0.09963444,0.08582691,0.13991383,-0.6583582,-0.084547795
mlp_0_2_outputs,8,-0.24171251,-0.16040058,0.25546888,-0.14941199,-0.3139855
mlp_0_2_outputs,9,-0.13038121,0.45585698,0.056445155,-0.35638526,-0.48903623
mlp_0_3_outputs,0,-0.17723504,-0.20188004,-0.3266925,-0.05406561,-0.20742552
mlp_0_3_outputs,1,-0.89982384,0.04885897,0.12637489,-0.5779196,-0.41856003
mlp_0_3_outputs,10,0.08278273,1.1138481,-0.12842554,-0.019504784,0.15233612
mlp_0_3_outputs,11,0.19269235,1.195956,-0.107634254,-0.047044437,-1.4032477
mlp_0_3_outputs,12,-2.7476075,-0.92393655,0.7189596,1.3634013,-0.15119094
mlp_0_3_outputs,13,-0.44472966,0.7590603,0.044206273,-0.75308347,-0.2090617
mlp_0_3_outputs,14,-0.55855584,-0.12679432,0.61903024,-0.6119344,-0.11340838
mlp_0_3_outputs,15,-0.21579836,1.0460433,0.70877105,-0.74817646,-1.016891
mlp_0_3_outputs,16,-0.74168223,0.22302133,0.5039203,-0.5014735,0.32504416
mlp_0_3_outputs,17,-0.30839163,0.5962919,0.77123255,-0.20235878,-0.7646154
mlp_0_3_outputs,18,-0.5451897,-0.10389259,0.73345435,0.5927692,-0.4049326
mlp_0_3_outputs,19,-2.208311,-0.5371128,1.2206253,1.4124058,-0.24290396
mlp_0_3_outputs,2,-0.7180265,0.41885933,-0.14682718,0.2576652,-0.82944006
mlp_0_3_outputs,3,-6.5329347,-5.594202,-2.451575,2.6286714,6.2162037
mlp_0_3_outputs,4,1.4447836,-0.04243221,0.803281,-0.8292887,-2.7559032
mlp_0_3_outputs,5,-2.0380237,-0.599395,3.156146,3.6012444,-6.5796814
mlp_0_3_outputs,6,0.44261527,0.33235648,-0.35068125,-0.009869561,0.07378549
mlp_0_3_outputs,7,-0.89622253,-0.9349805,-0.15171492,0.8360742,0.66548556
mlp_0_3_outputs,8,1.8031269,1.6291188,-3.2711885,-2.4188724,2.715475
mlp_0_3_outputs,9,0.11530365,0.64636403,0.46420494,0.17157374,0.1808793
mlp_1_0_outputs,0,-7.341529,-3.9312837,-1.19786,1.9670458,4.3771276
mlp_1_0_outputs,1,-0.28157425,-0.4381582,0.039178833,1.0288727,-0.023985203
mlp_1_0_outputs,10,-1.4937074,-0.05435946,0.11079704,0.29351464,0.15624237
mlp_1_0_outputs,11,-0.09990153,-0.20228897,0.11079379,-0.043287255,0.035785466
mlp_1_0_outputs,12,-0.63505703,-0.45251992,1.2269505,-0.15093677,-0.34936213
mlp_1_0_outputs,13,-0.24208012,0.060851954,-0.4749575,-0.28556156,-0.33632207
mlp_1_0_outputs,14,-0.7845414,-0.12980452,-0.16688572,0.13562015,0.3061976
mlp_1_0_outputs,15,-0.58386827,0.41481552,0.442022,-0.406492,-0.46946472
mlp_1_0_outputs,16,-0.74364597,-0.51890624,-0.18128994,0.33422053,0.79139084
mlp_1_0_outputs,17,-0.195936,-0.22475883,0.17360507,0.20501436,-0.70883006
mlp_1_0_outputs,18,-1.0056006,-0.4069881,0.26531944,0.3921747,0.156155
mlp_1_0_outputs,19,0.026830288,-0.22328645,0.05801206,-0.40253595,0.1586798
mlp_1_0_outputs,2,7.6324744,2.4314916,-2.3856237,-5.269685,-9.009935
mlp_1_0_outputs,3,-0.65170455,0.2904012,0.15279372,-0.4336904,0.25768214
mlp_1_0_outputs,4,-0.37403443,0.19905831,0.09039961,-0.16063483,-0.6839771
mlp_1_0_outputs,5,-0.042370047,-0.07009945,0.15333635,-0.25505456,-0.13733721
mlp_1_0_outputs,6,-0.761101,0.32347724,0.7125096,-0.7092023,0.9025755
mlp_1_0_outputs,7,-0.52073824,0.043963574,0.25996146,-0.27414346,-0.32764545
mlp_1_0_outputs,8,-0.8531217,0.1044901,0.30262682,0.8088802,-0.5174067
mlp_1_0_outputs,9,-0.4261912,0.41153905,0.53843284,-0.07386606,-0.4225005
mlp_1_1_outputs,0,-0.80793417,-0.9872277,-0.37235937,0.7564773,1.7758956
mlp_1_1_outputs,1,-1.1018561,-0.5600163,0.024400054,0.71622497,1.225702
mlp_1_1_outputs,10,-0.15774,-0.44681102,-0.027078997,-0.0040489403,-0.25709882
mlp_1_1_outputs,11,-0.31150424,-0.6018424,-0.1897245,0.16799226,0.9013557
mlp_1_1_outputs,12,0.0335428,-0.72225857,0.49278852,0.45325354,0.018052539
mlp_1_1_outputs,13,-0.9460429,-0.98945814,0.38749838,0.8607177,0.7735441
mlp_1_1_outputs,14,-0.9347746,-1.0956504,-0.10013351,0.98957884,0.81016326
mlp_1_1_outputs,15,0.35014904,-0.354631,-0.3443191,0.49701044,0.21087047
mlp_1_1_outputs,16,-0.40019277,-1.3611104,-0.36061296,0.6314267,0.8072524
mlp_1_1_outputs,17,-2.3889797,-0.22252326,0.12280252,1.0097775,1.6296306
mlp_1_1_outputs,18,-1.3912108,-0.8403248,-0.027259503,0.546838,1.0731443
mlp_1_1_outputs,19,-0.75141716,-0.9223821,0.53236216,1.0436398,0.77007467
mlp_1_1_outputs,2,-0.35534707,-0.2210817,-0.03213266,0.19919167,0.4306637
mlp_1_1_outputs,3,-0.9159817,-0.62774724,0.07377279,0.634722,1.1199162
mlp_1_1_outputs,4,-1.4437408,-1.1790149,0.02601518,0.25012144,1.3022655
mlp_1_1_outputs,5,-0.5828613,-0.743648,0.12146828,0.9696521,0.39882186
mlp_1_1_outputs,6,-1.13019,-1.6828644,-0.38045073,0.81552476,2.17553
mlp_1_1_outputs,7,-0.7060698,-0.1173584,0.67900753,0.89290565,1.2365353
mlp_1_1_outputs,8,0.101821184,-0.44659218,0.52963996,0.2647478,0.5761576
mlp_1_1_outputs,9,-1.111213,-0.48024347,0.5423772,1.2407523,1.7024028
mlp_1_2_outputs,0,-4.991024,-2.2436867,-0.8496751,2.0084534,3.606646
mlp_1_2_outputs,1,-1.8723706,0.32997063,0.03169054,0.14104608,-0.31129828
mlp_1_2_outputs,10,-0.7293706,0.22618942,-0.35554853,-0.24759237,-0.53000957
mlp_1_2_outputs,11,-0.64188606,0.50330406,-0.013277792,0.7038977,-0.35692486
mlp_1_2_outputs,12,-0.037742566,0.010687216,0.23538585,0.112670206,-0.021125786
mlp_1_2_outputs,13,-0.6299458,0.08991873,0.31422853,0.52647465,-0.6001771
mlp_1_2_outputs,14,8.631861,-0.2769016,-3.1703844,-0.2490097,-3.5693173
mlp_1_2_outputs,15,-0.957227,-0.30601734,-0.3169963,-0.20192677,-0.2589781
mlp_1_2_outputs,16,-1.0933443,3.0478487,0.7639312,-0.4201348,-3.5497518
mlp_1_2_outputs,17,-0.6868738,0.23118529,-0.037518132,0.065356374,-0.36266276
mlp_1_2_outputs,18,-0.73974997,0.48194706,-1.2220659,0.0036862607,-0.0018443431
mlp_1_2_outputs,19,0.2119399,-0.14438526,0.26225504,0.4228497,0.202971
mlp_1_2_outputs,2,-0.9186366,-0.1639541,0.5947274,-0.0006243714,0.12328011
mlp_1_2_outputs,3,-0.31420463,1.0689927,1.2243688,-0.22309594,-0.8942384
mlp_1_2_outputs,4,-4.8645105,-3.0242379,0.20820539,0.7169682,3.7239194
mlp_1_2_outputs,5,-0.7925471,0.24655472,-0.3886674,0.77110577,-0.952906
mlp_1_2_outputs,6,-1.5095276,-0.0072275978,0.2343978,0.2010642,-0.13617979
mlp_1_2_outputs,7,-0.94939107,2.2104957,0.6887394,-0.76017106,-2.5409384
mlp_1_2_outputs,8,-0.3301343,0.54270613,-0.013308475,0.24890591,0.19115004
mlp_1_2_outputs,9,-1.0029385,0.26243377,0.099789254,0.09475244,-0.38307825
mlp_1_3_outputs,0,-0.93870276,0.111048065,0.13746333,0.061189067,-0.0009136169
mlp_1_3_outputs,1,-0.4006853,-0.26781338,0.2030704,0.21223268,0.3790986
mlp_1_3_outputs,10,-0.07365466,0.1948558,-0.7988012,1.0798509,0.8800081
mlp_1_3_outputs,11,-0.45232072,0.36652574,-0.0039292597,0.4920192,-0.008924868
mlp_1_3_outputs,12,-0.13519517,0.2680751,-0.4064115,-0.34182873,-0.21828239
mlp_1_3_outputs,13,-0.902846,0.33248886,-0.58649504,0.48762736,0.79902405
mlp_1_3_outputs,14,-0.96422035,-0.10264461,-0.21201535,0.82021236,0.7709693
mlp_1_3_outputs,15,0.3675378,-1.1250141,-0.92632335,0.6833797,1.5182773
mlp_1_3_outputs,16,-0.7068671,-0.14472601,0.057933137,0.7700127,1.2324992
mlp_1_3_outputs,17,-0.09399241,-0.54323196,0.16816841,0.8269313,0.3728357
mlp_1_3_outputs,18,0.7460129,-1.7597286,-0.5538704,0.39655572,-0.025109624
mlp_1_3_outputs,19,-0.06984207,-1.9061489,0.06443567,0.5629078,0.47081196
mlp_1_3_outputs,2,-0.884225,-0.05040175,-1.1723584,0.61841995,0.39015418
mlp_1_3_outputs,3,-1.2162488,-1.8567256,-0.5392485,-0.050517466,1.8186853
mlp_1_3_outputs,4,-0.9892748,1.2219847,-0.5479521,0.853995,-0.32713518
mlp_1_3_outputs,5,-0.3964277,-0.6183122,1.105466,-0.16620538,0.48523745
mlp_1_3_outputs,6,-1.8209163,-0.43307686,-0.0030657146,0.94917035,1.3586076
mlp_1_3_outputs,7,-0.31640503,-0.0046994938,-0.1872583,0.75333226,0.6030169
mlp_1_3_outputs,8,-0.058747247,-1.1606878,0.14144985,0.65747213,0.7341757
mlp_1_3_outputs,9,0.331113,0.12535188,-0.27209884,-0.18053578,0.8088908
mlp_2_0_outputs,0,0.2775604,-0.25974828,-0.8166564,0.754393,-1.2401993
mlp_2_0_outputs,1,-0.22456901,0.013296476,-0.7353563,0.42531583,-0.706646
mlp_2_0_outputs,10,0.33896345,0.13254036,-0.8273408,0.66927433,0.20470971
mlp_2_0_outputs,11,-0.89291775,-0.22237371,-0.15011513,-0.07792886,-0.058530804
mlp_2_0_outputs,12,-0.6977655,0.43400037,0.8277101,1.219785,-1.2758951
mlp_2_0_outputs,13,-0.57656884,0.21493997,-0.45445788,1.6975065,-1.3585651
mlp_2_0_outputs,14,0.42469078,1.261202,0.041025065,0.9092978,-0.89811146
mlp_2_0_outputs,15,0.096487775,-0.15234795,-0.35174876,0.73665047,-0.47325742
mlp_2_0_outputs,16,0.1066922,-0.0124590965,-0.155703,1.3461472,-0.15377238
mlp_2_0_outputs,17,-0.7747862,-0.708829,0.01477627,1.3352327,-0.19820945
mlp_2_0_outputs,18,0.043602996,0.36640137,-0.25496128,0.12150675,-0.568476
mlp_2_0_outputs,19,-0.31848022,-0.2195542,-0.86656225,1.0127474,-0.2623966
mlp_2_0_outputs,2,0.39542416,-0.4405767,-0.41837367,0.5546699,-0.28890198
mlp_2_0_outputs,3,0.12701407,0.12207782,-0.7577366,1.0658569,-0.754088
mlp_2_0_outputs,4,-0.5895733,0.1839837,-0.3264322,0.478635,-0.20516914
mlp_2_0_outputs,5,-0.19758283,0.37763804,0.40571645,0.6840705,-0.7905478
mlp_2_0_outputs,6,0.6457875,-0.7091437,-0.27575377,1.240589,-0.43001854
mlp_2_0_outputs,7,-6.4300647,-3.0543947,-0.45605144,1.4843246,4.5342865
mlp_2_0_outputs,8,-0.36707327,-0.41819215,0.4052623,0.7993647,-0.9582149
mlp_2_0_outputs,9,-0.06012963,0.10466205,-0.38256982,0.14767624,-0.3237051
mlp_2_1_outputs,0,-1.7262638,-1.1964176,-0.1958201,0.24052118,0.7652803
mlp_2_1_outputs,1,-0.8359908,0.58909625,1.040491,1.4858888,0.50614524
mlp_2_1_outputs,10,-0.97347575,-0.5187443,0.0027090523,0.43020818,0.8116758
mlp_2_1_outputs,11,-1.0840746,0.25360775,0.4446361,0.18847351,0.65665704
mlp_2_1_outputs,12,-0.13751574,-1.2690529,0.055882666,0.58085877,1.3567108
mlp_2_1_outputs,13,-1.3266107,-0.34273246,-0.21210168,0.30540696,0.49838316
mlp_2_1_outputs,14,0.4745141,-0.2629899,-0.5556492,0.537444,1.1403801
mlp_2_1_outputs,15,-0.6226595,-1.1354929,0.46471602,0.19409539,0.51862276
mlp_2_1_outputs,16,-4.2612615,-4.8006215,-0.69368523,5.603403,5.2341366
mlp_2_1_outputs,17,0.092022926,-0.67441946,-0.13116147,-0.44307402,0.09626953
mlp_2_1_outputs,18,-4.930084,-2.134499,-0.09606332,2.0175953,3.158754
mlp_2_1_outputs,19,-1.3601948,-0.34726223,-0.28045487,0.19886012,1.0746249
mlp_2_1_outputs,2,-0.035889633,-1.5511434,-0.795168,0.84173954,0.8975545
mlp_2_1_outputs,3,0.033684373,-0.78238237,0.37580734,0.109891824,0.010179406
mlp_2_1_outputs,4,-0.6127008,-1.434212,0.16518797,0.5923439,0.96436393
mlp_2_1_outputs,5,-0.01448716,0.06498488,0.08361644,0.16348395,0.7905088
mlp_2_1_outputs,6,-0.5385866,-0.46066448,-0.9250327,0.95474094,-0.0016142847
mlp_2_1_outputs,7,-1.4713387,-0.027613249,-0.26441634,0.640013,1.3338642
mlp_2_1_outputs,8,0.1949768,0.94156414,0.42524177,0.1046749,0.20318708
mlp_2_1_outputs,9,-0.58442545,0.2569495,-0.51216054,-0.013049617,0.8703412
mlp_2_2_outputs,0,-0.1696719,-0.387356,0.3162915,0.034846585,0.83762527
mlp_2_2_outputs,1,-1.2447575,-0.261346,-0.65207916,0.5863891,0.32638925
mlp_2_2_outputs,10,-0.44329965,-0.10710964,-0.13170367,0.53918606,-0.19631144
mlp_2_2_outputs,11,-0.62423354,0.018630736,0.112125,-0.004278667,0.5088916
mlp_2_2_outputs,12,-0.99810547,-0.24635713,0.18144937,1.0095074,-0.7436687
mlp_2_2_outputs,13,-0.83771914,-0.6102419,0.30574203,-0.031917706,1.1491715
mlp_2_2_outputs,14,-0.71252304,-0.1813022,0.09883287,0.1856802,0.30800518
mlp_2_2_outputs,15,-1.5778434,-0.8189772,-0.25239372,-0.52592593,1.9641362
mlp_2_2_outputs,16,-0.8479282,-0.32925516,0.7773519,0.62343496,0.789811
mlp_2_2_outputs,17,-1.0871288,-0.33874047,-0.38937804,0.9919496,1.3732415
mlp_2_2_outputs,18,-0.88360417,-0.54262376,-0.17842603,-0.0464225,0.5735729
mlp_2_2_outputs,19,-1.8294597,-0.9210552,-0.24450217,0.29921833,0.62746406
mlp_2_2_outputs,2,-0.8025672,-0.6136874,0.32000262,0.9979826,1.1719598
mlp_2_2_outputs,3,-0.24135797,-0.72394943,0.15269066,1.0573889,0.7972281
mlp_2_2_outputs,4,-0.5561703,-0.48513746,-0.33877906,-0.076901756,0.5599516
mlp_2_2_outputs,5,-0.8971083,-0.7189912,-0.29787466,0.1346635,0.45781803
mlp_2_2_outputs,6,-0.43364802,-0.990334,0.43671688,0.25166047,0.98259735
mlp_2_2_outputs,7,-0.6327656,0.22472666,0.12659268,0.33438832,1.8021466
mlp_2_2_outputs,8,-1.4553814,-0.21172588,-0.13698421,-0.06814359,0.18896282
mlp_2_2_outputs,9,-0.96816635,-0.613056,0.41501695,0.19742033,0.9744206
mlp_2_3_outputs,0,-1.1858655,-0.13349034,0.25577962,0.51594496,0.37714058
mlp_2_3_outputs,1,-0.6684784,-0.30815867,-0.36259758,-0.22280507,0.10813192
mlp_2_3_outputs,10,-1.2028627,-0.38944978,0.1641439,0.47578567,-0.097987145
mlp_2_3_outputs,11,-0.7928639,-0.43049556,-0.53289104,0.12448741,0.2798594
mlp_2_3_outputs,12,-1.6099066,-0.8264336,0.011990155,0.7188082,2.0572798
mlp_2_3_outputs,13,-0.34462443,-0.3368117,-0.071102105,0.20783679,0.1906033
mlp_2_3_outputs,14,-1.0718496,0.0049019307,0.05483794,0.33010933,1.0663275
mlp_2_3_outputs,15,-0.5051656,0.14979485,0.035646114,0.17737094,1.1318985
mlp_2_3_outputs,16,-0.19195491,-0.36219835,0.1940394,0.5977169,0.69201994
mlp_2_3_outputs,17,-0.27635574,0.049988933,-0.14028181,0.5232317,0.4289033
mlp_2_3_outputs,18,-0.67554027,0.06404253,0.41719282,0.33220953,0.35289404
mlp_2_3_outputs,19,-0.07065967,-0.39642808,0.46729538,0.5925906,1.2260478
mlp_2_3_outputs,2,-0.84411794,-0.41530234,-0.23832382,-0.09953241,0.11777321
mlp_2_3_outputs,3,-0.620772,-0.26882118,-0.17691588,0.1970684,0.69941944
mlp_2_3_outputs,4,-0.19417262,-0.8019113,-0.00895827,0.23223232,0.5546212
mlp_2_3_outputs,5,-0.71855485,-0.02899813,0.6802409,0.4310999,0.11549697
mlp_2_3_outputs,6,-1.1136328,-0.34560132,0.02949424,0.09129737,0.24613151
mlp_2_3_outputs,7,-0.4750318,0.343603,0.16347592,0.22270973,0.74333876
mlp_2_3_outputs,8,-0.46734938,-3.62104,-0.41658992,1.0052326,2.592322
mlp_2_3_outputs,9,-0.9506619,-0.72296,0.15524785,-0.14618005,0.7763008
num_attn_0_0_outputs,_,1.4788225,-4.024535,-5.7481685,2.6029308,8.411725
num_attn_0_1_outputs,_,-2.2548244,0.52718645,1.4459549,1.0941062,0.39087474
num_attn_0_2_outputs,_,0.4678385,4.748567,3.3377552,-3.1921465,-9.516266
num_attn_0_3_outputs,_,-4.282163,0.55210954,4.358421,-1.1692561,-2.5598853
num_attn_0_4_outputs,_,-3.2514307,-0.3862407,2.7878916,2.772985,-4.7971525
num_attn_0_5_outputs,_,-3.2968042,-9.018574,-7.5210757,-2.7571268,18.935877
num_attn_0_6_outputs,_,13.314044,0.37678352,-4.436259,-8.095328,-6.396657
num_attn_0_7_outputs,_,-3.7469597,-0.3000058,2.9804099,2.581386,-4.276067
num_attn_1_0_outputs,_,1.3495144,3.7758784,0.5749203,-2.7849104,-5.225724
num_attn_1_1_outputs,_,2.26056,0.8492497,0.11704169,-1.0462432,-1.845614
num_attn_1_2_outputs,_,6.2948494,1.4071971,-1.6215585,-4.2762046,-7.889329
num_attn_1_3_outputs,_,-1.823352,-0.79883665,2.7155745,-0.5587873,-2.288099
num_attn_1_4_outputs,_,3.3158283,1.9451814,0.21461344,-2.3007445,-4.7533174
num_attn_1_5_outputs,_,2.3021894,2.9044015,1.3780359,-1.5569731,-1.4294355
num_attn_1_6_outputs,_,4.7659416,2.027485,-1.3386842,-3.9612546,-6.2396493
num_attn_1_7_outputs,_,3.6364317,2.1760352,0.8563127,-1.9440856,-6.4660544
num_attn_2_0_outputs,_,0.64364773,0.5177422,0.45669854,0.3942598,-0.7693784
num_attn_2_1_outputs,_,-0.8601922,-0.27510557,-0.02130814,0.9734767,-0.3565485
num_attn_2_2_outputs,_,0.5227616,1.7235441,0.38447544,-0.70981747,-1.2856246
num_attn_2_3_outputs,_,0.31076843,0.5261198,0.06611913,-0.112000294,-0.21369973
num_attn_2_4_outputs,_,-0.6416171,-0.23653474,0.054817215,1.1772214,-0.1646082
num_attn_2_5_outputs,_,2.90224,1.3427013,0.17862664,-1.2997209,-2.2278354
num_attn_2_6_outputs,_,2.3967416,3.1509602,-0.052521016,-1.1085062,-2.4368954
num_attn_2_7_outputs,_,0.9792033,0.84498364,0.33436894,-0.41213366,-1.3365921
num_mlp_0_0_outputs,0,-0.81692475,-0.92703074,0.5954138,0.26886365,1.0250115
num_mlp_0_0_outputs,1,-1.564366,0.89690185,0.725711,0.92836004,0.91500175
num_mlp_0_0_outputs,10,14.379902,-9.76546,-5.902593,-1.3318996,-0.1355925
num_mlp_0_0_outputs,11,-1.2462033,0.32122153,-0.5050137,-0.2008596,-0.4049413
num_mlp_0_0_outputs,12,-2.2828233,-0.8106556,0.62942684,0.037843414,0.1781275
num_mlp_0_0_outputs,13,-2.7480364,0.12572737,0.4796136,0.5195043,0.7186203
num_mlp_0_0_outputs,14,-1.6729467,0.46515584,0.34072533,0.08003002,0.21413058
num_mlp_0_0_outputs,15,-2.393773,-0.7819222,-0.13717872,0.48652646,-0.34873116
num_mlp_0_0_outputs,16,-1.2188014,0.046125144,0.07410835,0.45302168,0.38424158
num_mlp_0_0_outputs,17,-2.7368202,-0.0011996226,0.3484465,0.6752384,1.0356797
num_mlp_0_0_outputs,18,-1.4962413,-0.94042313,0.4055159,0.6360798,0.0900269
num_mlp_0_0_outputs,19,-3.015497,0.3961357,0.7651235,0.7782171,0.71020854
num_mlp_0_0_outputs,2,-1.5664784,-0.15074685,0.29290643,0.08898773,0.24855836
num_mlp_0_0_outputs,3,-1.3546634,-1.1344839,0.70018876,0.4491786,0.6002557
num_mlp_0_0_outputs,4,-1.5907619,0.18205325,-0.8886446,0.51876634,0.48092282
num_mlp_0_0_outputs,5,-1.5895599,0.23429736,0.4296988,0.074724585,1.1203489
num_mlp_0_0_outputs,6,-2.405318,-0.24567306,0.30378085,0.5154384,1.2662864
num_mlp_0_0_outputs,7,-1.4551319,0.105290234,0.21092182,1.0147979,1.0989048
num_mlp_0_0_outputs,8,-1.1869464,0.15312752,0.6507987,0.17497963,0.6322132
num_mlp_0_0_outputs,9,0.32715732,-0.61263776,0.05584266,0.69837624,-0.30392063
num_mlp_0_1_outputs,0,-0.875757,-0.085545525,0.064535104,0.2544001,0.15054916
num_mlp_0_1_outputs,1,0.403123,-2.871027,-1.4973994,-1.8292452,4.994376
num_mlp_0_1_outputs,10,-0.7495709,0.1181055,0.13045438,0.46901008,0.28337556
num_mlp_0_1_outputs,11,-0.25267524,0.19689001,0.49281695,0.98687184,0.25889587
num_mlp_0_1_outputs,12,-0.9646457,-0.120736465,0.41506633,0.22686887,0.2635862
num_mlp_0_1_outputs,13,-0.86468494,-0.69319713,0.57168436,0.9524307,-0.39331576
num_mlp_0_1_outputs,14,-0.5243407,0.18209308,-0.037130617,0.3097072,-0.27687967
num_mlp_0_1_outputs,15,-0.7101975,-0.4696743,0.3954336,0.12241888,0.25403932
num_mlp_0_1_outputs,16,-1.6156976,-0.39852226,0.21484642,1.0567079,0.8602382
num_mlp_0_1_outputs,17,-1.1374887,-0.11339335,0.14477716,0.48994887,-0.25116664
num_mlp_0_1_outputs,18,0.6027451,0.13201624,-0.036185544,0.41870806,0.21060811
num_mlp_0_1_outputs,19,-0.8043908,0.027831713,-0.24863727,0.12894037,-0.5213821
num_mlp_0_1_outputs,2,-0.7426949,0.22505338,0.2656825,0.88533574,0.32327488
num_mlp_0_1_outputs,3,-2.3698816,-0.32072666,0.25168726,0.4941223,0.19510435
num_mlp_0_1_outputs,4,-0.7875626,0.76288784,0.49963084,0.9384576,0.23848169
num_mlp_0_1_outputs,5,-0.90381867,-0.13023469,-0.09633591,0.63204837,0.13599594
num_mlp_0_1_outputs,6,-1.2927996,0.37925726,-0.26924872,0.5087182,-0.86090934
num_mlp_0_1_outputs,7,-1.2619178,0.21737418,0.17521776,0.34250626,-0.65680414
num_mlp_0_1_outputs,8,-0.6371419,0.6803768,0.40971532,0.24763748,-0.07510038
num_mlp_0_1_outputs,9,-2.4126828,-0.24347459,0.536444,1.1091858,0.48897702
num_mlp_0_2_outputs,0,-0.94970405,-1.0137866,-0.43908313,0.23312125,0.22607954
num_mlp_0_2_outputs,1,-1.9824789,-0.20742108,-0.69059086,0.48192614,0.36806703
num_mlp_0_2_outputs,10,-0.79360634,-0.5729593,0.43791825,0.07064533,1.5022357
num_mlp_0_2_outputs,11,-0.7536563,0.19958289,0.22072242,0.3687287,1.012536
num_mlp_0_2_outputs,12,-0.98318374,-0.38651776,-0.10214518,0.49520078,0.788642
num_mlp_0_2_outputs,13,-0.28898305,-0.40263999,0.19911084,0.3950708,0.61248404
num_mlp_0_2_outputs,14,-1.2606289,-0.35010105,-0.9732231,0.21742964,1.3070235
num_mlp_0_2_outputs,15,-1.0613631,-0.4928271,-0.72086746,0.38851523,0.69179714
num_mlp_0_2_outputs,16,0.7871725,-1.0775094,-0.776764,0.58189565,0.25526983
num_mlp_0_2_outputs,17,-0.3757834,-1.5229703,0.7347762,0.2577235,0.1518526
num_mlp_0_2_outputs,18,-0.3192789,-0.5292241,0.7432083,0.12854205,0.22763644
num_mlp_0_2_outputs,19,-1.0827861,-0.12494133,-0.14971475,0.61635625,-0.25926328
num_mlp_0_2_outputs,2,-0.32509795,-0.9388567,0.00614578,0.6176661,1.0500541
num_mlp_0_2_outputs,3,-0.63526964,0.09423923,-0.9150962,0.4008579,0.48924214
num_mlp_0_2_outputs,4,-0.9484793,-0.8018061,-0.12787032,0.91726077,0.6928771
num_mlp_0_2_outputs,5,-0.7525185,-0.5142179,-0.07548945,0.8898342,1.048826
num_mlp_0_2_outputs,6,-1.3127406,0.045275234,-0.6030892,0.902326,-1.044475
num_mlp_0_2_outputs,7,-0.5837298,0.25076064,0.15249488,0.521692,1.16987
num_mlp_0_2_outputs,8,-0.87478626,-0.7264189,0.3221249,0.99471456,0.855834
num_mlp_0_2_outputs,9,-0.50761735,-1.4091774,0.12255494,1.4357901,0.40547532
num_mlp_0_3_outputs,0,-1.1907213,-1.0426238,-0.4777278,0.32010236,0.14550394
num_mlp_0_3_outputs,1,-0.0977104,-0.39511317,0.17839317,0.7732607,0.88444626
num_mlp_0_3_outputs,10,-1.0210735,-0.48921064,0.35951748,0.2228075,0.3508094
num_mlp_0_3_outputs,11,0.04755206,-0.43054777,0.29464447,0.6565853,0.5452535
num_mlp_0_3_outputs,12,-0.9975304,-0.86247826,-0.13529654,0.8351794,0.518195
num_mlp_0_3_outputs,13,-1.2395736,-0.6966369,-0.37415215,0.3426418,0.74900514
num_mlp_0_3_outputs,14,-0.32701546,-0.5259786,0.20493467,0.28157517,0.22685492
num_mlp_0_3_outputs,15,-1.1351551,-0.70167285,0.01935644,0.8969882,0.7405561
num_mlp_0_3_outputs,16,-1.2744143,-0.82955444,0.09038065,0.5972453,-0.06266328
num_mlp_0_3_outputs,17,-0.48106802,-0.66079766,-0.4179569,0.017659323,1.0384854
num_mlp_0_3_outputs,18,-0.9055165,-0.6677055,-0.04197868,0.3703951,0.8336059
num_mlp_0_3_outputs,19,-0.8655949,-0.20851102,-0.53986406,0.9360586,-0.3680356
num_mlp_0_3_outputs,2,-0.9540713,-0.5614782,-0.7116855,0.33828512,-0.048297465
num_mlp_0_3_outputs,3,-0.2742564,-0.09587732,0.022255875,0.55536634,0.23220645
num_mlp_0_3_outputs,4,-0.7161564,-0.13737673,-0.15953462,0.019062787,0.64152193
num_mlp_0_3_outputs,5,-0.6316543,-0.5063133,-0.03265422,0.30995756,0.6017449
num_mlp_0_3_outputs,6,-0.86077076,-0.08013184,0.5557205,0.30775243,0.665846
num_mlp_0_3_outputs,7,-0.45323083,-0.7594281,-0.11472191,0.50750804,0.55183816
num_mlp_0_3_outputs,8,-1.1396822,-1.0672774,-0.40081513,0.081338674,0.035368893
num_mlp_0_3_outputs,9,-1.0685028,-0.79088724,-0.022938514,-0.5924691,1.6784413
num_mlp_1_0_outputs,0,-0.7916662,-0.23030396,-0.11098363,0.6252965,1.1287196
num_mlp_1_0_outputs,1,0.028289516,-0.6385491,-0.5099115,1.1528463,1.2073408
num_mlp_1_0_outputs,10,-0.7809294,-0.49729124,0.19933024,0.4009942,0.24162042
num_mlp_1_0_outputs,11,-0.5225485,-0.5427213,-0.3481095,0.34033972,0.83983546
num_mlp_1_0_outputs,12,-1.8085662,-0.96257204,0.5139106,0.7647602,1.4918108
num_mlp_1_0_outputs,13,-1.4776096,0.3359104,-0.00571914,0.10541038,0.72757846
num_mlp_1_0_outputs,14,-0.92834145,-0.29620266,0.15325177,0.33342645,0.46075594
num_mlp_1_0_outputs,15,-0.7937347,-0.7042941,-0.22571328,-0.5792427,1.1073477
num_mlp_1_0_outputs,16,-0.7409236,0.17027207,-0.11451132,0.37731406,1.3656886
num_mlp_1_0_outputs,17,0.43127352,-1.0792831,-0.027595667,-0.084230475,1.0259134
num_mlp_1_0_outputs,18,-1.071251,-0.52854997,0.2620397,1.2259486,-0.07423313
num_mlp_1_0_outputs,19,-0.8957211,-0.34003004,1.0414159,0.47103524,0.7254635
num_mlp_1_0_outputs,2,-1.1818713,-0.62676334,-0.2111311,0.53277767,0.5511662
num_mlp_1_0_outputs,3,-1.0038333,-0.962089,-0.17790388,-0.19880965,0.7621383
num_mlp_1_0_outputs,4,-0.48831353,-0.23145086,-0.3920788,0.29248732,0.95206606
num_mlp_1_0_outputs,5,-1.3681555,-0.6564256,0.18629003,0.26158255,0.91068906
num_mlp_1_0_outputs,6,-0.59727573,0.18518588,0.47343102,0.59583455,0.6732327
num_mlp_1_0_outputs,7,-0.43489012,-0.75934356,0.13962395,0.5970782,0.061119564
num_mlp_1_0_outputs,8,-1.2994322,-0.75818735,0.08637317,0.39973798,0.95487326
num_mlp_1_0_outputs,9,-1.4151732,-1.0060768,0.0014029632,0.41541395,0.32112312
num_mlp_1_1_outputs,0,-0.7433673,-0.507303,-0.14977376,1.0978717,0.9441756
num_mlp_1_1_outputs,1,-0.2839211,-0.32571742,-0.18869084,0.7024321,0.2315008
num_mlp_1_1_outputs,10,-1.1364529,-0.15380402,0.22251278,0.97638285,1.0581613
num_mlp_1_1_outputs,11,-0.95909303,-0.6530892,-0.060308795,0.7331562,0.7925589
num_mlp_1_1_outputs,12,-1.0308812,-0.5685545,0.15694223,0.6979852,1.1851013
num_mlp_1_1_outputs,13,-0.83594054,-0.62104225,0.023705008,0.0148875695,-0.06831546
num_mlp_1_1_outputs,14,-0.35961,-0.32828858,-0.35657525,0.70327044,1.0730065
num_mlp_1_1_outputs,15,-0.8424311,-0.69396305,0.31782538,0.038415276,0.9465858
num_mlp_1_1_outputs,16,-0.81631696,-0.95490515,-0.17138822,0.08338287,-0.02672554
num_mlp_1_1_outputs,17,-0.6544057,-0.23934554,1.5578682,0.4030844,0.4465567
num_mlp_1_1_outputs,18,-0.77390814,-0.5456521,-0.12872067,0.2678928,0.69220257
num_mlp_1_1_outputs,19,-1.3967103,-0.3567774,-0.12098166,-0.32729435,0.85003304
num_mlp_1_1_outputs,2,0.35568786,-0.2986791,0.20108645,0.24272858,0.25295618
num_mlp_1_1_outputs,3,-0.82411176,-0.3037188,-0.046253532,0.7161087,0.91347873
num_mlp_1_1_outputs,4,-2.053652,-0.085346706,0.006652711,0.71621215,0.44590092
num_mlp_1_1_outputs,5,-1.0586368,-0.12498489,0.176895,0.6542121,0.6129812
num_mlp_1_1_outputs,6,-0.03908252,-0.65877557,0.2183173,-0.12934676,1.1335837
num_mlp_1_1_outputs,7,-0.62220126,-0.49872622,-0.050961383,0.21551469,0.29073772
num_mlp_1_1_outputs,8,-0.5110196,-0.7255732,0.48897132,0.24138,0.79730684
num_mlp_1_1_outputs,9,-1.2473414,-0.83457494,0.23938006,0.28555286,1.1698803
num_mlp_1_2_outputs,0,0.2268642,-0.4957621,-0.4975012,0.1148952,0.43803006
num_mlp_1_2_outputs,1,0.46579006,0.4127175,-0.063912414,-0.16489774,-0.99488306
num_mlp_1_2_outputs,10,-1.049498,0.9565373,-0.38456246,-0.0010179591,-0.6851624
num_mlp_1_2_outputs,11,-0.6674045,-0.33301193,-0.1456157,0.97887737,-0.2278639
num_mlp_1_2_outputs,12,1.8368635,1.4238061,-0.3054903,-0.66647816,-0.45796013
num_mlp_1_2_outputs,13,-0.26705474,-0.59343475,0.26338685,-0.43872893,0.6265323
num_mlp_1_2_outputs,14,-4.095432,-2.0010743,0.22084895,2.9781704,4.0261087
num_mlp_1_2_outputs,15,0.2838308,-0.4725143,0.4986199,0.6360119,0.5474497
num_mlp_1_2_outputs,16,0.2348353,1.9216003,-0.3650376,-0.18757068,0.3284957
num_mlp_1_2_outputs,17,-0.12207351,-0.19684075,-0.010440316,0.8329257,0.052570514
num_mlp_1_2_outputs,18,-0.49447313,-0.8637084,-0.5333023,0.48345765,0.31255704
num_mlp_1_2_outputs,19,0.12737958,-0.16082248,-0.4140775,0.5755962,0.29930654
num_mlp_1_2_outputs,2,-0.6218435,0.6165061,0.17031895,0.34734648,0.40088665
num_mlp_1_2_outputs,3,-0.7668009,0.2349003,-0.22752026,0.23994692,0.3945266
num_mlp_1_2_outputs,4,-0.6880027,-0.74680614,-0.51598233,0.5838798,0.71744114
num_mlp_1_2_outputs,5,1.0820394,0.54783857,-0.27346224,-0.08510872,-0.042827003
num_mlp_1_2_outputs,6,-0.15823562,0.0421523,0.07908488,0.27499312,-0.32726258
num_mlp_1_2_outputs,7,-0.14173447,0.23145558,0.28819805,1.1580718,0.5262308
num_mlp_1_2_outputs,8,1.1101946,0.2658425,-0.33633012,0.20370981,0.35646406
num_mlp_1_2_outputs,9,10.148774,5.7360787,0.23000596,-2.3016975,-3.0441394
num_mlp_1_3_outputs,0,-1.2354554,0.16443396,0.33530915,0.9514699,0.34861657
num_mlp_1_3_outputs,1,-0.8872061,-0.22617121,0.034527764,0.5814372,1.1108195
num_mlp_1_3_outputs,10,0.14975564,-0.6781237,0.5825458,0.38390285,0.6680633
num_mlp_1_3_outputs,11,-1.4636056,-0.26454833,0.6760303,1.0373423,1.553896
num_mlp_1_3_outputs,12,-0.9383109,-0.21508238,-0.30743185,0.029042922,0.4722171
num_mlp_1_3_outputs,13,-1.1260413,-0.51674324,-0.5205035,0.104518,1.1159904
num_mlp_1_3_outputs,14,-1.7192408,-0.86447686,-0.34853584,0.49437612,0.7567139
num_mlp_1_3_outputs,15,-2.071207,-0.3374512,0.046537913,-0.45048642,2.3183875
num_mlp_1_3_outputs,16,-1.1087935,-0.6162894,-0.3600844,0.2280295,0.3906759
num_mlp_1_3_outputs,17,-1.6362319,-0.23870118,-0.16630082,-0.0013989565,1.3372808
num_mlp_1_3_outputs,18,-1.4207351,-0.2158118,0.17994013,0.5660314,0.75427955
num_mlp_1_3_outputs,19,-0.9325836,0.27428845,-0.44517896,0.6065431,0.8056115
num_mlp_1_3_outputs,2,-0.76159066,-1.2249911,0.5588881,1.1598942,-0.18289751
num_mlp_1_3_outputs,3,-1.1954125,-0.54950356,0.023807986,0.4334486,0.65411234
num_mlp_1_3_outputs,4,-0.9075333,-0.8377641,0.39518747,-0.17256099,0.9201347
num_mlp_1_3_outputs,5,-1.241456,-0.6287035,0.17002581,0.6307912,0.93278813
num_mlp_1_3_outputs,6,-0.86015433,-0.78399825,0.57691044,0.2919982,0.034670725
num_mlp_1_3_outputs,7,-0.470369,-0.24776284,0.10709387,1.3901045,0.45919102
num_mlp_1_3_outputs,8,-1.213448,-0.10454832,-0.006144253,0.90000314,0.49469948
num_mlp_1_3_outputs,9,-1.143584,-0.5086631,0.032751832,0.546297,0.9070384
num_mlp_2_0_outputs,0,-0.56294364,-0.8956124,0.573818,0.5836623,0.18780212
num_mlp_2_0_outputs,1,-1.3493125,-0.8071791,0.020618632,0.59739274,0.7752163
num_mlp_2_0_outputs,10,-1.1657854,-1.0813762,0.8620925,0.23191516,0.54069614
num_mlp_2_0_outputs,11,-1.8070078,-0.6669138,-0.8602861,1.2112715,0.7365275
num_mlp_2_0_outputs,12,-0.994652,-0.37988272,0.012799503,-0.000758045,0.9746929
num_mlp_2_0_outputs,13,-0.8394468,-0.8171805,0.29947352,0.2322299,0.8707356
num_mlp_2_0_outputs,14,-0.7686833,-0.7344322,0.5689963,0.06406051,1.1982571
num_mlp_2_0_outputs,15,-1.0125525,-0.9650036,-0.81130886,1.0142194,0.64687634
num_mlp_2_0_outputs,16,-1.3497739,0.109340996,0.12217815,0.47153375,0.7285879
num_mlp_2_0_outputs,17,-0.39385915,-0.020838361,-0.1712532,0.79074395,0.7735802
num_mlp_2_0_outputs,18,-0.83337057,-0.64762926,0.14106728,0.32046223,0.8421405
num_mlp_2_0_outputs,19,-1.4692384,0.41516462,0.5411171,0.7921207,-0.002993131
num_mlp_2_0_outputs,2,-1.3513228,-0.8659063,0.20513566,0.18614767,-0.29263014
num_mlp_2_0_outputs,3,-0.8200154,-0.5035746,-0.12676252,0.020127809,0.9174821
num_mlp_2_0_outputs,4,-1.342155,-0.6589643,-0.15150453,0.3167832,0.611012
num_mlp_2_0_outputs,5,1.0061979,-0.55639654,0.18453307,0.07399822,-0.15574777
num_mlp_2_0_outputs,6,-0.9875761,-0.8295228,-0.36392602,0.5534791,0.24613066
num_mlp_2_0_outputs,7,-0.0011330169,-0.5448243,-0.54281026,-0.22635745,1.6463702
num_mlp_2_0_outputs,8,-0.22616653,-0.033813015,-0.15142646,0.19663271,1.228338
num_mlp_2_0_outputs,9,-0.5395145,-0.95105207,0.2868682,0.87596023,-0.019353867
num_mlp_2_1_outputs,0,-0.94537896,-0.67264426,-0.054053508,0.5690829,1.0724423
num_mlp_2_1_outputs,1,-1.43926,0.37891167,-0.067195676,-0.55940235,0.013487076
num_mlp_2_1_outputs,10,-0.86733615,-0.5321964,0.06467891,0.30301252,0.9836922
num_mlp_2_1_outputs,11,-1.2837174,-0.21371183,0.37379196,0.71366245,0.48386526
num_mlp_2_1_outputs,12,-0.755638,-0.4306552,0.12445857,0.16592227,1.1960698
num_mlp_2_1_outputs,13,-0.7526963,0.39885893,0.2864457,0.89108145,0.7046531
num_mlp_2_1_outputs,14,0.2800729,0.08955221,-1.1345472,1.3475151,-0.64744955
num_mlp_2_1_outputs,15,-1.5753962,-0.34502333,-0.057460755,0.3446925,0.5248535
num_mlp_2_1_outputs,16,-0.8935931,-0.5121541,0.5608146,-0.079279184,1.1906396
num_mlp_2_1_outputs,17,-1.1077279,-0.27770346,0.26026562,0.1530235,0.019328011
num_mlp_2_1_outputs,18,-0.5409056,-0.40382272,-0.45713764,0.05035259,-0.016941562
num_mlp_2_1_outputs,19,-0.60484916,0.7616732,-0.23765765,0.7039963,0.9459506
num_mlp_2_1_outputs,2,1.1371748,-1.0965093,-0.07661068,0.74936515,1.273598
num_mlp_2_1_outputs,3,-1.0711529,-1.0398594,-0.25133133,-0.30154192,0.06939876
num_mlp_2_1_outputs,4,-0.9195758,0.24737911,-0.82845604,0.8993005,-0.07617293
num_mlp_2_1_outputs,5,-0.9725051,-0.335497,-0.40682766,0.43165654,1.1850624
num_mlp_2_1_outputs,6,-1.1888152,-0.3295323,0.19106196,0.26101026,0.7882291
num_mlp_2_1_outputs,7,-0.33464333,-0.09367724,0.5563107,0.83656806,0.58346105
num_mlp_2_1_outputs,8,-1.4701414,-0.3672783,-0.023095882,0.6860555,0.7036791
num_mlp_2_1_outputs,9,-0.6007097,-0.809539,-0.20916054,0.3990697,0.71944994
num_mlp_2_2_outputs,0,-0.9863993,-1.1906835,0.3602972,0.33833697,-0.028043024
num_mlp_2_2_outputs,1,-0.82759374,-0.6296097,0.22258753,-0.070794865,0.4431302
num_mlp_2_2_outputs,10,-1.073445,-0.54894316,-0.10764437,1.0117099,1.3332098
num_mlp_2_2_outputs,11,-0.5761842,-0.43608677,0.3064761,0.37779593,0.8272929
num_mlp_2_2_outputs,12,-1.7002746,-1.0980682,-0.4661972,0.5123128,0.4064073
num_mlp_2_2_outputs,13,-1.5892552,-0.14254075,-0.38091677,0.10218512,0.22167224
num_mlp_2_2_outputs,14,-0.80373937,0.059638962,0.3966191,0.26817524,0.47634655
num_mlp_2_2_outputs,15,-0.17859665,-0.056160945,-0.9227971,0.6243945,0.6594279
num_mlp_2_2_outputs,16,-0.23082702,-0.7753806,0.2144715,-0.21271509,0.3463239
num_mlp_2_2_outputs,17,-0.01720159,-0.37126502,0.30600953,0.28004462,0.46468022
num_mlp_2_2_outputs,18,-0.93016446,-0.7522421,-0.70405483,0.93666756,0.26996174
num_mlp_2_2_outputs,19,-0.6601114,-0.41392064,-0.067696065,-0.2837733,-0.08391732
num_mlp_2_2_outputs,2,-0.56227845,-0.5678253,0.124131754,0.50694776,1.0172788
num_mlp_2_2_outputs,3,-0.5084275,-0.73180825,-0.032044444,0.09392189,0.32425222
num_mlp_2_2_outputs,4,-1.7023398,-1.1576828,0.81255144,0.5468012,0.8887061
num_mlp_2_2_outputs,5,-1.5322181,0.1401302,0.08007386,0.7980338,0.38339576
num_mlp_2_2_outputs,6,-0.64050925,-1.0246085,-0.4255285,-0.103482835,0.18724012
num_mlp_2_2_outputs,7,-1.39144,-0.9306504,-0.25187206,-0.31399092,0.25229338
num_mlp_2_2_outputs,8,-1.2143396,-0.7971215,0.28685576,0.84801745,0.7107912
num_mlp_2_2_outputs,9,-0.8311823,-0.57639974,0.5096553,0.9910733,1.0571389
num_mlp_2_3_outputs,0,-1.1644148,0.70095,-0.6225706,0.61027634,0.6796729
num_mlp_2_3_outputs,1,-0.86900365,-0.1843936,-0.11691399,0.12849152,0.98321164
num_mlp_2_3_outputs,10,-1.5832242,-0.5814461,-0.13707219,0.7069632,0.49997407
num_mlp_2_3_outputs,11,-2.0654352,-0.344384,0.051190365,0.59361607,0.5094568
num_mlp_2_3_outputs,12,-1.3197639,-1.0733343,0.6530396,1.120582,0.6012957
num_mlp_2_3_outputs,13,-0.74779016,-0.12071264,-0.59410244,0.34823993,-0.00437135
num_mlp_2_3_outputs,14,-1.5023012,-0.68031543,-0.30039987,0.42117968,0.62753344
num_mlp_2_3_outputs,15,-0.8561499,-0.75701284,-0.2639536,0.79641414,0.9368432
num_mlp_2_3_outputs,16,-0.37429744,-0.47611827,-0.118325144,0.07106583,0.67273253
num_mlp_2_3_outputs,17,-0.7965231,-0.73755556,-0.5854353,0.4713905,0.24222757
num_mlp_2_3_outputs,18,-1.4234501,-0.19120814,0.22935551,0.5339539,0.9686172
num_mlp_2_3_outputs,19,0.37637633,-1.0853527,-0.78030497,0.06276084,0.5444113
num_mlp_2_3_outputs,2,-0.6507453,-0.25915593,-0.31832084,0.5365995,0.22433288
num_mlp_2_3_outputs,3,-1.5348927,0.1480705,-0.9494301,0.35478097,0.629654
num_mlp_2_3_outputs,4,-1.6468992,-0.12546936,-0.31818315,0.12246777,0.5552315
num_mlp_2_3_outputs,5,-1.4076475,-0.28101185,-0.29451904,0.17271462,0.7126127
num_mlp_2_3_outputs,6,0.28044763,-0.3020255,-0.27555767,-0.035830982,-0.1938658
num_mlp_2_3_outputs,7,-0.019603599,-0.43515375,-0.51696813,0.5288097,1.9538511
num_mlp_2_3_outputs,8,-0.29059952,-0.42602873,-0.32726976,0.3342662,0.7068009
num_mlp_2_3_outputs,9,-0.8312225,0.059394456,-0.12254099,0.29154253,0.7500318
ones,_,-1.7866102,-0.54445976,-0.1464647,0.60827094,0.9650298
positions,0,0.23344687,0.1565372,-0.17966232,-0.27824315,0.5385901
positions,1,5.4095936,3.0608134,-1.8519279,-8.863102,-7.8074293
positions,10,-0.69147265,-0.43135837,0.0002935301,0.10239073,-0.69395155
positions,11,0.31649423,0.38861576,0.17170985,-0.092710175,-0.157516
positions,12,-0.19819136,-0.060380396,0.32483232,0.29311967,-0.010873111
positions,13,-0.0907846,0.6969138,0.46707562,-0.21714686,0.6104742
positions,14,-0.07521182,0.65324974,0.21915568,-0.4673919,-0.19519594
positions,15,0.39740434,-0.051201437,0.611721,-0.06778536,-0.10486731
positions,16,-0.9617456,-0.7623804,0.02487628,0.000118443895,0.28929248
positions,17,-0.12862341,-1.2789497,-0.4561355,-0.014164972,0.2722076
positions,18,-0.34886155,-0.048107248,0.32851368,-0.08874307,-0.7289957
positions,19,0.4784758,0.19257924,-0.14083953,0.35336843,-0.2561238
positions,2,-0.91227967,1.7727997,0.6966556,4.318764,-7.7925487
positions,3,-4.7337465,0.3343833,2.2440271,0.9964783,0.7911057
positions,4,-3.526153,-0.30975592,3.4756267,-1.4409335,2.8376384
positions,5,-1.729345,-2.6123085,0.11118843,-1.4992057,6.4083166
positions,6,2.3290715,-7.5600543,-5.0789285,7.8797426,-0.4192983
positions,7,-18.711634,3.6323535,-2.20672,2.779723,2.0655642
positions,8,-3.3586018,2.7121232,-4.6969056,-2.1544168,4.925509
positions,9,0.42172542,0.7782783,-0.43194106,-0.62369466,-0.20049754
tokens,0,-0.7013921,-1.3519937,0.18935154,-0.22044118,2.6405942
tokens,1,-0.2732526,0.24473557,0.07057619,-0.2301341,-0.010822817
tokens,2,-0.011091357,1.1952277,1.1684968,-0.70749676,-0.23651391
tokens,3,-0.3989263,-1.2441579,-0.470238,2.767512,-0.53281265
tokens,4,-2.7903264,-2.8923163,-1.5145483,0.8937919,2.5722823
tokens,</s>,-0.5276108,0.2686902,0.2054408,-0.6800599,-0.16567978
tokens,<pad>,0.4673896,-0.6792129,-0.5461809,-0.075291425,0.09756986
tokens,<s>,-0.5585264,-0.50611454,-0.0038740626,0.12505683,-0.17676236
tokens,_,0.45679727,0.17211421,-0.62130594,-0.11221001,-0.2696227
tokens,_,-0.3211177,0.30845407,-0.045979783,0.44658998,0.2719772
tokens,_,-0.09068197,-0.30749717,-0.6183682,0.34349057,0.2900936
tokens,_,0.4452896,-0.2971839,-0.10544081,0.21958192,-0.123459555
tokens,_,-0.92455417,0.2957591,0.08642067,-0.056764346,0.031671442
tokens,_,-0.4776291,0.18425135,-0.2395914,-0.36643597,0.14193194
tokens,_,-0.1526016,-0.0868001,0.10029208,0.9470303,0.67502356
tokens,_,-0.4447526,0.3501564,0.68739074,0.23538356,0.09001535
tokens,_,0.042443726,-0.06262312,0.15123357,-0.05663418,-0.2978513
tokens,_,0.4055295,-0.0850088,-0.734758,-0.09596021,0.032164097
tokens,_,-0.02260012,-0.003988703,-0.21316724,-0.07113005,0.299013
tokens,_,0.3008197,0.43213025,-0.42918846,-0.43075243,0.5617839
