feature,value,1,2,3,4,5,6
attn_0_0_outputs,0,0.42167342,0.3827101,-0.29782635,-1.1523134,-1.4295428,-9.976576
attn_0_0_outputs,1,-0.35367945,-0.08745158,-0.034304675,0.11857727,1.1504754,1.1609023
attn_0_0_outputs,10,-0.57422084,-0.20535533,-0.14760351,0.009255767,0.8880641,1.3133643
attn_0_0_outputs,11,-0.45233482,-0.20400895,-0.07252914,0.17159232,1.1827536,0.9649942
attn_0_0_outputs,12,-0.28870034,0.024267817,0.32437444,0.6440126,1.451352,2.4163566
attn_0_0_outputs,13,-0.03335558,0.19288644,0.43837234,0.55790275,1.8513654,0.67717105
attn_0_0_outputs,14,-0.13302764,0.26476264,0.43579915,0.8048235,2.155673,0.37510896
attn_0_0_outputs,15,-0.0034899171,0.2549872,0.1652129,-0.027700707,1.103033,1.6628621
attn_0_0_outputs,16,-0.31819725,0.05903564,0.0013177246,0.07609001,1.2246392,1.3155254
attn_0_0_outputs,17,0.117878616,0.34127277,0.34685487,-0.02730901,0.9236802,2.0805097
attn_0_0_outputs,18,-0.26693463,0.19002771,0.23298852,-0.022201061,0.87413734,1.9159542
attn_0_0_outputs,19,-0.07438893,0.19520976,0.15204673,-0.6113995,1.0475309,-35.283524
attn_0_0_outputs,2,-0.14602949,0.11014432,0.29658067,0.17574653,1.4653662,1.5932636
attn_0_0_outputs,20,-0.001339304,0.92960757,0.3740184,-0.54394937,0.24157396,-0.42559797
attn_0_0_outputs,21,-0.35301492,-0.27491513,-0.6870861,0.7325024,-0.077757195,0.19578627
attn_0_0_outputs,22,0.21436287,0.12712114,-0.31109348,-0.4033521,-0.07922391,1.0393658
attn_0_0_outputs,23,0.34103963,-0.02478007,-0.668267,0.13034801,0.0861705,0.80483115
attn_0_0_outputs,24,0.46623173,0.043357164,0.07212641,0.15886389,0.56921935,-0.02975446
attn_0_0_outputs,25,-0.1948484,0.03643337,-0.47561923,-0.04542235,0.1594794,0.76914203
attn_0_0_outputs,26,-0.33172393,0.30004606,0.2036272,0.76251805,0.16079427,-0.23373565
attn_0_0_outputs,27,0.050272893,-0.33543217,-0.5931437,0.24639127,1.1832598,0.13743186
attn_0_0_outputs,28,-0.13105176,-0.008876294,0.34899366,-0.11967127,0.017910434,-0.11325408
attn_0_0_outputs,29,-0.035248745,-0.5105164,-0.16526383,0.09135519,-0.54865956,-0.13505982
attn_0_0_outputs,3,-0.32329237,-0.06296639,0.055763394,0.14774588,1.2415199,1.8703136
attn_0_0_outputs,4,0.003153803,0.36091068,0.3194711,0.46309033,1.6572663,1.8023549
attn_0_0_outputs,5,-0.15728106,0.17583555,0.3420098,0.51079917,1.5456808,1.8026913
attn_0_0_outputs,6,-0.24917758,0.061216623,0.08246969,0.162752,1.296487,2.2950904
attn_0_0_outputs,7,-0.41782275,-0.061972458,0.15954913,0.20459628,1.6145991,2.4551063
attn_0_0_outputs,8,-0.12519982,0.30667707,0.38633665,0.58556134,1.6783837,2.5325024
attn_0_0_outputs,9,-0.22301221,0.15990369,0.31018484,0.52788043,1.5163097,2.042877
attn_0_1_outputs,0,3.228918,-0.017440606,-2.4551623,-2.4758725,-7.5742364,-4.4757123
attn_0_1_outputs,1,0.10414274,0.51532996,0.31763676,1.0964117,1.1078335,2.5073757
attn_0_1_outputs,10,-0.36844832,-0.040969126,0.04676114,0.43615183,1.1556251,1.4133875
attn_0_1_outputs,11,-0.6032625,-0.15792114,-0.25778145,0.5651064,1.3235079,0.6025706
attn_0_1_outputs,12,-0.7516526,-0.11752877,0.21929747,0.91880345,1.4741713,0.6789713
attn_0_1_outputs,13,-0.13208842,0.20404376,0.28795907,0.37303963,1.0808889,1.4008771
attn_0_1_outputs,14,-0.5006858,-0.054484233,0.36857677,1.1420057,2.4275806,1.0163746
attn_0_1_outputs,15,-0.4337684,-0.42328036,-0.15853693,0.18016578,1.8003646,0.24337387
attn_0_1_outputs,16,-0.714376,-0.6375972,0.43570197,0.9008763,1.617162,-0.32057452
attn_0_1_outputs,17,-0.69649667,0.117279425,-0.040051397,0.2794079,3.2731493,2.4519277
attn_0_1_outputs,18,-0.59157187,-0.4735337,-0.22599146,1.317478,0.6636767,0.89675
attn_0_1_outputs,19,-1.0201901,-0.25141734,0.28103817,0.0042763613,2.3890758,-26.477222
attn_0_1_outputs,2,0.34511235,0.36391243,-0.31065744,-0.10274376,-0.30129486,2.3863704
attn_0_1_outputs,20,0.0743356,-0.31384987,0.65516365,-0.68957967,-0.7719662,-0.74862295
attn_0_1_outputs,21,-0.39763653,-0.39386794,-0.18181309,-0.2782382,-0.24668929,0.0014523045
attn_0_1_outputs,22,0.32645202,0.26815292,-0.27875307,0.50171554,-1.2676064,0.68889123
attn_0_1_outputs,23,0.39872184,0.78356004,0.7890145,0.10139282,-0.621249,-0.59656143
attn_0_1_outputs,24,0.33591977,-0.11454827,-0.30300128,-0.0675936,0.04284694,0.033169694
attn_0_1_outputs,25,0.06849204,-0.23657376,0.120248996,0.33109042,0.40115386,-0.15066156
attn_0_1_outputs,26,-0.06082692,-0.42059577,0.06007115,0.8658908,0.0022975395,-0.1366519
attn_0_1_outputs,27,-0.21040802,-0.015817018,0.3907032,0.33069313,0.78519815,-0.50516903
attn_0_1_outputs,28,-0.41415888,-0.2417734,0.6401177,-1.0989566,0.38388196,0.0035773295
attn_0_1_outputs,29,0.29564682,-0.4953248,0.03961435,0.207917,-0.77617216,-0.67360336
attn_0_1_outputs,3,-0.15740184,0.28268838,-0.29711604,-0.42604253,1.742375,0.28161085
attn_0_1_outputs,4,-0.72362506,0.14513715,0.25783974,1.1260494,1.6374053,1.5239203
attn_0_1_outputs,5,-0.98891854,-0.13348898,1.1275173,0.19441785,6.588908,2.521854
attn_0_1_outputs,6,0.65161484,0.78173625,-0.40736777,0.86866206,-0.9171057,2.3776493
attn_0_1_outputs,7,-0.480372,0.01829811,0.22620668,0.90292245,1.8630166,1.3476701
attn_0_1_outputs,8,0.28264168,0.2512923,-0.78494835,-0.42953503,-1.0308185,1.0474837
attn_0_1_outputs,9,-0.16344635,0.104473196,0.12868279,0.8004153,1.3860025,1.5526179
attn_0_2_outputs,0,-0.28938696,-0.37458265,1.4564639,-0.7865386,2.1339068,-1.3288155
attn_0_2_outputs,1,-0.30011752,0.031129587,0.13060895,0.106242105,2.6740541,2.4500585
attn_0_2_outputs,10,-0.24214998,-0.11307082,-0.09923243,-0.14781459,0.8696156,1.2223716
attn_0_2_outputs,11,-0.49576822,-0.26464015,-0.079417974,0.068548754,0.9919976,1.0816445
attn_0_2_outputs,12,-0.054138105,0.10461837,0.06863074,0.44654915,0.73408705,2.6725101
attn_0_2_outputs,13,-0.298324,-0.063976906,0.007973345,0.19302605,0.94832534,1.9001083
attn_0_2_outputs,14,-0.17187877,-0.03078684,0.24111305,0.43882576,2.0547326,1.2830614
attn_0_2_outputs,15,-0.041906964,-0.13789625,0.061417006,0.48617277,1.3838571,0.7159036
attn_0_2_outputs,16,0.089915425,0.22522458,0.3084631,0.26804733,0.90223724,2.4246914
attn_0_2_outputs,17,-0.007856792,0.5477771,0.48429692,0.20929319,0.35187057,2.231752
attn_0_2_outputs,18,-0.28855035,0.51932734,0.46991596,0.6136542,-0.23155439,2.3415778
attn_0_2_outputs,19,-0.27456164,0.23389333,-0.8658676,-0.13108793,0.40451837,-23.482605
attn_0_2_outputs,2,-0.3786035,-0.31887224,-0.7232731,-0.6773609,1.0271469,0.931831
attn_0_2_outputs,20,-0.063454725,0.61969817,0.44810683,0.032059744,-0.4418516,0.32698035
attn_0_2_outputs,21,-0.2244884,0.36529014,0.73089075,0.01734477,0.08369707,0.28648683
attn_0_2_outputs,22,-0.34569332,-0.026205486,0.6564969,-0.040545665,0.48280796,0.69987404
attn_0_2_outputs,23,-0.009100331,0.100951925,0.16640525,0.8134452,0.14374907,-0.3988963
attn_0_2_outputs,24,-0.07154043,0.025652297,-0.33541986,0.87472177,0.33548576,0.12841888
attn_0_2_outputs,25,-0.42276263,0.3001159,0.0782664,0.20349227,0.44084445,0.059740294
attn_0_2_outputs,26,-0.38829094,0.54783976,0.35546184,0.44541708,0.39739576,0.1225876
attn_0_2_outputs,27,-0.43372914,0.35990113,0.15913936,0.27877435,0.3271064,0.29281902
attn_0_2_outputs,28,0.25797135,0.33288288,0.73011816,0.085593164,0.07151109,-0.32275948
attn_0_2_outputs,29,0.30904385,0.22537163,0.44291985,0.19531745,0.055919733,-0.18088199
attn_0_2_outputs,3,-0.26412007,-0.26742822,-0.5422419,-0.31656343,1.0765845,0.41419443
attn_0_2_outputs,4,0.20363355,0.6640633,-0.850045,0.15544568,0.5486578,1.163425
attn_0_2_outputs,5,-0.14356399,-0.052680198,0.14433217,0.4249921,1.7330948,1.242482
attn_0_2_outputs,6,0.9933596,0.88794154,-0.6401367,0.9364317,-2.5164356,2.4241686
attn_0_2_outputs,7,-1.2943156,-0.7896475,1.3844073,-0.049093433,4.2206964,2.0580654
attn_0_2_outputs,8,0.37226433,0.51457673,0.5490599,0.76301855,2.7366934,2.1129372
attn_0_2_outputs,9,-0.04704732,0.14542606,0.009110694,0.1714252,1.0673745,1.3273052
attn_0_3_outputs,0,-0.44426244,-0.4798965,0.17103374,-1.2419211,1.0857052,-1.2595433
attn_0_3_outputs,1,-0.08815734,-0.07533524,-0.25565678,-0.80482084,-0.44530255,1.7789174
attn_0_3_outputs,10,0.31928444,0.1676327,-0.0035168952,-0.37915862,-1.292935,1.727188
attn_0_3_outputs,11,-0.31025046,-0.63460195,-0.3042214,-0.46276423,-0.5629333,2.3395114
attn_0_3_outputs,12,0.0610234,-0.17603946,0.21263883,-0.42817336,0.51353437,-0.55724454
attn_0_3_outputs,13,-0.5581801,0.1891478,0.096049406,0.90882295,2.3033352,1.5706402
attn_0_3_outputs,14,-0.9358607,0.11006679,0.6614659,1.8788421,6.456884,1.5058692
attn_0_3_outputs,15,0.1714822,0.16518617,0.051355332,-0.750283,0.07354056,-1.073873
attn_0_3_outputs,16,0.23624909,0.073781714,-0.200136,0.2272854,-0.51319736,0.49375823
attn_0_3_outputs,17,0.18183374,-0.18802673,0.36132988,-1.0690342,-1.543059,-0.3644401
attn_0_3_outputs,18,0.11633675,0.008894708,0.49802336,-0.27975938,-2.4938715,-0.7526288
attn_0_3_outputs,19,0.4585273,-0.06829412,-0.32321388,0.27665937,-1.0982747,-25.402765
attn_0_3_outputs,2,-0.17539752,-0.2237049,0.106596835,-0.68940294,-1.5517281,-0.5197336
attn_0_3_outputs,20,0.01242933,0.025821123,0.09593075,-0.37898457,-0.2694743,0.24594048
attn_0_3_outputs,21,-0.41650316,-0.16136368,-0.027234849,-0.07030369,0.027913203,-0.2713055
attn_0_3_outputs,22,0.076972686,-0.2652993,-0.094352975,-0.2950667,0.3047707,0.4493789
attn_0_3_outputs,23,-0.6093644,0.13286051,-0.08088599,-0.09482564,0.79266083,0.5890035
attn_0_3_outputs,24,0.10681215,-0.3477215,-0.8705175,0.36383453,-0.25607806,-0.3498973
attn_0_3_outputs,25,0.5073074,0.6831536,0.14157236,-0.17406447,-0.2906142,0.14967714
attn_0_3_outputs,26,0.2320483,0.25374237,-0.6982413,0.39609212,-0.19419685,1.009684
attn_0_3_outputs,27,-0.85377985,0.70410633,0.24485393,-0.0391423,-0.1314681,-0.09323246
attn_0_3_outputs,28,-0.3826009,1.0529284,0.5029852,0.2893139,1.5502162,0.83655095
attn_0_3_outputs,29,-0.36913586,-0.093470715,0.04008615,0.040337656,-0.59112084,-0.21289282
attn_0_3_outputs,3,0.914812,0.31307694,0.24464998,-0.52397656,-0.24519463,0.34496507
attn_0_3_outputs,4,-1.0110859,0.15749533,-0.52659184,1.4920557,1.9207541,2.228174
attn_0_3_outputs,5,0.18406889,0.14654483,0.09120042,-0.57957643,-0.15783994,1.67968
attn_0_3_outputs,6,-0.90712655,-0.46693575,-0.28939602,0.2365379,0.5310502,2.6059797
attn_0_3_outputs,7,0.29972,-0.0060849413,0.13688372,-0.7454493,0.42986426,1.2896577
attn_0_3_outputs,8,0.38884875,0.29504544,0.76082176,0.19384862,1.6622899,1.8502728
attn_0_3_outputs,9,0.1746744,-0.01972938,0.30942902,0.019222397,1.5365365,1.2533995
attn_1_0_outputs,0,-0.18557027,0.229443,-0.22799577,-0.87255216,-0.6967427,-0.9810232
attn_1_0_outputs,1,1.1362123,0.37466368,0.23235932,-0.70373344,-0.36780155,-0.96612465
attn_1_0_outputs,10,0.46640673,-0.4021266,-0.50308573,1.3235428,2.2841218,1.9163179
attn_1_0_outputs,11,-0.06805335,-0.21204126,0.019288646,-0.05787747,1.715444,2.3373992
attn_1_0_outputs,12,0.4404239,0.3865651,0.74858767,-0.36491027,-1.1311427,3.1728482
attn_1_0_outputs,13,-0.57514703,0.39460802,0.6685025,1.2045664,0.6559098,0.82523054
attn_1_0_outputs,14,-0.44337708,0.14874323,-0.84950703,0.8053465,0.35985452,-0.56898075
attn_1_0_outputs,15,0.4163601,-0.19722866,-0.79427135,1.1779237,1.4346918,0.98702204
attn_1_0_outputs,16,-0.5054539,0.19468132,0.47819856,1.2092516,1.7360234,-3.200076
attn_1_0_outputs,17,-0.118213326,-1.1327777,0.22598985,0.77579343,1.8073572,2.8934808
attn_1_0_outputs,18,0.12575558,0.12980574,-0.19915813,0.7353183,1.0447379,3.251328
attn_1_0_outputs,19,-0.24133764,0.38844588,-0.5150534,0.48813567,1.5096269,-0.21725442
attn_1_0_outputs,2,0.21341424,0.41482294,-0.15473527,-0.3051523,0.021966888,-0.36484036
attn_1_0_outputs,20,-0.10544779,-0.54796785,-0.7666457,0.30699205,0.9658229,0.18388109
attn_1_0_outputs,21,1.0188658,-0.42843294,-1.2991511,0.16028342,0.86711484,0.99895376
attn_1_0_outputs,22,0.031507842,-0.86116946,0.1876585,1.3586868,1.9132673,1.1216812
attn_1_0_outputs,23,-0.30906498,0.3970229,0.5734871,1.3070523,2.320497,0.2118971
attn_1_0_outputs,24,-0.47822902,0.3308216,-0.21605825,0.1883221,0.019018339,0.96264404
attn_1_0_outputs,25,0.08646874,0.86100566,0.47924444,0.4033833,0.07988886,0.8538992
attn_1_0_outputs,26,-0.9360304,0.41477913,0.23257838,0.0948523,0.049875934,0.94925934
attn_1_0_outputs,27,0.1361873,-0.38515815,-0.333208,0.38192928,1.360281,0.5215057
attn_1_0_outputs,28,0.24026854,-0.103297256,-0.35890186,-0.083489984,0.08557799,0.6320667
attn_1_0_outputs,29,-0.08917096,0.4688301,-0.5959846,0.42608565,0.5188302,0.51129943
attn_1_0_outputs,3,0.29871312,-0.47236717,0.5088321,-0.004631379,-0.19060875,-0.6718403
attn_1_0_outputs,4,0.22960468,0.49185672,-0.08412536,1.0189865,0.4157478,-0.33149967
attn_1_0_outputs,5,-0.09992244,0.04702644,0.066861175,-0.6150605,1.2801836,0.6651406
attn_1_0_outputs,6,-0.5310564,-0.48156744,-0.46093044,0.7063231,-0.6734028,1.0074627
attn_1_0_outputs,7,-0.17172924,0.010962422,0.24536498,-0.4205344,1.5209745,-1.3087482
attn_1_0_outputs,8,-0.3971887,0.2806267,-0.43159556,0.57040375,-0.11629103,-0.05174645
attn_1_0_outputs,9,-0.4661519,-0.17001821,-0.28638217,0.14288971,0.34192136,-4.166454
attn_1_1_outputs,0,0.63246644,0.27931258,-0.21535252,-0.50245,-0.68584365,0.58505934
attn_1_1_outputs,1,0.50137794,0.22870998,0.48245895,0.13672239,0.4477879,-0.771897
attn_1_1_outputs,10,0.14796628,0.021496758,-0.27172962,0.14871238,0.9521395,2.5508127
attn_1_1_outputs,11,-1.2091284,-0.20821744,1.1391327,2.4269419,6.9595785,4.697983
attn_1_1_outputs,12,-0.26849908,0.15315343,-0.025950776,-0.7230962,-0.34179497,1.9139701
attn_1_1_outputs,13,-4.222299,-2.2111106,0.9133632,5.7494206,15.882617,3.698099
attn_1_1_outputs,14,-0.050357457,0.1342642,-0.051274627,0.7801417,0.80980027,3.2494388
attn_1_1_outputs,15,-1.1043348,0.8939964,1.0837905,0.17594221,-1.2445663,1.7200367
attn_1_1_outputs,16,-0.2765881,-0.561794,-0.64059,-0.297552,0.37659046,1.0998762
attn_1_1_outputs,17,0.12312561,0.34495622,-0.05330535,-0.5310132,-1.1878991,2.9844182
attn_1_1_outputs,18,-0.068328075,0.1638175,0.1777298,-0.55607694,-1.1280184,1.1208842
attn_1_1_outputs,19,0.92942137,0.43735358,0.33640045,-0.092927806,0.80445385,-5.8440924
attn_1_1_outputs,2,0.21554755,0.5336471,-0.60300386,-0.1942066,0.9373189,-1.0636983
attn_1_1_outputs,20,0.026367353,0.34019482,0.12608713,0.33915907,-0.014971164,-0.12973739
attn_1_1_outputs,21,-0.19016579,-0.7828484,-0.13882703,-0.3077566,0.66370326,0.20796427
attn_1_1_outputs,22,-0.049464222,-0.4359818,0.33362943,0.112008594,-0.09337899,0.31625023
attn_1_1_outputs,23,1.4071313,0.11418663,-0.5393886,-2.3428895,-3.2851613,-3.0904198
attn_1_1_outputs,24,-0.14588128,0.19846016,0.20586693,-0.4516362,0.17072432,0.061151452
attn_1_1_outputs,25,0.47923204,0.14782844,-0.24885865,0.6183408,0.015240363,-0.027926844
attn_1_1_outputs,26,-0.588467,0.37622344,0.10645826,-0.7334054,-0.11654639,-0.03228163
attn_1_1_outputs,27,0.4185903,-0.2994147,-0.31235605,-0.27285212,0.3300117,-0.3240814
attn_1_1_outputs,28,0.08305549,-0.49134246,-0.51498824,-0.06095,-0.48855674,0.03494671
attn_1_1_outputs,29,-0.13280974,-0.052913796,-0.11477041,0.39024982,-0.21813491,0.7459845
attn_1_1_outputs,3,0.28592667,0.42947978,0.114232056,0.35111707,0.702898,1.9504129
attn_1_1_outputs,4,0.325942,0.08634509,-0.1470393,-0.7469954,0.19606611,0.023571797
attn_1_1_outputs,5,0.18155411,-0.0330536,-0.14867538,-0.07438995,0.44571534,1.2258928
attn_1_1_outputs,6,0.29668117,0.37815428,0.37365538,0.17715147,0.23978777,1.9584932
attn_1_1_outputs,7,0.5381215,0.26420957,0.1076098,0.24511507,1.0575608,3.0885203
attn_1_1_outputs,8,0.16744627,0.44306013,-0.06884616,0.1785899,1.2403697,1.8123003
attn_1_1_outputs,9,0.10476572,-0.19357441,0.060544997,0.14876017,0.8848339,2.6176186
attn_1_2_outputs,0,0.5350795,0.38704565,-0.4741713,-1.3129566,-2.3055108,0.48130855
attn_1_2_outputs,1,0.15245147,0.6476389,0.1672341,-0.8140596,-2.4412472,-1.9850906
attn_1_2_outputs,10,0.12623484,-0.1487313,-0.073696606,0.3585659,4.793945,1.4319575
attn_1_2_outputs,11,-0.51700693,-0.3713113,-0.23386008,0.40222988,4.3174863,1.4253393
attn_1_2_outputs,12,-0.13399251,-0.027406268,0.57090884,0.9655296,2.1304767,0.77441674
attn_1_2_outputs,13,-0.46037585,-0.19990551,-0.30105737,0.098511934,3.4537857,1.2119396
attn_1_2_outputs,14,0.009423327,0.2478939,0.4914732,0.4206,4.3161287,2.3635743
attn_1_2_outputs,15,-0.3005258,0.029296895,-0.34348202,0.18515691,4.7226305,0.8043572
attn_1_2_outputs,16,-0.9917998,-0.5154866,0.5759627,-0.5223767,3.5245838,1.5384698
attn_1_2_outputs,17,-0.4460709,-0.25463724,0.40961185,-0.25997102,4.171401,0.6690017
attn_1_2_outputs,18,-0.6228986,0.4465355,0.05022374,-0.061494917,2.0941885,3.0003912
attn_1_2_outputs,19,-0.26143828,-0.19292921,-0.13966136,0.58316994,4.336162,-8.313353
attn_1_2_outputs,2,-1.2431616,-0.69212306,-0.14548908,1.3450994,5.459847,1.9334457
attn_1_2_outputs,20,-0.2638061,0.6876709,-0.038948223,0.36354363,-0.34514266,-0.43877617
attn_1_2_outputs,21,-0.5474736,0.07095046,0.20130669,0.60690093,0.26416025,0.8598512
attn_1_2_outputs,22,-0.28607368,0.9812606,0.70253545,0.370761,-0.5892739,0.0289079
attn_1_2_outputs,23,0.5009371,0.036809873,0.8549509,-1.5869439,-2.8653605,-3.2153187
attn_1_2_outputs,24,0.0150605645,-0.036454536,0.061600067,-0.4260227,-0.09409677,0.31590196
attn_1_2_outputs,25,-0.09132172,-0.21506707,-0.02381319,0.49222153,-0.81163645,0.57162446
attn_1_2_outputs,26,-0.13510822,0.15537722,0.8336964,0.7076558,-0.90715814,0.054082192
attn_1_2_outputs,27,0.27598372,-0.23017274,-0.0029933816,0.4961326,0.6671042,0.82094246
attn_1_2_outputs,28,-0.6774308,-0.24492143,0.55946106,-0.36992365,0.35925797,0.12423592
attn_1_2_outputs,29,0.38268152,0.085116945,0.2992269,0.34524825,-0.24594916,-0.031971537
attn_1_2_outputs,3,-0.8495106,0.22364621,1.0665209,0.7786956,-4.1972184,-2.0390468
attn_1_2_outputs,4,-2.6876621,0.16582611,-1.5623127,5.6464777,3.6379278,2.620914
attn_1_2_outputs,5,-0.5570432,-0.15407766,0.9901247,0.49482068,-2.889717,-1.045112
attn_1_2_outputs,6,-2.7823615,-0.8570318,1.2483653,4.350364,4.8690233,5.50638
attn_1_2_outputs,7,0.29488042,0.5594984,0.25090355,-0.29271626,-0.5543561,1.9659736
attn_1_2_outputs,8,-1.374987,-0.49636665,0.82907605,1.0606664,-0.7785013,0.83544207
attn_1_2_outputs,9,-0.27182168,-0.09409358,-0.269512,0.104526296,3.4278898,1.9776171
attn_1_3_outputs,0,0.54654664,1.4666786,0.8597117,-2.4631414,-4.712867,-8.670284
attn_1_3_outputs,1,-0.069888175,0.3642798,-0.17805298,0.6286392,-1.8133019,0.6717147
attn_1_3_outputs,10,-0.3277145,0.2729558,-0.092616014,0.36916354,4.118645,1.6119484
attn_1_3_outputs,11,0.21400599,-0.61654526,-0.09065136,1.2776632,5.621418,2.1666436
attn_1_3_outputs,12,-0.7513003,0.05561896,0.21560912,1.5255212,5.2008586,3.195047
attn_1_3_outputs,13,-0.99849415,-0.9590827,-0.10620371,1.3570409,5.9515777,2.0938053
attn_1_3_outputs,14,-0.7819882,-0.1627446,0.3599435,0.9088687,8.00461,2.9988792
attn_1_3_outputs,15,-0.5426975,-0.2691473,0.48043022,0.52689946,4.679509,2.2258317
attn_1_3_outputs,16,-0.7502907,-0.78924996,0.33504525,0.0471979,3.0235312,2.3931181
attn_1_3_outputs,17,-1.2860465,-0.045142435,-0.25484228,1.1098672,4.5342555,2.5461566
attn_1_3_outputs,18,-0.54957265,0.3078071,-0.28107208,-1.2363445,3.727674,3.0541239
attn_1_3_outputs,19,-0.46385583,-0.4110538,-1.2417082,0.6819948,4.3942385,-7.638723
attn_1_3_outputs,2,0.22089258,0.12459943,0.2076715,1.1124979,-0.44022343,-3.2278166
attn_1_3_outputs,20,0.20560618,0.08246062,-0.17940158,-0.27689075,0.45972502,0.83903605
attn_1_3_outputs,21,-0.21753705,-0.45129195,-0.17110927,0.74765694,0.17593068,-0.36516207
attn_1_3_outputs,22,-0.40801805,-0.48113507,-0.3290975,0.05318216,0.11911194,0.771031
attn_1_3_outputs,23,0.28066638,0.9179409,0.2989036,-0.8896037,-3.3514464,-3.29786
attn_1_3_outputs,24,0.020949664,0.85590863,-0.015752848,-0.258673,0.57309455,-0.05387568
attn_1_3_outputs,25,-0.38078648,0.46031654,0.85315156,0.2990205,1.1276847,0.5283882
attn_1_3_outputs,26,-1.2817986,0.1347965,1.4280405,0.79741704,-0.26306525,0.94913757
attn_1_3_outputs,27,-0.20935446,0.16566227,-0.11127852,0.95814216,0.5847297,0.33096844
attn_1_3_outputs,28,-0.78187776,0.0055176057,-0.44805408,-0.0212212,0.19079399,0.032443754
attn_1_3_outputs,29,0.17466201,0.06471123,0.10593571,0.77613306,0.72505724,0.4482608
attn_1_3_outputs,3,0.22919798,-0.2931914,0.15604852,-0.16512078,-1.2730547,-2.392647
attn_1_3_outputs,4,-0.16942896,0.08988819,0.13495801,0.75580454,-2.405837,1.381353
attn_1_3_outputs,5,-0.31853405,-0.2758557,-0.09319951,-0.012399623,-1.3571845,-0.41060227
attn_1_3_outputs,6,0.6626748,0.64007485,-1.1594374,0.86032,-3.976962,9.17158
attn_1_3_outputs,7,-0.48508286,-0.07033608,-0.23624054,1.4431195,-0.74709946,1.6429411
attn_1_3_outputs,8,-0.875116,0.10115706,0.17220074,1.3293395,-0.7912421,2.6560273
attn_1_3_outputs,9,-0.8448764,-0.3816722,0.3276768,1.5464207,8.648444,3.7512224
attn_2_0_outputs,0,-0.18925646,0.13612747,0.3708437,0.76212585,3.0036674,3.2412086
attn_2_0_outputs,1,-0.3514844,-0.354748,0.3085648,0.48209724,2.0810206,-2.1136754
attn_2_0_outputs,10,-0.3846404,0.004614302,0.24982655,0.7558684,3.0577862,3.1352303
attn_2_0_outputs,11,-0.35101327,0.20211437,0.66781723,1.2303922,2.5635483,-5.1604905
attn_2_0_outputs,12,-0.49455237,-0.38036975,0.11939621,-0.27044377,0.8290384,2.2087429
attn_2_0_outputs,13,0.3829764,0.27248865,0.20948738,-0.25509855,1.1016092,-6.009125
attn_2_0_outputs,14,0.16096973,0.22256993,0.6902982,1.504953,2.7451048,2.5012727
attn_2_0_outputs,15,-1.3632716,-0.513319,1.2949355,1.6911258,0.8867604,1.880772
attn_2_0_outputs,16,-0.530803,-0.5693663,-0.34595448,0.2707819,3.7250926,0.09020182
attn_2_0_outputs,17,-0.8564964,-1.2879258,0.28805256,-0.5644598,1.4405483,3.504078
attn_2_0_outputs,18,-0.15354541,-0.4260005,0.053749166,-0.016706718,0.99991316,1.594694
attn_2_0_outputs,19,0.54715186,0.2924946,-1.0205885,0.17366242,3.063667,-6.872259
attn_2_0_outputs,2,-0.029231489,0.38562042,-1.0619166,-0.8349174,1.4857682,-1.6571244
attn_2_0_outputs,20,0.12037128,0.26278803,0.36683494,-0.31870583,-0.02507001,-0.46613628
attn_2_0_outputs,21,-0.28176242,-0.37908846,0.48629433,0.2445839,0.37682372,0.48894435
attn_2_0_outputs,22,0.42412668,0.459283,-0.05157858,-0.45746514,0.3166849,-0.03069896
attn_2_0_outputs,23,1.0368173,0.05314965,-0.2551174,-1.6449976,-1.7842038,-2.60176
attn_2_0_outputs,24,0.5318751,0.26059023,-0.6618105,-0.3581271,0.25960624,0.59002036
attn_2_0_outputs,25,-0.09494218,0.02349619,0.22733828,0.6111914,0.0037000913,-0.1731612
attn_2_0_outputs,26,-0.9338991,0.40581658,0.34245396,-0.75906885,0.09841398,-0.1050499
attn_2_0_outputs,27,-0.35600686,-0.41756457,-0.103255644,7.911066e-05,0.15424252,0.953841
attn_2_0_outputs,28,-0.40244937,-0.18202579,-0.12098909,-0.21840423,0.120864116,-0.5516553
attn_2_0_outputs,29,0.36955866,0.28556025,-0.009970951,0.42735383,-0.07750302,0.14571214
attn_2_0_outputs,3,-0.4067073,0.100285076,-0.16700335,0.101821356,2.4234414,0.39268032
attn_2_0_outputs,4,-0.44731224,-0.20590891,0.36213258,0.3972609,2.1192656,0.13300723
attn_2_0_outputs,5,-0.17143393,0.09373746,0.46001005,0.8808608,2.5370162,1.6988751
attn_2_0_outputs,6,-0.39977247,0.4762954,0.3590779,1.2085055,2.3757567,4.1834326
attn_2_0_outputs,7,-0.11748648,-0.3016796,0.3607123,0.17520966,1.6162804,1.4267805
attn_2_0_outputs,8,-0.11964725,-0.17234519,0.05425711,0.3854795,1.6007922,0.6407136
attn_2_0_outputs,9,-0.62086356,-0.0496797,-0.34113392,0.81883025,2.2393975,2.560728
attn_2_1_outputs,0,2.3785915,1.3054429,-0.23945951,-1.9264629,-1.3950511,-5.8388042
attn_2_1_outputs,1,-0.023293277,-0.13815556,0.25439358,0.39390427,0.11289072,0.929478
attn_2_1_outputs,10,-1.2341344,-0.36036605,0.13262993,1.785822,2.3205576,2.3112915
attn_2_1_outputs,11,0.09308871,-0.9683876,-0.13450208,0.69037634,1.8945075,2.2556288
attn_2_1_outputs,12,-0.2699017,0.48527268,1.247133,1.4936185,1.5368726,4.4420204
attn_2_1_outputs,13,-0.84642214,-0.56302947,0.18529466,1.3830314,1.9164301,2.6738183
attn_2_1_outputs,14,-1.1426944,-0.55353284,0.14297979,0.7598943,1.7770456,2.9685676
attn_2_1_outputs,15,-1.4866073,-0.5259638,0.8567316,1.0161041,4.8603997,2.2744563
attn_2_1_outputs,16,-1.220818,-0.8027599,0.1166503,0.9632992,3.9130151,3.253319
attn_2_1_outputs,17,-1.5569875,0.44954702,0.03550919,1.3803964,4.0099945,2.592599
attn_2_1_outputs,18,-1.0544707,-0.42229486,-0.6628493,1.5028744,3.1186926,4.9632087
attn_2_1_outputs,19,-1.3468887,-0.41836053,-0.71468353,1.9186008,3.7857692,-8.096241
attn_2_1_outputs,2,-0.23884206,0.20570736,0.69346815,0.5778735,-1.1809647,3.583423
attn_2_1_outputs,20,0.4677532,0.030125322,0.3551315,0.040830225,-0.30890775,0.016552646
attn_2_1_outputs,21,0.19542956,0.48265728,0.46931365,0.10787821,0.24991113,-0.14748609
attn_2_1_outputs,22,0.33946526,-0.06853124,-0.072338045,0.6631708,0.3116567,-0.39666745
attn_2_1_outputs,23,-0.116472624,-0.49229306,1.0051906,-1.2956972,-1.6267033,-2.151355
attn_2_1_outputs,24,-0.30235022,-0.21565299,0.2674527,-0.55604434,0.6087793,0.031520095
attn_2_1_outputs,25,-0.46346027,-0.0119607225,-0.21837479,0.850149,-0.047993124,0.043214522
attn_2_1_outputs,26,-0.9480507,0.026108753,0.8486958,0.16531083,0.31164768,0.38584235
attn_2_1_outputs,27,0.19864306,-0.18990974,-0.3001998,-0.23498641,0.8782283,0.12234189
attn_2_1_outputs,28,0.15858419,-0.18837315,0.021072743,-0.361394,-0.0011956503,-0.6456813
attn_2_1_outputs,29,-0.5867301,-0.19490391,0.5124437,0.21317264,-0.79474735,-0.46307927
attn_2_1_outputs,3,-0.6701087,0.03279761,0.1289394,0.33440968,0.40972918,-1.1501658
attn_2_1_outputs,4,-0.27195117,0.016668951,0.4742917,0.74948347,1.5335559,-0.3318439
attn_2_1_outputs,5,-0.7610764,-0.45003092,0.13988788,-1.1263119,0.10048835,-0.883305
attn_2_1_outputs,6,-1.8108231,-0.5089089,0.017462067,2.381739,5.0014277,6.3081274
attn_2_1_outputs,7,-0.4206336,-0.17595088,0.32653856,0.86776274,1.4075136,4.34853
attn_2_1_outputs,8,-0.729064,0.039722033,0.6506049,0.98257875,0.37705162,3.3268297
attn_2_1_outputs,9,-0.16257316,0.088820264,0.70805246,1.2096037,2.051541,3.1822648
attn_2_2_outputs,0,-0.0068918094,0.18849957,0.14687686,0.52330524,2.5304046,2.443573
attn_2_2_outputs,1,0.13132592,-0.08525447,-0.6738704,-0.25544322,2.1105745,-3.1182775
attn_2_2_outputs,10,-0.3647824,-0.1456977,-0.30919924,-0.36758557,2.3048928,3.2445443
attn_2_2_outputs,11,-1.1134803,-0.45639637,0.37841848,2.040775,4.8853025,3.5864158
attn_2_2_outputs,12,-0.9362247,-0.24391903,0.53613645,0.015204141,1.964332,1.9817922
attn_2_2_outputs,13,0.20702446,0.14263958,-0.0043961527,-0.08593416,1.6574395,-4.2855983
attn_2_2_outputs,14,-0.4661576,-0.14990725,-0.29008988,1.0034809,2.7720397,2.967467
attn_2_2_outputs,15,-0.7580254,0.03630041,0.7546327,1.3962985,1.8235972,0.9444528
attn_2_2_outputs,16,-0.26090026,-0.3543126,0.15378189,0.083621606,2.2247941,1.3117706
attn_2_2_outputs,17,-0.98312384,-0.50453323,0.3398841,-1.276085,1.8155899,2.3761783
attn_2_2_outputs,18,-0.41586974,0.023786757,0.16503604,-0.39062458,0.4191687,1.4942123
attn_2_2_outputs,19,0.24309222,-0.2215558,0.83853287,1.0534867,4.4403377,-6.6825128
attn_2_2_outputs,2,-0.06372774,0.053182725,0.05989774,0.277549,2.9419293,-0.50286454
attn_2_2_outputs,20,-0.340716,-0.38124865,0.00642665,0.0790782,0.6437146,0.5837244
attn_2_2_outputs,21,0.19019842,-0.16330853,0.6333203,-0.241464,0.785255,0.3821546
attn_2_2_outputs,22,0.3064035,-0.15404366,-0.02113227,0.43156677,0.47951493,0.71072686
attn_2_2_outputs,23,0.44612893,0.6003305,0.09417399,-0.98790985,-3.0359795,-2.484025
attn_2_2_outputs,24,0.3648536,-0.18916608,0.240753,-0.14393856,0.028259033,0.013113054
attn_2_2_outputs,25,-0.97909105,-0.07636919,-0.08119332,0.41300917,0.47989193,0.4053513
attn_2_2_outputs,26,-0.6810922,-0.16817346,0.7562564,0.18181023,-0.37014988,0.5804602
attn_2_2_outputs,27,0.034012288,-0.009710925,0.03728007,0.67073756,0.65695256,0.1535776
attn_2_2_outputs,28,0.1380906,-0.22062777,0.015219091,0.61102563,0.3647874,0.5454071
attn_2_2_outputs,29,0.33049616,-0.1852806,0.3449363,-0.08840195,0.0076717897,0.4542408
attn_2_2_outputs,3,-0.13790704,-0.30975014,-0.30606306,0.08497458,2.6697528,0.51355875
attn_2_2_outputs,4,-0.26607198,-0.60798836,-0.13946703,-0.280096,2.3082442,-0.11626799
attn_2_2_outputs,5,-0.8299178,-0.3284551,-0.1941657,-0.34582585,2.7288463,-0.03003917
attn_2_2_outputs,6,-0.6610847,-0.06585557,-0.1602753,-0.106514916,2.6000082,2.3611276
attn_2_2_outputs,7,0.30436268,-0.14872293,-0.12185754,0.24689965,3.3409839,2.2410405
attn_2_2_outputs,8,-0.19849709,0.33645657,-0.03382682,0.44332424,3.9481297,2.0149863
attn_2_2_outputs,9,-0.52269834,0.12517124,0.6075278,0.47395128,2.2304738,3.2197235
attn_2_3_outputs,0,0.55604285,0.41497436,-0.5159101,-1.1657795,-1.2587131,-1.0516348
attn_2_3_outputs,1,1.0189843,1.0679609,0.5310348,-0.9133208,-0.66906494,-0.4216574
attn_2_3_outputs,10,-0.7304458,0.5661154,0.7744035,0.91512483,2.54903,0.77777815
attn_2_3_outputs,11,0.05686241,-0.07235582,-0.45322144,-0.367377,1.8436863,1.4490209
attn_2_3_outputs,12,-0.13482304,0.1161756,-0.40082204,1.2781315,-1.5481461,2.1794186
attn_2_3_outputs,13,-0.40762913,-0.100096546,-0.01335962,0.41727084,0.6247738,2.838529
attn_2_3_outputs,14,-0.17789502,0.3295345,0.008556041,0.9651867,0.3076836,-0.3090614
attn_2_3_outputs,15,-0.39944202,0.1806934,-0.617835,-0.35133967,0.35727105,-0.28454077
attn_2_3_outputs,16,0.013483664,0.047973312,0.009618708,0.254277,0.89590466,-3.8865588
attn_2_3_outputs,17,-0.32914603,0.33670107,-0.33781338,0.26117045,-0.10429775,1.1534756
attn_2_3_outputs,18,-0.6259183,0.18372667,-0.4156165,0.79171246,0.332173,2.4856102
attn_2_3_outputs,19,0.14970465,-0.052947633,-0.07641964,0.37929773,1.9208481,-0.24014781
attn_2_3_outputs,2,0.13102747,0.22002354,-0.32326177,-0.7847931,-0.7901587,-0.7720272
attn_2_3_outputs,20,-0.49534145,0.29255894,0.042231265,0.69166815,0.25402445,0.17598675
attn_2_3_outputs,21,-0.17505507,-0.42727605,-0.2821672,0.14237218,0.1880655,0.77260494
attn_2_3_outputs,22,-0.79626423,-0.13589883,-0.1897823,0.34246576,0.31256694,0.61721665
attn_2_3_outputs,23,-0.5455021,-0.42433557,-0.3885274,0.26639915,1.9216863,-0.40468866
attn_2_3_outputs,24,-0.7981849,0.09307042,0.3115694,-0.18879104,0.3114666,1.2619393
attn_2_3_outputs,25,-0.15806656,0.59562314,0.10537363,0.46748757,0.233376,0.7069924
attn_2_3_outputs,26,-1.5408273,0.44466406,0.59027207,0.3676448,0.6840412,0.59446776
attn_2_3_outputs,27,-0.40417174,0.16569787,-0.508893,0.38777992,-0.20486698,0.84871
attn_2_3_outputs,28,-0.5477998,-0.19829394,-0.17580768,0.4404503,-0.060076438,0.050493374
attn_2_3_outputs,29,0.43482816,1.0145862,-0.819052,0.14419703,0.6127543,0.54762864
attn_2_3_outputs,3,0.38708878,-0.23222221,0.29769167,-0.25415322,-0.72367483,-0.18341129
attn_2_3_outputs,4,-0.3513589,0.5764212,-1.1577767,0.9083571,0.24718793,0.12415087
attn_2_3_outputs,5,-0.65544397,-0.14447545,0.9569586,-0.77769494,2.5115793,1.7072815
attn_2_3_outputs,6,-1.0921156,0.28696728,-0.8130402,1.7378056,0.17861496,3.300122
attn_2_3_outputs,7,-0.8998218,-0.70711845,0.8340318,-0.3356331,3.35072,-0.8296099
attn_2_3_outputs,8,-0.6009188,0.0039701457,-0.10005195,1.1607653,2.2483919,0.11406864
attn_2_3_outputs,9,0.33427724,0.18284084,-0.04967055,0.102142915,0.5981937,-3.395484
mlp_0_0_outputs,0,-0.13520135,-0.34315172,-0.14257869,-0.07293548,0.9910403,0.6759656
mlp_0_0_outputs,1,0.004460775,0.099834606,0.0036214176,0.35153523,1.1160095,1.952861
mlp_0_0_outputs,10,0.14351709,-0.10128362,-0.04448865,0.4513022,1.2538525,1.4784979
mlp_0_0_outputs,11,-0.7511758,-0.09725968,-0.17496589,0.48270008,0.99625045,1.4691807
mlp_0_0_outputs,12,-0.08971023,-0.023083836,-0.12025478,0.055122968,1.7221415,1.3501109
mlp_0_0_outputs,13,-0.38445777,-0.53908896,-0.44099703,-0.060896292,0.65736973,1.236807
mlp_0_0_outputs,14,-0.44294652,-0.41308588,-0.5513527,0.27264822,0.6868623,1.4902333
mlp_0_0_outputs,15,-0.22745763,0.15774156,0.12811287,0.36187807,1.3752753,1.4020145
mlp_0_0_outputs,16,0.054376975,0.06240799,-0.08438125,0.4598421,1.5082903,1.6888175
mlp_0_0_outputs,17,-0.16574742,-0.018477887,-0.218092,0.23500198,0.9573333,1.562918
mlp_0_0_outputs,18,0.14511287,-0.09987125,-0.15955424,0.46462193,1.1076298,1.7055573
mlp_0_0_outputs,19,-0.040836524,-0.12810801,-0.30312544,0.11627217,1.1384373,1.9663935
mlp_0_0_outputs,2,0.7301944,0.7279767,-0.2967141,-0.80542064,-3.1879468,-7.764103
mlp_0_0_outputs,20,-0.30923373,-0.14714669,-0.41804346,0.13835247,0.72641677,2.0767665
mlp_0_0_outputs,21,-0.09247923,0.013048808,-0.35644892,0.44385555,1.1706071,1.642771
mlp_0_0_outputs,22,-0.074477345,0.030644976,-0.018202744,0.6463274,1.4058061,0.6689946
mlp_0_0_outputs,23,-0.54128486,-0.1899333,-0.4905558,-0.16055042,1.2899823,1.6717442
mlp_0_0_outputs,24,0.0484153,0.15388688,-0.19816391,0.24254738,1.3113071,1.6012223
mlp_0_0_outputs,25,-0.035117604,-0.017754856,-0.22905035,0.2352891,0.85937226,1.6741408
mlp_0_0_outputs,26,-0.06040018,0.23667724,-0.15895818,0.23928966,1.5942734,1.605273
mlp_0_0_outputs,27,-0.26277602,0.082949035,-0.52270526,0.2147094,0.35552505,1.1920855
mlp_0_0_outputs,28,-0.3064667,-0.084292576,0.27227724,0.40535805,0.6877937,1.723008
mlp_0_0_outputs,29,0.043614566,-0.083256476,-0.22206226,0.15510958,1.100642,1.0070955
mlp_0_0_outputs,3,0.12434567,-0.1737868,-0.11163264,0.14280817,1.1480532,1.1053436
mlp_0_0_outputs,4,0.17008027,0.06683703,0.31040064,0.58615005,1.3025947,2.1278198
mlp_0_0_outputs,5,-0.24156056,-0.05499485,-0.27632374,0.22790726,0.9679298,1.6221673
mlp_0_0_outputs,6,-0.4196636,0.09133396,-0.31659117,0.42250204,1.3607289,1.615266
mlp_0_0_outputs,7,-0.020150863,-0.12054682,-0.36844793,0.44934633,1.1155571,1.2040883
mlp_0_0_outputs,8,0.15205008,-0.075509995,0.38645926,0.37123552,1.3376848,0.55643696
mlp_0_0_outputs,9,-0.3028641,-0.15646642,-0.4712876,0.60409623,1.6661055,2.2679648
mlp_0_1_outputs,0,-0.11023764,0.013003746,0.37581447,0.14140277,0.99519116,1.2957822
mlp_0_1_outputs,1,-0.49461967,-0.29829794,-0.047068536,-0.16737692,1.1054112,0.57121444
mlp_0_1_outputs,10,0.21965395,0.2483899,0.48659298,0.1427951,1.4615332,1.6743003
mlp_0_1_outputs,11,-0.16412573,0.051217183,0.06312353,0.15508056,1.2142878,0.5324135
mlp_0_1_outputs,12,-0.46448433,-0.06834461,-0.016114634,0.06834734,0.9311279,0.83919436
mlp_0_1_outputs,13,-0.46695656,-0.13732933,0.024556067,-0.047609866,1.0970668,0.8422346
mlp_0_1_outputs,14,-0.28212595,0.13282372,0.19409487,0.1451757,1.2319697,0.9210237
mlp_0_1_outputs,15,0.04016802,-0.15310429,0.48541734,0.17222485,0.7610349,1.4318058
mlp_0_1_outputs,16,-0.564636,-0.18868482,0.3335123,0.26958442,0.8822668,0.9368495
mlp_0_1_outputs,17,-0.39386877,-0.0076573933,0.056612145,0.20842808,1.2288345,1.1340271
mlp_0_1_outputs,18,-0.6233216,0.034667127,0.29139796,0.4440506,0.92380047,0.7522919
mlp_0_1_outputs,19,-0.39140987,-0.22055961,-0.17565954,-0.15229717,0.49936545,0.53864354
mlp_0_1_outputs,2,-0.18161589,-0.19823012,0.054478373,0.02053642,1.148195,0.71560884
mlp_0_1_outputs,20,-0.4008183,-0.101825565,0.70031637,-0.17028368,1.4743965,0.2742352
mlp_0_1_outputs,21,-0.19829926,-0.2854743,0.06265545,0.9931563,0.3755974,0.7848426
mlp_0_1_outputs,22,-0.3235341,-0.007123111,0.2933793,0.39962742,1.4250116,1.4649439
mlp_0_1_outputs,23,-0.16704622,0.17975721,0.49921557,0.4395001,1.7245566,0.64262754
mlp_0_1_outputs,24,-0.13855265,-0.16670857,0.24774735,-0.12547548,1.1376196,1.1441331
mlp_0_1_outputs,25,-0.2195536,0.057881728,0.34378386,0.09138738,1.4847145,0.58103186
mlp_0_1_outputs,26,-0.4802284,-0.12615404,-0.107393004,0.30160663,1.3854858,0.3999718
mlp_0_1_outputs,27,-0.34591252,-0.23974992,0.13977829,0.36531273,0.9428304,1.0929446
mlp_0_1_outputs,28,-0.3041818,0.24689174,0.4963794,0.3553483,1.1686283,0.5945723
mlp_0_1_outputs,29,-0.34160206,0.08556128,0.21443598,0.2813158,0.8983125,1.1393496
mlp_0_1_outputs,3,-0.21912773,0.38612038,-0.15199459,-0.20888372,1.4882145,0.6652845
mlp_0_1_outputs,4,-0.43057418,0.0154992575,0.45066857,0.49596918,1.7855796,1.0327674
mlp_0_1_outputs,5,-0.4711616,-0.14123888,0.13061021,-0.25694698,1.5229541,1.3887018
mlp_0_1_outputs,6,-0.76776886,0.2352137,-0.081971064,-0.1593958,0.35522425,1.1097262
mlp_0_1_outputs,7,-0.05560868,-0.06916568,0.22545783,0.3267832,1.113768,1.2204809
mlp_0_1_outputs,8,-0.62107456,-0.19012713,0.029250788,-0.27923054,0.9424867,1.330808
mlp_0_1_outputs,9,-0.4703337,-0.15912715,0.024132973,0.0111342985,1.0872705,0.0434453
mlp_1_0_outputs,0,0.22796464,-0.13707328,0.06979536,0.26251158,1.283086,0.35947388
mlp_1_0_outputs,1,-0.20131372,-0.11531295,0.012182637,0.09038687,1.4158013,1.5379262
mlp_1_0_outputs,10,-0.08631998,0.015807567,0.0019425853,0.16095357,1.1245829,0.30542955
mlp_1_0_outputs,11,-0.010092035,-0.12023628,0.08304057,0.018282954,1.1945051,1.4193982
mlp_1_0_outputs,12,-0.04127119,0.3064405,-0.1083151,0.05612022,1.1466565,2.4901514
mlp_1_0_outputs,13,0.12534663,0.47336102,0.7874312,-0.47604913,1.960032,1.6215351
mlp_1_0_outputs,14,-0.1004317,-0.20454544,0.059045356,0.040294472,1.2333149,1.0308973
mlp_1_0_outputs,15,-0.009493581,-0.051647797,0.04891144,0.12499446,1.7125168,0.75476384
mlp_1_0_outputs,16,-0.10669686,0.38646364,0.28335604,0.16114561,0.6685654,1.3258418
mlp_1_0_outputs,17,-0.05910428,0.089212336,-0.0267336,0.55758756,0.45405594,1.1097554
mlp_1_0_outputs,18,-0.006805872,0.050818387,0.45395988,0.13427867,0.9545649,1.8767878
mlp_1_0_outputs,19,-0.088104546,0.17304961,0.2892859,-0.2821025,1.0391452,0.8668796
mlp_1_0_outputs,2,-0.12670869,0.12149639,0.2745532,0.2954318,1.4572006,0.6118491
mlp_1_0_outputs,20,-0.20211211,0.0115403645,0.012536237,0.8253335,1.1863813,2.576993
mlp_1_0_outputs,21,0.00037655188,0.14854397,0.24724893,0.3794732,1.3364366,1.4183241
mlp_1_0_outputs,22,-0.36733308,0.068031415,0.10569995,-0.12505029,1.0713457,-0.18919675
mlp_1_0_outputs,23,-0.76431286,-0.543454,-0.21931684,0.003936871,1.8804668,0.15483992
mlp_1_0_outputs,24,0.12828565,-0.115578316,0.2905474,-0.13194364,0.9396393,0.64603496
mlp_1_0_outputs,25,-0.055549968,0.13257873,0.18666087,0.2972639,1.5918884,1.2519108
mlp_1_0_outputs,26,-0.12307837,-0.026160045,0.1929426,0.33221072,0.9108274,0.8779328
mlp_1_0_outputs,27,-0.11050852,-0.12448916,0.0388411,0.275693,1.3758302,1.1524142
mlp_1_0_outputs,28,-0.42661884,-0.29286247,-0.16800262,-0.13525486,1.1286906,0.9666012
mlp_1_0_outputs,29,-0.2430609,-0.05029347,0.07399473,0.57491505,1.0369325,0.915267
mlp_1_0_outputs,3,-0.25488278,-0.1523639,-0.022014078,-0.009341572,1.2549058,1.0152403
mlp_1_0_outputs,4,-0.5797358,-0.26533842,-0.13719723,-0.19454032,1.5899081,0.63166213
mlp_1_0_outputs,5,0.11991748,-0.26546186,-0.04755619,0.0040082345,0.97805935,2.0523534
mlp_1_0_outputs,6,-0.37348777,-0.061237138,-0.22529998,-0.32907224,1.5758172,1.0832834
mlp_1_0_outputs,7,0.13410455,-0.023498394,0.011626336,0.16191423,1.826249,1.0906513
mlp_1_0_outputs,8,-0.41206872,-0.22401385,-0.14642312,-0.1859342,1.1500065,0.9001277
mlp_1_0_outputs,9,0.17080103,0.4096005,-0.043343805,0.90461755,1.3571812,2.3342967
mlp_1_1_outputs,0,-0.5627702,-0.3228299,-0.1670449,-0.11375383,0.6538274,0.5759004
mlp_1_1_outputs,1,0.09127273,0.24818154,0.119630314,0.09431031,1.1370772,0.2667972
mlp_1_1_outputs,10,-0.34523055,-0.21454766,0.050771862,-0.20406769,1.0031731,1.215303
mlp_1_1_outputs,11,-0.30766404,0.10272193,0.25379288,0.29572096,1.3906342,1.0557045
mlp_1_1_outputs,12,-0.1740508,0.02430027,0.14540176,-0.22031486,1.6121916,2.7228663
mlp_1_1_outputs,13,-0.017796496,0.08373044,0.018222777,0.25409022,1.0172749,1.4621669
mlp_1_1_outputs,14,-0.033263948,0.18608604,0.29891008,0.4029807,1.2157824,1.6233114
mlp_1_1_outputs,15,-0.38869706,-0.06064612,-0.21623312,0.0009463055,0.694752,0.5975754
mlp_1_1_outputs,16,-0.43140027,-0.13273053,-0.3422057,0.037056193,0.784495,0.82061493
mlp_1_1_outputs,17,-0.38564554,-0.2507119,-0.5522679,1.5253023,0.94656134,0.9785405
mlp_1_1_outputs,18,-0.3551992,0.11851562,-0.08875671,0.29221812,0.67979753,1.7113158
mlp_1_1_outputs,19,-0.15608464,0.09377602,0.012881129,0.33424747,1.2819086,1.2313563
mlp_1_1_outputs,2,-0.01779581,-0.14201555,0.15813668,-0.027902238,0.4827541,2.122034
mlp_1_1_outputs,20,-0.41968164,-0.44580656,-0.12539381,-0.22927722,0.88903284,0.80477965
mlp_1_1_outputs,21,-0.78700244,-0.5390753,-0.19889018,-0.1631856,0.78083825,0.7416759
mlp_1_1_outputs,22,-0.6680643,-0.27629668,-0.38364252,-0.22289157,0.7575989,0.6839702
mlp_1_1_outputs,23,-0.02376358,-0.05122046,0.02460677,-0.14550772,1.261326,0.58956856
mlp_1_1_outputs,24,0.060075168,0.6155907,0.5363284,0.41267538,0.9746488,1.604258
mlp_1_1_outputs,25,-0.2989655,-0.013773726,0.16176677,-0.10869783,1.1591817,1.0505744
mlp_1_1_outputs,26,-0.13127473,-0.067053,0.32624698,0.17269297,1.1846784,1.3657436
mlp_1_1_outputs,27,0.06801783,0.42670682,0.16216321,0.5607435,1.1391091,1.2813053
mlp_1_1_outputs,28,-0.42091316,-0.26592755,0.032802887,-0.16669293,1.1199076,1.2202915
mlp_1_1_outputs,29,-0.30696493,-0.019738117,-0.028986027,0.09907993,1.1191155,1.2366849
mlp_1_1_outputs,3,0.05451313,0.49568576,0.17048922,0.19107032,0.8587916,1.4036162
mlp_1_1_outputs,4,-0.015543415,0.22008735,0.007642039,0.81610274,1.8257858,0.45483825
mlp_1_1_outputs,5,-0.0130770365,0.15501572,0.10761281,0.4243343,1.4313705,1.5665226
mlp_1_1_outputs,6,-0.56441754,-0.5835773,-0.19594596,-0.091332965,0.98991936,0.28626746
mlp_1_1_outputs,7,-0.3276994,0.115628734,0.40395892,0.53635883,1.1035353,1.3253415
mlp_1_1_outputs,8,0.27182278,0.37550166,0.6340919,0.6415385,1.485695,1.7099007
mlp_1_1_outputs,9,-0.7061954,0.5659066,-0.054667953,0.31968343,0.9514222,1.9466561
mlp_2_0_outputs,0,-0.27785513,0.09220983,0.15839624,0.32372025,1.4217304,1.1954072
mlp_2_0_outputs,1,-0.6477217,-0.48691455,-0.1446431,-0.01579997,1.1700953,-0.85555154
mlp_2_0_outputs,10,-0.5983637,-0.31055626,-0.50374544,0.5366898,1.0294474,0.029074632
mlp_2_0_outputs,11,-0.12019526,-0.3685962,-0.0428832,0.15161143,0.90877557,0.82764345
mlp_2_0_outputs,12,-0.20786431,-0.09180112,0.040514052,0.35874352,1.4356607,1.4232799
mlp_2_0_outputs,13,-0.79230034,-0.65115297,-0.5919931,0.0053488794,0.7312301,0.8530731
mlp_2_0_outputs,14,-0.3270741,-0.33362737,-0.27346212,0.051283505,0.7989137,1.2097329
mlp_2_0_outputs,15,-0.063996084,0.25903773,0.21792407,0.8218572,0.8444039,1.4361182
mlp_2_0_outputs,16,-0.46326953,-0.41180295,-0.32218796,-0.028759044,0.25090116,1.1442221
mlp_2_0_outputs,17,-0.14272997,-0.04975097,0.09766666,0.3565874,1.1141992,1.0311322
mlp_2_0_outputs,18,-0.47631904,-0.40622,-0.25352395,0.13658993,0.8666148,1.1089752
mlp_2_0_outputs,19,0.15230489,0.23140965,0.35307568,0.90843093,1.0082173,2.860272
mlp_2_0_outputs,2,-0.3251241,-0.0695599,0.008564917,0.28549874,1.0313065,1.0428902
mlp_2_0_outputs,20,-0.07820425,-0.13248971,0.08948302,0.40346256,1.308409,1.4962331
mlp_2_0_outputs,21,-0.057611555,-0.098874934,-0.028250353,0.44427416,1.4188536,1.1232052
mlp_2_0_outputs,22,0.19171411,0.23684971,0.14308755,0.7626126,1.4095814,1.6156783
mlp_2_0_outputs,23,-0.03131216,0.12516133,0.16056556,0.5667939,1.4034318,1.5001923
mlp_2_0_outputs,24,-0.15261462,-0.11313864,-0.023376253,0.4633071,1.1612906,0.3185741
mlp_2_0_outputs,25,0.06620295,0.47937363,0.2976044,0.975584,1.1286708,1.7199382
mlp_2_0_outputs,26,-0.12853472,0.22549279,0.3277863,0.8499084,2.1366882,0.6197582
mlp_2_0_outputs,27,-0.19204623,-0.07421913,0.034953438,0.21236058,1.1015344,1.3252783
mlp_2_0_outputs,28,-0.51724595,-0.17600203,-0.19725381,0.12597673,1.1330695,0.26176402
mlp_2_0_outputs,29,-0.3180929,-0.02183081,-0.18133044,0.3241279,1.6181715,1.0165634
mlp_2_0_outputs,3,0.13905355,-0.1614399,0.19886234,0.6814863,1.1041131,0.7730553
mlp_2_0_outputs,4,-0.33641368,-0.29434,-0.062171288,-0.09794313,0.44093406,1.4891869
mlp_2_0_outputs,5,-0.374505,-0.4331473,-0.30599815,0.25425082,0.56550205,1.5391155
mlp_2_0_outputs,6,-0.07164123,0.076285884,-0.08828002,0.6638563,0.91484296,0.97849214
mlp_2_0_outputs,7,0.01238066,-0.14146593,-0.2673623,0.49951392,0.59201646,0.73471016
mlp_2_0_outputs,8,-0.45382297,-0.34860402,-0.028253153,0.36275914,0.8275498,1.0069739
mlp_2_0_outputs,9,-0.6276218,-0.28325367,-0.35799432,1.1291853,0.65728444,1.1799929
mlp_2_1_outputs,0,0.27298856,0.02039919,0.059042815,0.42851943,0.8820159,0.11696718
mlp_2_1_outputs,1,-0.12532698,0.265843,0.36020008,0.13141626,1.3762298,1.3282418
mlp_2_1_outputs,10,-0.14091906,0.37555072,0.112139374,0.15097035,1.4127734,1.6436821
mlp_2_1_outputs,11,0.3531099,0.14934717,0.25159353,0.50885296,1.3992146,1.5291822
mlp_2_1_outputs,12,0.28679776,0.12661415,0.24035184,0.7186821,1.3116301,1.6485567
mlp_2_1_outputs,13,-0.04145039,-0.034108117,0.13328566,0.010434936,0.93972945,1.2521952
mlp_2_1_outputs,14,-0.1773477,-0.2713389,-0.18055369,0.33341357,2.5263512,0.79453284
mlp_2_1_outputs,15,-0.6210204,-0.24342583,-0.3211302,-0.37985417,0.68075895,0.89191496
mlp_2_1_outputs,16,-0.27588084,0.08127352,0.016178481,0.08340006,0.7538199,0.63010997
mlp_2_1_outputs,17,0.056807887,0.11629946,-0.038850237,0.67252815,1.2333287,1.3474663
mlp_2_1_outputs,18,-0.30894282,-0.120791435,-0.3007137,-0.37989172,0.90087897,0.78695697
mlp_2_1_outputs,19,-0.2595772,0.019498402,0.010557828,0.20316845,0.73326045,0.4220323
mlp_2_1_outputs,2,-0.17890699,-0.28736594,-0.15443894,-0.37593293,1.2349991,1.246935
mlp_2_1_outputs,20,0.24091211,-0.16068523,0.36396855,-0.10510806,0.6824966,1.1336654
mlp_2_1_outputs,21,-0.149326,0.16152458,0.040682897,0.06983171,0.97660345,1.2839582
mlp_2_1_outputs,22,0.3218504,0.27644032,0.2738992,0.24449812,1.717771,1.7673448
mlp_2_1_outputs,23,0.30051956,-0.008318112,-0.02281299,0.09112115,1.3760517,0.46274522
mlp_2_1_outputs,24,-0.03580312,0.04800125,0.027027864,0.3745315,1.2830346,1.138945
mlp_2_1_outputs,25,-0.27182162,-0.042744845,-0.2258607,0.10080014,0.8699471,1.2071245
mlp_2_1_outputs,26,-0.2615192,0.044603705,0.06848378,0.23629446,0.85880274,2.223143
mlp_2_1_outputs,27,0.32419354,-0.05457599,0.006477444,0.5863904,1.4953821,1.4696026
mlp_2_1_outputs,28,-0.05130146,-0.14713661,-0.046984196,-0.020044133,1.7457476,1.4411318
mlp_2_1_outputs,29,0.21591103,0.31877306,0.41449746,0.30275223,1.4414469,1.4636312
mlp_2_1_outputs,3,-0.08502384,0.017045155,0.028444374,0.11716363,1.2415156,1.0466874
mlp_2_1_outputs,4,-0.31415755,-0.047576312,0.017388282,-0.20894958,1.0310591,0.958244
mlp_2_1_outputs,5,-0.15727346,-0.10332302,-0.08647008,-0.025717836,1.164981,0.91321284
mlp_2_1_outputs,6,0.10411121,-0.009696298,0.32724035,0.31495702,0.9480355,0.70980954
mlp_2_1_outputs,7,-0.12933339,0.117724255,0.2445261,-0.26444292,1.14113,0.4945681
mlp_2_1_outputs,8,-0.47998354,-0.09566315,0.2003578,-0.3347667,0.7880344,1.1273093
mlp_2_1_outputs,9,-0.25292748,-0.08572014,-0.06628889,0.00018772553,1.4521046,0.96980995
num_attn_0_0_outputs,_,1.7333091,0.4576309,-0.6800723,-2.0009432,-7.7665653,-4.6160917
num_attn_0_1_outputs,_,-1.7974751,-1.73934,2.4651616,2.1736639,1.9807415,2.0758858
num_attn_0_2_outputs,_,-3.5496912,-0.94649035,1.7852854,6.44551,12.578875,2.4871607
num_attn_0_3_outputs,_,0.3269847,0.39162117,0.36500534,0.02385747,-3.2519698,-3.583981
num_attn_1_0_outputs,_,-0.9347835,-1.0264796,0.73004144,2.6364493,-5.045519,1.3210101
num_attn_1_1_outputs,_,2.589391,1.1031264,-1.0575385,-4.537078,-11.067915,-20.951906
num_attn_1_2_outputs,_,-1.0358528,-1.0960547,0.94944924,2.156423,5.5571046,14.1523905
num_attn_1_3_outputs,_,0.14165609,0.1346025,-0.016814873,-0.16644475,-0.3197698,-0.87914115
num_attn_2_0_outputs,_,1.0626543,0.8212259,0.0012525478,-1.2893784,-5.59765,-3.2173975
num_attn_2_1_outputs,_,1.2207633,0.37048253,-1.1524402,-3.600643,-8.919589,-14.284605
num_attn_2_2_outputs,_,-0.07572712,0.08263315,0.1729347,0.2432418,-0.14973587,-1.5956155
num_attn_2_3_outputs,_,0.38860318,0.29494447,0.030841673,-0.6135459,-1.7672849,-14.882768
num_mlp_0_0_outputs,0,-0.06551622,-0.029096087,-0.18834347,-0.046306442,0.5100923,0.0131292185
num_mlp_0_0_outputs,1,0.19045517,0.6607415,0.4072039,0.60190177,0.35419196,0.43969736
num_mlp_0_0_outputs,10,-0.7267597,0.07410378,0.5239729,0.9983217,1.0187014,0.6300603
num_mlp_0_0_outputs,11,0.022308009,-0.0021956093,0.26264632,0.54154176,0.7737399,0.60957056
num_mlp_0_0_outputs,12,-0.1608673,0.632342,0.3410999,0.4713283,-1.1669955,0.5552667
num_mlp_0_0_outputs,13,-0.8123678,0.041844275,0.65922445,0.75200456,0.062279936,2.8053398
num_mlp_0_0_outputs,14,-0.4355032,-0.0239533,0.4187451,0.4818679,0.67998993,0.26127002
num_mlp_0_0_outputs,15,-0.14901653,-0.113856375,0.35469565,0.9157896,0.98560584,0.56021965
num_mlp_0_0_outputs,16,-10.61039,-5.6634293,3.3718576,9.939467,17.186861,8.212834
num_mlp_0_0_outputs,17,-0.60118806,-0.20865363,-0.09525446,0.30443615,0.5395855,0.8281555
num_mlp_0_0_outputs,18,-0.42743936,-0.093515456,0.40991074,0.5617049,0.6848493,0.39069578
num_mlp_0_0_outputs,19,-0.86011565,-0.15906341,0.39984426,0.31040585,0.6804023,0.35680577
num_mlp_0_0_outputs,2,-0.3340922,0.11270755,0.030423205,0.28214768,-0.70303595,-0.39753553
num_mlp_0_0_outputs,20,-0.33630252,0.36450228,0.63248634,0.6014116,0.3020151,0.058194682
num_mlp_0_0_outputs,21,0.13484089,0.22480448,0.38629794,0.7369565,0.7060752,0.47244135
num_mlp_0_0_outputs,22,-0.38331118,0.39239568,0.53625536,1.0912682,1.0712689,0.6490367
num_mlp_0_0_outputs,23,3.8113341,2.0758474,-2.89733,-10.78861,-15.40012,-8.652138
num_mlp_0_0_outputs,24,-1.1650773,0.008823137,0.61074287,0.74612683,0.53375113,0.84972644
num_mlp_0_0_outputs,25,-0.45993268,-0.00044377145,0.31472263,0.40665513,0.16319048,0.36094886
num_mlp_0_0_outputs,26,-4.411571,-0.62976915,3.0975866,4.241684,4.560226,5.357848
num_mlp_0_0_outputs,27,-0.086317375,0.15448494,0.22366309,0.523211,0.6758209,0.953686
num_mlp_0_0_outputs,28,-0.27130115,0.21981125,0.45305222,0.57448363,0.46672428,0.060706355
num_mlp_0_0_outputs,29,-0.4918159,0.025466628,0.5198755,0.34274223,0.482893,0.4386464
num_mlp_0_0_outputs,3,-0.37473208,-0.0687585,-0.054900218,0.29869395,0.52986115,-0.3339045
num_mlp_0_0_outputs,4,-0.08563625,-0.010702563,-0.13044648,0.36403942,0.3307353,0.029933393
num_mlp_0_0_outputs,5,-0.28981328,0.031665374,0.29948297,0.60992235,-0.2823468,-0.6083585
num_mlp_0_0_outputs,6,-0.36134586,-0.03523731,-0.02128152,0.27276158,0.4220093,0.30571732
num_mlp_0_0_outputs,7,-0.33889428,-0.6624265,0.352274,0.9185089,1.9870827,0.6759212
num_mlp_0_0_outputs,8,-0.19253485,0.2981978,0.8072982,0.61707646,0.9323724,0.21731216
num_mlp_0_0_outputs,9,-6.1326036,-1.2086128,2.1813014,6.3164415,9.583668,31.0207
num_mlp_0_1_outputs,0,-0.19267455,0.12812524,0.43205422,-0.06292243,0.67610437,0.063198574
num_mlp_0_1_outputs,1,-0.42723426,-0.21234934,0.71728444,0.43395284,0.8969242,0.6267038
num_mlp_0_1_outputs,10,-0.4379649,0.06651871,0.08250122,0.16464472,1.0584797,1.1278074
num_mlp_0_1_outputs,11,-0.3842729,0.013907135,-0.071836814,0.5323476,1.0924089,0.9637589
num_mlp_0_1_outputs,12,-0.28450057,0.46748748,0.24717578,0.68579686,0.9867618,2.3549674
num_mlp_0_1_outputs,13,-0.34750047,-0.04408374,-0.15728417,-0.0395546,1.0653399,1.0800346
num_mlp_0_1_outputs,14,0.2763308,0.52722627,0.28034705,0.65474814,0.90581596,1.6138536
num_mlp_0_1_outputs,15,-0.04661966,0.19358322,0.037753724,0.14526752,1.2475822,0.8299954
num_mlp_0_1_outputs,16,-0.3454043,-0.04228348,-0.041801535,-0.22718868,1.1835848,2.0021808
num_mlp_0_1_outputs,17,-0.23279938,0.57099193,-0.10369415,0.033790685,1.0962132,0.442894
num_mlp_0_1_outputs,18,-0.62740684,0.085926734,-0.9470195,-0.7003169,0.9302221,0.38515908
num_mlp_0_1_outputs,19,-0.17250346,0.43287396,0.02390848,0.34787083,1.193968,0.8373228
num_mlp_0_1_outputs,2,-0.29533854,0.19135903,0.06991261,0.27326408,0.94246894,0.63196903
num_mlp_0_1_outputs,20,-0.044988114,0.37579042,0.26854202,0.5435419,0.98989975,0.3380601
num_mlp_0_1_outputs,21,-0.5084518,0.022509264,-0.06716385,-0.11124635,1.1741068,0.9225992
num_mlp_0_1_outputs,22,0.11273526,0.23801279,-0.10619184,0.5992295,1.0704584,1.0759124
num_mlp_0_1_outputs,23,-0.26230177,0.09555239,-0.28597108,0.38757834,0.69904166,-0.33565426
num_mlp_0_1_outputs,24,-0.12202962,0.098287605,-0.06806924,0.3517545,1.4052838,1.6283684
num_mlp_0_1_outputs,25,0.14236483,0.18132015,0.15455501,0.50415915,0.9719354,1.639191
num_mlp_0_1_outputs,26,-0.15274481,0.40270007,0.71192145,0.85043687,1.0201521,1.8042446
num_mlp_0_1_outputs,27,-0.40602946,-0.11763986,-0.2907631,0.021516174,0.35417402,1.3308009
num_mlp_0_1_outputs,28,-0.60812956,-0.078195624,-0.19345202,-0.23890197,0.9167679,1.2112579
num_mlp_0_1_outputs,29,0.25353616,0.3248595,0.26398116,-0.061100747,1.3417541,1.2467914
num_mlp_0_1_outputs,3,0.036420878,0.16572726,0.11620041,0.09612948,1.2168555,1.2757481
num_mlp_0_1_outputs,4,0.10683052,0.30635196,0.0778568,0.43575922,1.2387897,1.4132466
num_mlp_0_1_outputs,5,-0.41728425,-0.027043328,-0.05533404,0.1539425,1.1459491,1.6198641
num_mlp_0_1_outputs,6,-0.085965216,0.14474134,0.0777366,-0.24542397,1.0575672,0.548283
num_mlp_0_1_outputs,7,-0.30433825,0.27414685,-0.054258674,0.14579502,0.81340665,0.06972855
num_mlp_0_1_outputs,8,-0.18396991,-0.11115812,0.007353607,-0.17225192,0.14393309,0.57193595
num_mlp_0_1_outputs,9,0.7180212,-0.35357225,0.13448374,0.3751865,0.78164476,1.6920182
num_mlp_1_0_outputs,0,-0.58913964,0.026547339,-0.075416654,0.3413374,1.6770034,1.0154295
num_mlp_1_0_outputs,1,-0.26870856,0.066042684,-0.33364722,0.16679373,1.0502399,1.3555604
num_mlp_1_0_outputs,10,-0.20672075,0.024181014,-0.23289083,-0.22997607,1.15268,1.7101554
num_mlp_1_0_outputs,11,-0.44576555,-0.0027142595,-0.10760923,0.05512117,1.1552434,1.1413594
num_mlp_1_0_outputs,12,-0.31026748,-0.26783016,-0.1111928,0.4320503,1.9463475,1.4032118
num_mlp_1_0_outputs,13,-0.27157557,0.12529755,0.00064941443,0.18512952,1.187374,0.9695293
num_mlp_1_0_outputs,14,-0.24802257,0.14757726,0.15593235,0.33144993,1.3345109,0.49455777
num_mlp_1_0_outputs,15,-0.5146972,0.19259281,-0.22068931,0.3727312,0.7044258,0.8992606
num_mlp_1_0_outputs,16,-0.23923646,0.5132196,0.375947,0.3191612,0.95844066,0.98389685
num_mlp_1_0_outputs,17,-0.27575198,0.16050376,0.047873534,0.2296013,1.268986,1.258284
num_mlp_1_0_outputs,18,-0.18185686,0.2582715,-0.52557945,0.17846306,0.21784282,0.7617036
num_mlp_1_0_outputs,19,-0.57521975,0.09271651,-0.551564,-0.10670392,0.8500232,0.39433107
num_mlp_1_0_outputs,2,-0.11402882,0.31797716,-0.08117219,0.39463657,1.0816412,1.0048001
num_mlp_1_0_outputs,20,-0.2571934,0.15098341,0.0880712,0.316832,1.4605153,1.0930052
num_mlp_1_0_outputs,21,-0.42959294,-0.17608172,0.057490576,0.2915529,0.67581,1.3896183
num_mlp_1_0_outputs,22,-0.75432223,-0.33052295,-0.3645981,-0.21533224,0.774093,0.43330047
num_mlp_1_0_outputs,23,0.0920281,0.1620225,0.124487594,0.0154500995,0.7720479,1.3738109
num_mlp_1_0_outputs,24,-0.37268752,-0.13419294,-0.017300222,0.29357427,0.55616283,1.2156506
num_mlp_1_0_outputs,25,-0.21356139,0.25025865,0.012964421,0.4487817,2.0826044,1.3209
num_mlp_1_0_outputs,26,-0.22376738,-0.08362461,0.21457617,0.54578924,0.71900564,1.478392
num_mlp_1_0_outputs,27,-0.5432827,0.050047733,-0.13769084,-0.018289752,1.1024626,0.7555336
num_mlp_1_0_outputs,28,-0.111331455,-0.33026063,-0.3308764,0.009774091,0.978775,0.54640174
num_mlp_1_0_outputs,29,-0.02069464,0.17050302,-0.027223261,0.28375602,1.061487,2.3073058
num_mlp_1_0_outputs,3,-0.39127368,-0.0696059,0.05095494,0.13939103,0.80570716,1.0192816
num_mlp_1_0_outputs,4,-0.6079107,-0.07880382,-0.14757021,0.21137576,1.2384284,0.73481095
num_mlp_1_0_outputs,5,-0.30323967,0.3206248,0.40001506,0.6091203,1.8526459,1.1470314
num_mlp_1_0_outputs,6,-0.38382816,-0.111563824,-0.11575039,0.11160409,0.7346533,2.248875
num_mlp_1_0_outputs,7,-0.8508008,-0.46326005,-0.29240644,-0.727376,0.424527,0.6748012
num_mlp_1_0_outputs,8,-0.37815058,0.028473737,-0.069450304,0.13653007,1.2011913,1.1123515
num_mlp_1_0_outputs,9,0.030589163,0.23889466,0.15378402,0.5633072,1.3295386,0.7517365
num_mlp_1_1_outputs,0,0.30641377,0.4040134,-0.25144666,0.06536622,0.84814584,1.7653948
num_mlp_1_1_outputs,1,-0.17687316,-0.1167357,-0.07146528,-0.010630215,1.056637,1.1700352
num_mlp_1_1_outputs,10,0.07180101,-0.19010505,0.3746689,0.4764466,1.2053806,1.372623
num_mlp_1_1_outputs,11,0.00010663411,0.21170792,0.09920628,0.00535179,1.4710631,0.63227737
num_mlp_1_1_outputs,12,0.22749473,0.10291439,0.36001733,0.30012426,1.0281689,0.6506398
num_mlp_1_1_outputs,13,-0.21361993,0.005612357,0.016322436,0.38585114,1.1701006,0.92344916
num_mlp_1_1_outputs,14,0.13103281,-0.12446935,0.1295924,-0.41608173,0.38893062,-0.22699536
num_mlp_1_1_outputs,15,0.08480101,0.12442396,-0.028954323,0.1746055,0.9980223,1.2160553
num_mlp_1_1_outputs,16,0.0026311225,0.10651257,0.07510227,0.029523043,1.6315873,0.47607523
num_mlp_1_1_outputs,17,0.43485874,0.3247172,0.18072215,0.33261928,1.2397122,0.8109667
num_mlp_1_1_outputs,18,-0.2556554,0.2564668,-0.22395928,0.6499001,0.9479457,1.3202534
num_mlp_1_1_outputs,19,0.26663536,-0.03827887,0.42921966,0.6205534,1.4534489,1.2028667
num_mlp_1_1_outputs,2,0.2471229,0.16907431,-0.06569323,0.38083538,1.6566277,1.7394445
num_mlp_1_1_outputs,20,0.16436026,0.14251988,0.09440937,0.23646328,1.172175,1.0383006
num_mlp_1_1_outputs,21,-0.017852835,-0.05215598,0.03691235,0.05133164,0.5484096,0.5770867
num_mlp_1_1_outputs,22,-0.04944439,-0.11320376,-0.028673805,0.019937336,1.3521928,0.8377769
num_mlp_1_1_outputs,23,0.9569605,-0.1153386,-0.41103685,-0.027334541,1.5557517,1.42253
num_mlp_1_1_outputs,24,-0.14976813,-0.09574582,-0.06559802,0.067204244,1.089562,1.0634173
num_mlp_1_1_outputs,25,-0.16921502,-0.10399354,-0.38590258,0.13078535,0.8138147,0.68703985
num_mlp_1_1_outputs,26,-0.042382974,-0.1836734,-0.13071795,0.06670992,0.82373846,1.1471772
num_mlp_1_1_outputs,27,0.21480621,-0.0044065304,-0.19516012,0.12656376,1.3089955,1.8472477
num_mlp_1_1_outputs,28,-0.17336683,-0.20974232,-0.21990386,-0.1600685,1.1721,1.5427121
num_mlp_1_1_outputs,29,-0.09593241,-0.121600844,-0.21663824,-0.39452025,0.95102227,0.5248985
num_mlp_1_1_outputs,3,-0.3331735,-0.18037948,0.19201988,-0.024030086,0.94229096,1.170773
num_mlp_1_1_outputs,4,-0.2850532,-0.12996724,-0.22633825,0.06729821,1.2160928,1.6153997
num_mlp_1_1_outputs,5,0.10556592,0.17240879,0.27225393,0.35971764,1.3750385,1.8069694
num_mlp_1_1_outputs,6,-0.42088252,-0.39682963,-0.67081356,-0.38357952,0.9213195,0.3930368
num_mlp_1_1_outputs,7,0.056453023,0.033026632,0.11651318,0.10715651,1.3445369,0.90737486
num_mlp_1_1_outputs,8,-0.57930136,-0.6257056,-0.49506634,-0.21194956,0.85577303,-0.5350151
num_mlp_1_1_outputs,9,-0.12312525,-0.21621194,-0.25956002,0.17091918,0.96303463,1.2156497
num_mlp_2_0_outputs,0,-0.5899812,0.23202148,-0.2559495,-0.1456488,1.4435575,0.546214
num_mlp_2_0_outputs,1,-0.072250396,-0.050562497,0.14449956,0.6075078,1.3211122,1.3442323
num_mlp_2_0_outputs,10,0.023883333,-0.14818299,-0.09711171,0.31956676,1.3368577,0.7133759
num_mlp_2_0_outputs,11,-0.19066204,0.11482252,-0.0052576195,-0.09579198,1.1965797,1.6572943
num_mlp_2_0_outputs,12,0.3635354,0.8107747,0.38205105,0.8156468,1.0204281,1.2760264
num_mlp_2_0_outputs,13,-0.42931652,-0.47208726,-0.6315909,-0.15716027,0.9811639,0.5259999
num_mlp_2_0_outputs,14,-0.323959,0.009580602,0.06918011,0.25285587,0.92009604,-0.25270447
num_mlp_2_0_outputs,15,-0.21478981,-0.005622759,-0.26935104,0.04603919,0.9518523,0.9528137
num_mlp_2_0_outputs,16,-0.11391893,-0.001472001,0.22100829,-0.39068392,0.8182805,0.7266595
num_mlp_2_0_outputs,17,-0.11039498,0.1965723,0.30852422,0.67618775,1.1308836,0.89562666
num_mlp_2_0_outputs,18,-0.02560908,0.16593866,0.5337339,0.11239456,1.281626,1.0920545
num_mlp_2_0_outputs,19,-0.38871655,-0.30251563,-0.18635663,-0.13015914,0.43100563,2.0020275
num_mlp_2_0_outputs,2,-0.7085526,-0.03672242,-0.28281677,-0.26354435,0.87354106,1.5755606
num_mlp_2_0_outputs,20,-0.46980974,0.33697703,-0.52851385,-0.2398826,0.6884975,0.47884756
num_mlp_2_0_outputs,21,-0.09077216,0.4222865,-0.083309226,0.23735462,1.1707857,1.2702051
num_mlp_2_0_outputs,22,-0.5107442,-0.024909275,-0.20614709,-0.14106485,1.2082086,0.56739646
num_mlp_2_0_outputs,23,-0.1723892,0.09868864,0.11600621,0.13098064,2.022994,0.9855386
num_mlp_2_0_outputs,24,-0.37532595,-0.08272296,0.111515306,0.081135735,1.2971548,1.3597571
num_mlp_2_0_outputs,25,-0.19702262,0.3741247,0.3224382,0.32702848,2.0797925,2.2576897
num_mlp_2_0_outputs,26,-0.272562,-0.56490445,-0.09246636,0.15487885,1.695051,0.72071874
num_mlp_2_0_outputs,27,-0.22471482,-0.016349034,0.03345866,0.20825599,1.3064986,0.38368702
num_mlp_2_0_outputs,28,-0.11692499,0.24881019,0.14989084,0.3791242,1.4287595,1.4502572
num_mlp_2_0_outputs,29,-0.3763541,-0.16742532,-0.49291393,-0.30987746,0.6340039,0.2746485
num_mlp_2_0_outputs,3,-0.10363313,0.2676018,0.16650447,0.45258301,1.4390959,1.3495734
num_mlp_2_0_outputs,4,-0.09478531,0.12875378,0.23769487,0.3096284,1.412517,1.3976952
num_mlp_2_0_outputs,5,-0.313845,-0.013947269,0.057613567,0.81862557,1.0407063,0.9092307
num_mlp_2_0_outputs,6,-0.41089365,-0.07050089,-0.19579394,-0.13724734,0.9660739,0.39629078
num_mlp_2_0_outputs,7,-0.5158269,-0.20477049,-0.270316,-0.04815214,1.0222936,1.1140909
num_mlp_2_0_outputs,8,-0.027875956,0.09617691,0.12518954,0.25791582,1.5048488,0.9122918
num_mlp_2_0_outputs,9,-0.44287518,-0.02790565,-0.17001693,0.052193318,1.2088671,1.3366582
num_mlp_2_1_outputs,0,0.022528734,0.1265663,0.30037794,0.5231752,1.2651017,1.1165836
num_mlp_2_1_outputs,1,-0.17065234,0.23826165,0.23575906,0.5519114,1.0155768,1.1212193
num_mlp_2_1_outputs,10,-0.68261015,0.20716342,0.15986663,0.520791,0.62843734,1.0559667
num_mlp_2_1_outputs,11,-0.7173658,-0.23339663,-0.25580516,0.57215935,1.0537645,0.51883477
num_mlp_2_1_outputs,12,0.17955752,-0.076845646,-0.035211567,0.38522086,1.6245129,1.889423
num_mlp_2_1_outputs,13,-0.27157685,0.45493466,-0.07039371,0.33734378,0.81067765,1.410045
num_mlp_2_1_outputs,14,-0.21785298,-0.15959169,0.38822755,0.012573362,1.4771664,1.2271017
num_mlp_2_1_outputs,15,0.0601887,0.07983296,0.043788347,0.3310591,1.2912533,1.3761775
num_mlp_2_1_outputs,16,0.036911402,0.4524408,0.26867867,0.41657972,1.4599173,1.4212554
num_mlp_2_1_outputs,17,-0.42092824,0.029414702,-0.16427703,0.16549249,0.5413559,0.9440204
num_mlp_2_1_outputs,18,0.005116936,0.4344516,-0.030561686,0.38222826,1.296105,0.48952058
num_mlp_2_1_outputs,19,-0.46877927,-0.2649328,-0.27166754,0.095278054,0.41077048,0.24596885
num_mlp_2_1_outputs,2,-0.3382647,-0.17036681,0.03812351,0.13079467,1.2572582,1.4044172
num_mlp_2_1_outputs,20,-0.54955137,-0.46863776,-0.0015697385,0.409995,0.74342954,0.7317116
num_mlp_2_1_outputs,21,-0.36539704,-0.08205713,-0.1450039,0.22138987,1.0001031,0.8034742
num_mlp_2_1_outputs,22,-0.0103909,0.31357184,-0.07840358,0.6067905,1.2464898,0.44449937
num_mlp_2_1_outputs,23,-0.13422348,-0.04127582,0.024309289,0.016638257,1.1408861,1.4708586
num_mlp_2_1_outputs,24,0.13776334,-0.1633668,0.024494326,0.60286975,1.1831686,1.5457731
num_mlp_2_1_outputs,25,-0.46247074,-0.24792437,-0.14320774,-0.015258905,0.9295048,1.0026878
num_mlp_2_1_outputs,26,-0.18703528,-0.33499143,0.066715114,-0.18549146,1.2313553,1.0751911
num_mlp_2_1_outputs,27,-0.34847337,-0.11161873,0.0042791995,0.15318991,1.180406,1.121619
num_mlp_2_1_outputs,28,-0.47708914,-0.01199901,-0.58253366,-0.12394832,0.69505554,1.5984101
num_mlp_2_1_outputs,29,-0.04808056,-0.21856837,0.45281306,0.3289144,0.89020574,1.981823
num_mlp_2_1_outputs,3,-0.24696884,0.010789034,0.114172526,-0.0035012157,1.2496088,0.64928454
num_mlp_2_1_outputs,4,0.15736926,0.11673506,0.19529946,0.4593389,0.972652,1.1828237
num_mlp_2_1_outputs,5,-0.05435818,0.16423295,0.27061445,0.32005337,1.3199974,1.1499308
num_mlp_2_1_outputs,6,-0.56687397,-0.09785094,-0.04397079,0.00636191,1.1812925,1.5874135
num_mlp_2_1_outputs,7,-0.30748793,0.0754729,0.22395301,0.7218281,1.4862038,1.1534655
num_mlp_2_1_outputs,8,-0.63153315,-0.31996846,-0.34361455,-0.17883523,0.9026457,0.8030105
num_mlp_2_1_outputs,9,-0.3238307,0.009338836,-0.039116044,0.16034532,2.3171358,1.2648573
ones,_,-0.31205058,-0.4184158,0.056770246,0.5433235,1.0210253,1.2500689
positions,0,0.47184798,0.0012421954,0.4404411,-0.6246744,-0.04243825,-0.010072288
positions,1,1.5755693,0.5640142,-2.564966,-0.92748994,-6.08168,0.9618956
positions,10,0.13750674,0.29783082,-0.12519157,0.058103275,-0.418747,1.3856963
positions,11,-0.045293838,0.02509078,0.04679625,0.1907512,1.1608387,1.1109749
positions,12,-0.45304385,0.0909588,0.46523446,0.68225217,1.8311752,0.7557496
positions,13,0.15953755,0.40929693,-0.20183337,-0.07921748,-0.27836987,1.7629896
positions,14,-0.08048382,0.20365539,-0.4794814,-0.26334175,-0.43066713,1.661988
positions,15,-1.6659738,-0.9813026,2.748713,3.0156736,4.2551837,5.232558
positions,16,-1.4625487,-0.85596836,2.398138,2.2222552,2.3586628,3.2377577
positions,17,-1.6386371,-1.0251046,2.2689636,1.8819205,1.4377882,3.2871094
positions,18,-1.0318983,-0.81225103,2.4583886,1.9739263,1.4603784,4.734214
positions,19,-1.6873398,-1.3438574,2.9473724,2.3027205,3.4789753,-7.3319163
positions,2,0.10111606,-0.110447735,-0.46826395,0.26250285,-1.2076409,1.3134916
positions,20,-0.26246846,0.08808576,-0.37508035,-0.048301406,-0.34163767,-0.7541865
positions,21,-0.08587276,-0.4698283,-0.48832476,0.12586933,1.1608104,-0.20447741
positions,22,-0.04076796,-0.31114355,0.0007875427,0.07988437,-0.10627411,-0.1956557
positions,23,0.061256144,0.15721811,-0.054331325,-0.027598863,-0.1629409,-0.4522252
positions,24,0.030330574,0.0980859,-0.6073271,0.25964704,0.50498307,-0.30040234
positions,25,0.1900179,0.13386996,-0.46492642,0.027205821,-0.50678265,0.25841695
positions,26,0.0010407654,0.011247404,-0.12466447,0.11480009,0.044224873,-0.18397407
positions,27,0.44378543,0.18186294,0.87987965,0.26152968,-0.8345543,-0.05064153
positions,28,0.09551979,-0.6826175,0.22762749,0.38928598,0.112740755,0.2655956
positions,29,0.5098329,0.29962137,-0.019285323,-0.07991418,0.1736796,-0.6811616
positions,3,0.32784027,0.05767595,-0.17292495,0.45606655,-1.1114908,1.5995693
positions,4,0.17333865,0.006161643,-0.3501687,0.39659774,-1.2505708,1.3917316
positions,5,-2.4199939,-0.915982,1.5285972,0.22802316,10.674746,1.235745
positions,6,-0.7894524,-0.53668165,1.1430657,-0.14654435,4.321663,1.777392
positions,7,0.04663828,0.5714137,-1.429021,0.4033766,1.9943917,0.71463364
positions,8,-0.7092466,0.16389334,0.27972063,0.9153589,4.042416,1.4364548
positions,9,-1.3175325,-0.13738209,0.738733,0.9962138,5.169861,2.2361882
tokens,0,0.12483341,0.30292132,0.35108325,0.4804883,1.934572,1.9057178
tokens,1,-0.29527965,-0.08846563,-0.055076703,0.11704087,1.5685004,1.3075274
tokens,2,-0.18406563,0.006729082,0.063427106,0.2034502,1.4663749,1.1796697
tokens,3,-0.47726655,-0.32466537,-0.2824488,-0.10534421,1.3122694,1.1794106
tokens,4,-0.20987594,0.008057643,0.09948062,0.27771345,1.7511169,1.4210774
tokens,5,-0.013317482,0.21041349,0.26104546,0.42626524,1.6384581,1.369664
tokens,<pad>,0.4737018,-0.5130197,-0.40850198,-0.30873203,0.07889144,-0.09142112
tokens,<s>,0.47145224,-0.04868515,-0.8799741,0.26017636,0.08932283,0.1324765
tokens,_,0.61814964,0.2585214,-0.4016123,-0.7579056,-0.3449061,-0.8978933
tokens,_,-0.10894098,0.016173435,0.18032877,0.5438769,0.5970457,-0.8533498
tokens,_,-0.5224381,0.1384033,0.5903972,-0.32442635,-0.50909543,-0.071065925
tokens,_,0.14019607,-0.08102648,-0.97208816,0.089512855,-0.88979954,0.2538606
tokens,_,0.25984803,-0.39590856,0.23825729,0.38226268,-0.18118231,-0.41777137
tokens,_,-0.3421548,0.8952782,0.11009782,-0.24396929,0.56563836,0.21677677
tokens,_,-0.2419628,0.013687195,-0.72427076,0.20098405,-0.3729261,-0.13088726
tokens,_,0.60790586,-0.61729383,0.28593424,-0.034721803,-0.37006968,0.21142116
tokens,_,0.7958591,0.23697245,-1.0881892,0.21352957,-0.09072209,0.88590765
tokens,_,0.3776139,-0.05430252,-0.044123042,-0.28328642,0.004606925,-0.8644802
tokens,_,0.5175211,-0.32622564,-0.22073531,-0.2732132,0.0032956018,-0.35627127
tokens,_,1.0763497,-0.19660637,0.2149444,-0.21712175,0.2905664,-0.4243162
tokens,_,0.36355585,-0.044755377,-0.20937443,-0.42879227,-0.45760757,-0.44958693
tokens,_,0.13837825,-0.014090943,-0.10883127,-0.94530785,-0.66395485,-0.7018756
tokens,_,0.05602349,-0.42993474,0.28818727,-0.33696833,0.11642757,0.16983716
tokens,_,0.08045633,0.27727866,0.06342641,-0.85348326,-0.0724426,-0.44158357
tokens,_,0.77124125,0.06083116,-0.14441454,0.6623383,-0.05789038,0.24658123
tokens,_,0.34854063,0.24007937,-0.100240305,0.1399157,-0.068141565,0.24051799
tokens,_,0.9222468,0.23618473,-0.23984687,0.4552893,-0.43258786,-0.06625691
tokens,_,0.31217062,0.57733154,-0.6582358,0.06539848,-0.034912325,0.023925917
tokens,_,0.023281533,-0.0769388,0.3422961,-0.6712919,0.23068601,0.2937269
tokens,_,0.42702815,0.103210084,-0.7697167,-0.35029042,-0.35997927,0.3180444
