feature,value,F,P,T
attn_0_0_outputs,(,-0.75267863,0.4327713,-0.32456708
attn_0_0_outputs,),0.6731378,-0.59430766,0.35833707
attn_0_0_outputs,<pad>,0.7924327,0.47347203,0.74201936
attn_0_0_outputs,<s>,-0.7577492,1.1649715,0.40962258
attn_0_0_outputs,_,0.029159013,0.42102948,0.45499355
attn_0_0_outputs,_,-0.50676346,-0.5623814,-0.9282766
attn_0_0_outputs,_,1.0072563,0.09257506,-0.092847005
attn_0_0_outputs,_,-0.39949375,0.45779687,0.6639638
attn_0_0_outputs,_,-0.12919904,-0.018742695,0.60164624
attn_0_0_outputs,_,0.30911696,0.46026376,-0.036441218
attn_0_0_outputs,_,0.034362745,-0.30657768,0.27342194
attn_0_0_outputs,_,0.11156704,0.4108435,-0.891261
attn_0_0_outputs,_,0.006761268,0.0846527,0.13262787
attn_0_0_outputs,_,-0.57563496,-0.08251101,0.81856996
attn_0_0_outputs,_,-0.21536689,-0.2652799,-0.5391951
attn_0_0_outputs,_,-0.18392496,-0.22250238,-0.09322794
attn_0_0_outputs,_,-0.85207605,0.3495062,0.11521125
attn_0_0_outputs,_,0.7030449,0.7507889,-0.3741583
attn_0_0_outputs,_,0.13266262,-0.16645406,-0.46082824
attn_0_0_outputs,_,-0.5111872,-0.08754417,-1.6940252
attn_0_0_outputs,_,0.5006944,-0.85556316,-0.4389366
attn_0_0_outputs,_,1.380937,-0.27738777,-1.441988
attn_0_0_outputs,_,-0.11797012,0.003978083,-0.32656983
attn_0_0_outputs,_,0.09502858,0.2627156,-0.30423662
attn_0_0_outputs,_,-0.5901795,-0.20610966,-0.033781853
attn_0_0_outputs,_,0.82759535,-0.88213724,-1.5192652
attn_0_0_outputs,_,0.24825348,-0.7885297,-0.30026534
attn_0_0_outputs,_,0.27444607,0.024682896,0.5502726
attn_0_0_outputs,_,0.48040643,0.4949009,0.67617375
attn_0_0_outputs,_,-0.04038205,-0.0011669275,0.32825902
attn_0_0_outputs,_,0.753938,-0.11511005,0.22115436
attn_0_0_outputs,_,-0.19996566,-0.036451213,-0.25013524
attn_0_0_outputs,_,-1.0908821,0.58754104,-0.60415286
attn_0_0_outputs,_,-0.5997348,-1.1184449,-0.0056979246
attn_0_0_outputs,_,0.0834524,-0.58177996,-0.5235177
attn_0_0_outputs,_,-0.19701967,-0.24308456,-0.2940538
attn_0_0_outputs,_,-0.16918077,-1.2913481,-0.85556304
attn_0_0_outputs,_,-0.08385547,-0.6887418,0.37192613
attn_0_0_outputs,_,0.14734712,0.19738132,-0.14227165
attn_0_0_outputs,_,-0.23024099,-0.26488158,-0.6083729
attn_0_1_outputs,(,0.7159106,0.86551267,-0.04804171
attn_0_1_outputs,),0.16573851,0.03170416,0.22033139
attn_0_1_outputs,<pad>,1.368883,0.452697,-1.2237198
attn_0_1_outputs,<s>,0.37179488,-0.010461052,-1.1077011
attn_0_1_outputs,_,0.45997956,-0.6107742,-0.2566863
attn_0_1_outputs,_,0.134322,0.34965998,-1.1723799
attn_0_1_outputs,_,1.3788822,0.13277188,0.3719351
attn_0_1_outputs,_,1.0416445,-0.7833013,-0.42951185
attn_0_1_outputs,_,-0.088487424,-0.12541026,-0.3793348
attn_0_1_outputs,_,0.43065396,-0.4868772,-0.003417919
attn_0_1_outputs,_,0.15161549,0.032907285,-0.77985585
attn_0_1_outputs,_,-0.26224485,-0.0070601245,0.20068632
attn_0_1_outputs,_,-0.2494379,0.49685267,1.148185
attn_0_1_outputs,_,-0.30070874,-0.10516779,-1.2365999
attn_0_1_outputs,_,1.526564,-0.56437945,-1.9259903
attn_0_1_outputs,_,-0.08036544,0.5653226,0.534487
attn_0_1_outputs,_,-0.9985478,-0.17582956,0.33950686
attn_0_1_outputs,_,0.4298712,0.30128726,0.81659114
attn_0_1_outputs,_,0.40006375,-0.25750703,-1.4105614
attn_0_1_outputs,_,-0.65336275,1.0705533,-1.5486745
attn_0_1_outputs,_,0.9279198,-0.5642848,0.6852454
attn_0_1_outputs,_,0.33787933,0.23957515,-1.1417056
attn_0_1_outputs,_,0.35212588,-0.4606104,0.20898017
attn_0_1_outputs,_,-0.30330428,0.78206563,-0.13144296
attn_0_1_outputs,_,0.40374407,0.30304804,0.88387835
attn_0_1_outputs,_,0.38433355,-0.9507131,-0.5296243
attn_0_1_outputs,_,-0.6873243,-0.12927015,-0.8494798
attn_0_1_outputs,_,0.383106,0.06416839,-0.17032465
attn_0_1_outputs,_,0.2102289,-0.43641287,-0.072296344
attn_0_1_outputs,_,-0.54072535,0.13349098,0.03339419
attn_0_1_outputs,_,0.3830267,1.0788008,0.1098283
attn_0_1_outputs,_,-0.90136105,0.85252565,0.58773464
attn_0_1_outputs,_,-0.18272278,-0.041316636,-0.6007825
attn_0_1_outputs,_,0.8270589,-0.7751396,0.37363276
attn_0_1_outputs,_,0.5714426,0.3482345,1.0878692
attn_0_1_outputs,_,0.61872834,0.044943973,-0.405486
attn_0_1_outputs,_,-0.33337408,0.5391031,0.39597696
attn_0_1_outputs,_,0.59186167,-1.6281868,-0.1000847
attn_0_1_outputs,_,-0.62488145,0.8469988,-0.4715447
attn_0_1_outputs,_,-0.38189536,-0.5502525,0.7888715
attn_0_2_outputs,(,-0.0011416541,0.007295543,-2.610259
attn_0_2_outputs,),-0.8228974,0.94895065,1.3595586
attn_0_2_outputs,<pad>,0.7479591,-1.7856735,-0.71738684
attn_0_2_outputs,<s>,-0.06106611,1.0902793,0.4755366
attn_0_2_outputs,_,1.4896516,-2.4629104,0.074653655
attn_0_2_outputs,_,0.5430587,0.50133085,-0.043229897
attn_0_2_outputs,_,0.07009168,-0.07429021,-0.54629624
attn_0_2_outputs,_,1.2302814,-1.9617887,1.4803448
attn_0_2_outputs,_,-1.415327,0.28791156,-0.60674435
attn_0_2_outputs,_,1.1512794,-0.96113557,0.99860764
attn_0_2_outputs,_,0.2846562,-0.5699838,1.4835579
attn_0_2_outputs,_,-0.6775138,-0.06513681,1.1403735
attn_0_2_outputs,_,-1.293913,1.14946,-0.3061926
attn_0_2_outputs,_,-1.719392,0.77593493,1.1954345
attn_0_2_outputs,_,-1.0954701,0.62846667,1.0063355
attn_0_2_outputs,_,-0.46387762,0.4084206,0.6154255
attn_0_2_outputs,_,-2.011321,-0.64569193,1.6171255
attn_0_2_outputs,_,-0.092226714,-0.16691115,-0.48367754
attn_0_2_outputs,_,0.18349114,0.4695895,-1.0873371
attn_0_2_outputs,_,-0.09824473,0.8510472,-0.9463963
attn_0_2_outputs,_,0.015678497,0.35609132,-0.30555484
attn_0_2_outputs,_,-0.973614,0.07673332,-0.5051165
attn_0_2_outputs,_,0.3202094,0.011309853,0.71178466
attn_0_2_outputs,_,0.15432206,0.05736492,0.05387585
attn_0_2_outputs,_,0.65590435,-0.916073,-0.08324
attn_0_2_outputs,_,0.96710134,-0.888138,-1.6068802
attn_0_2_outputs,_,0.59402406,-0.013832599,-0.020983985
attn_0_2_outputs,_,-0.8968691,-0.48509037,0.5461954
attn_0_2_outputs,_,-0.51715547,-0.74415773,-0.18627575
attn_0_2_outputs,_,0.9191691,0.83617467,-0.08323709
attn_0_2_outputs,_,-0.8427332,-0.4121893,0.0019094304
attn_0_2_outputs,_,0.84340894,0.61369777,-0.49565834
attn_0_2_outputs,_,0.39067617,0.053443737,0.99781215
attn_0_2_outputs,_,0.24899286,-0.06892176,0.5280453
attn_0_2_outputs,_,0.23811306,-0.54352975,-0.39503032
attn_0_2_outputs,_,0.5051015,-0.3873861,-0.493349
attn_0_2_outputs,_,0.3541357,-0.18920533,-0.6419112
attn_0_2_outputs,_,-0.33660442,-0.30538303,-0.23811296
attn_0_2_outputs,_,-0.3204833,0.4128917,-0.111782074
attn_0_2_outputs,_,0.85980314,1.0268818,-0.47183955
attn_0_3_outputs,(,0.982309,-0.08904386,-1.9487834
attn_0_3_outputs,),-0.8542824,-0.18038557,1.1662133
attn_0_3_outputs,<pad>,0.37872234,-0.11448696,-0.10351922
attn_0_3_outputs,<s>,0.76901543,-1.0332824,-1.4061716
attn_0_3_outputs,_,0.040760145,-0.30341107,-0.025397824
attn_0_3_outputs,_,1.5872798,0.024627456,0.023889933
attn_0_3_outputs,_,0.12640114,0.30595228,-0.6774357
attn_0_3_outputs,_,0.5590253,-0.4145765,-0.88168615
attn_0_3_outputs,_,0.5057929,-0.5040491,0.18059884
attn_0_3_outputs,_,-0.15931608,0.3568119,-0.69326085
attn_0_3_outputs,_,0.26150066,0.6326403,0.5837437
attn_0_3_outputs,_,-0.3601527,0.5712527,0.12601948
attn_0_3_outputs,_,-0.49892336,-0.5156406,-0.35467845
attn_0_3_outputs,_,-0.3102338,-0.21940355,-0.38336775
attn_0_3_outputs,_,0.8344869,0.24907863,0.43075138
attn_0_3_outputs,_,1.1032814,-0.7751116,-0.13219082
attn_0_3_outputs,_,0.0017724737,-0.39287362,1.1746083
attn_0_3_outputs,_,0.853353,-0.4601617,-0.4391667
attn_0_3_outputs,_,0.51722217,0.11764137,1.6554298
attn_0_3_outputs,_,0.10616402,-0.108846396,-0.74001086
attn_0_3_outputs,_,0.43513533,0.0016781292,-0.564836
attn_0_3_outputs,_,0.3019661,-0.3377992,-0.011164373
attn_0_3_outputs,_,-0.40026632,-0.081167944,0.21086924
attn_0_3_outputs,_,-0.23422651,-0.27529934,0.5534311
attn_0_3_outputs,_,-1.089208,1.1014458,0.83833647
attn_0_3_outputs,_,0.8526605,-0.18352503,-1.5916365
attn_0_3_outputs,_,-0.4559,-0.14985181,0.45302662
attn_0_3_outputs,_,0.02633958,0.31285438,0.050661247
attn_0_3_outputs,_,0.8118576,-0.13547784,0.6531359
attn_0_3_outputs,_,0.13016598,-0.0858635,0.38055506
attn_0_3_outputs,_,-0.643187,0.5885641,0.010086804
attn_0_3_outputs,_,0.010805758,-0.24269047,1.3106058
attn_0_3_outputs,_,0.5151266,0.3645863,0.28591716
attn_0_3_outputs,_,-0.50441396,-0.14845034,0.7901754
attn_0_3_outputs,_,0.4887436,0.0062294407,0.46371245
attn_0_3_outputs,_,0.06584275,0.19932446,-0.54774594
attn_0_3_outputs,_,-0.14664137,-0.51067364,-0.08239586
attn_0_3_outputs,_,0.39016068,0.13266766,0.4777799
attn_0_3_outputs,_,0.033755217,-0.6860308,0.1699594
attn_0_3_outputs,_,0.107702196,-0.5286259,-0.28476167
attn_0_4_outputs,(,0.44573697,1.1908424,-0.14728454
attn_0_4_outputs,),0.0030607774,-0.54716367,-0.632088
attn_0_4_outputs,<pad>,0.16692258,0.6191625,-0.15718219
attn_0_4_outputs,<s>,1.0960176,-0.7232093,-0.64299315
attn_0_4_outputs,_,-0.57486635,-0.59302914,-0.55779123
attn_0_4_outputs,_,0.28083235,0.33853257,-1.2790393
attn_0_4_outputs,_,-0.5009899,-0.3346057,-1.1394894
attn_0_4_outputs,_,-0.05077745,-0.07241804,-0.7349798
attn_0_4_outputs,_,0.35875046,-0.051014185,-0.11194874
attn_0_4_outputs,_,0.31045294,0.7678923,-0.31969053
attn_0_4_outputs,_,0.011011559,-0.4285034,0.34571096
attn_0_4_outputs,_,0.49089766,-0.43302095,-0.20132701
attn_0_4_outputs,_,0.72704977,0.20538203,0.009503727
attn_0_4_outputs,_,-0.793235,-0.0641106,-1.0614946
attn_0_4_outputs,_,-0.2371209,0.043243106,0.11693293
attn_0_4_outputs,_,0.68211347,0.09478417,0.648292
attn_0_4_outputs,_,0.011984445,-0.561853,-0.3582673
attn_0_4_outputs,_,-0.28532583,-0.8380953,0.103396036
attn_0_4_outputs,_,-0.23792662,-0.28502145,0.10572385
attn_0_4_outputs,_,0.21365286,0.17915909,-1.6581547
attn_0_4_outputs,_,0.32382786,-0.3321666,1.1645534
attn_0_4_outputs,_,0.3382758,-0.012224003,-0.3442401
attn_0_4_outputs,_,-0.34372246,0.015021734,1.0617017
attn_0_4_outputs,_,-0.2953163,0.32047117,0.5477269
attn_0_4_outputs,_,-0.24279584,-0.2825839,-0.46110684
attn_0_4_outputs,_,1.216286,-1.0490865,-1.3356977
attn_0_4_outputs,_,0.14953132,-0.40631658,-0.019441072
attn_0_4_outputs,_,0.053332012,0.34529784,-0.08461144
attn_0_4_outputs,_,0.79802483,0.055436455,0.54510945
attn_0_4_outputs,_,-0.5028543,0.36744994,-0.37746468
attn_0_4_outputs,_,0.67100817,0.25346223,0.008091479
attn_0_4_outputs,_,-0.07676984,0.7794277,0.40048325
attn_0_4_outputs,_,0.30573866,0.30752861,-0.015191343
attn_0_4_outputs,_,0.016712114,-0.27096653,-0.9770468
attn_0_4_outputs,_,0.36659166,-0.534104,-0.007623068
attn_0_4_outputs,_,-0.03120832,-0.060464382,0.20680948
attn_0_4_outputs,_,0.61641395,-0.3854049,0.48847777
attn_0_4_outputs,_,-0.46252206,-0.03927053,-0.026695741
attn_0_4_outputs,_,-0.33321333,0.20550229,0.67060906
attn_0_4_outputs,_,-0.23728515,-0.5088504,-0.18178041
attn_0_5_outputs,(,-0.2327569,0.6410723,-0.08887738
attn_0_5_outputs,),0.8540307,-0.028247809,1.0133467
attn_0_5_outputs,<pad>,-0.6221694,0.03690881,0.48860413
attn_0_5_outputs,<s>,-0.19185413,0.6311369,0.42459014
attn_0_5_outputs,_,-0.3779915,-0.7720753,-0.53061163
attn_0_5_outputs,_,0.19655016,0.51766926,0.13829613
attn_0_5_outputs,_,0.14303383,0.8879851,0.43452933
attn_0_5_outputs,_,-0.5814553,0.18365549,-0.33937377
attn_0_5_outputs,_,-0.4254812,0.44790414,-0.38710073
attn_0_5_outputs,_,-0.1875531,-0.03017348,0.4523829
attn_0_5_outputs,_,-0.5352794,0.08846743,0.31265447
attn_0_5_outputs,_,0.33762774,1.034944,0.43059534
attn_0_5_outputs,_,-0.09306758,-0.093406126,0.15453298
attn_0_5_outputs,_,-0.29294217,0.07543645,-0.25404724
attn_0_5_outputs,_,-0.6977761,-0.61677283,0.5646342
attn_0_5_outputs,_,-0.74997103,0.14781827,0.3210368
attn_0_5_outputs,_,0.3427166,0.030290565,-0.35217533
attn_0_5_outputs,_,0.03728682,0.06342134,0.22176187
attn_0_5_outputs,_,0.45365798,0.15947379,0.7241322
attn_0_5_outputs,_,0.14275539,0.058408085,-0.87945485
attn_0_5_outputs,_,-0.9356262,0.88951313,0.083781265
attn_0_5_outputs,_,-0.2793174,0.63276833,-0.4013433
attn_0_5_outputs,_,-0.9590633,0.37679067,-0.24716607
attn_0_5_outputs,_,-0.27314952,0.012840407,-0.30885953
attn_0_5_outputs,_,-0.25579062,0.024449348,-0.048988998
attn_0_5_outputs,_,0.99211025,-1.3467823,-0.59410095
attn_0_5_outputs,_,-0.11584257,0.5856677,-0.93151057
attn_0_5_outputs,_,-0.82642907,0.5112637,0.48003998
attn_0_5_outputs,_,-0.10937649,0.4602105,0.32994056
attn_0_5_outputs,_,-0.9290475,0.16279621,0.6667737
attn_0_5_outputs,_,0.50006133,-0.37976536,0.44612256
attn_0_5_outputs,_,-0.12493553,0.0064248,0.6941729
attn_0_5_outputs,_,0.613956,-1.2421929,0.5497112
attn_0_5_outputs,_,0.4062226,-0.71593595,0.34427184
attn_0_5_outputs,_,0.3189842,-0.12434048,-0.1293339
attn_0_5_outputs,_,-0.085735634,-0.7558126,0.7831429
attn_0_5_outputs,_,0.70975924,-0.27907705,-1.0207242
attn_0_5_outputs,_,0.0029455153,-0.49564344,0.26891306
attn_0_5_outputs,_,-0.03040094,-0.16465808,-0.7274137
attn_0_5_outputs,_,-0.18020932,0.62649196,-0.37981832
attn_0_6_outputs,(,-0.25837874,0.20893778,-0.14810872
attn_0_6_outputs,),0.2936141,-0.080534495,0.29496402
attn_0_6_outputs,<pad>,-0.27092063,0.4950993,0.5545093
attn_0_6_outputs,<s>,0.27875572,0.05814289,-0.25466934
attn_0_6_outputs,_,-0.8269258,0.2351858,-0.26793557
attn_0_6_outputs,_,0.24718681,-0.0927402,-0.34906694
attn_0_6_outputs,_,0.04032578,0.37357214,-0.24877183
attn_0_6_outputs,_,0.36469182,-0.30766732,-0.7228856
attn_0_6_outputs,_,0.5022355,-0.20244433,-0.14978978
attn_0_6_outputs,_,0.5706836,0.88574797,0.33009225
attn_0_6_outputs,_,-0.036954056,0.739183,0.09069549
attn_0_6_outputs,_,1.2339933,0.38033772,-0.051210932
attn_0_6_outputs,_,0.5189608,0.14714326,0.4661332
attn_0_6_outputs,_,0.60176134,-0.33237785,-0.07097456
attn_0_6_outputs,_,-0.8730918,0.6049556,0.032420173
attn_0_6_outputs,_,-0.03085568,0.6359886,-0.09931736
attn_0_6_outputs,_,-0.2507653,0.07551902,0.6850404
attn_0_6_outputs,_,-0.18469112,-0.2765993,-0.69480056
attn_0_6_outputs,_,-0.53934073,-0.32231936,0.108212814
attn_0_6_outputs,_,0.7490513,0.15876658,-0.6219754
attn_0_6_outputs,_,-0.19872828,-0.106199756,0.2643362
attn_0_6_outputs,_,0.018051958,0.39569843,0.35035485
attn_0_6_outputs,_,0.21181001,0.47858736,-0.36959425
attn_0_6_outputs,_,-0.1722323,0.8644678,0.6332547
attn_0_6_outputs,_,-0.014873836,-0.21764274,0.20615125
attn_0_6_outputs,_,0.88865966,-0.72550523,-1.6422114
attn_0_6_outputs,_,-0.50048655,-0.37405825,0.8700856
attn_0_6_outputs,_,-0.5206476,-0.014102583,-0.352527
attn_0_6_outputs,_,-0.06499596,0.5106034,0.72249204
attn_0_6_outputs,_,0.06974003,-0.1433079,-0.6453765
attn_0_6_outputs,_,0.41822368,-0.67367077,0.09744506
attn_0_6_outputs,_,-0.23888128,0.0029379288,0.8613636
attn_0_6_outputs,_,0.4497529,0.06976775,0.9276139
attn_0_6_outputs,_,-1.0652956,0.7697218,-0.4762997
attn_0_6_outputs,_,-0.10990855,-0.038690068,0.5185928
attn_0_6_outputs,_,0.8823922,-0.5037705,0.5542
attn_0_6_outputs,_,-0.1927801,-0.313053,-0.26477158
attn_0_6_outputs,_,0.53010315,0.2252081,0.5835453
attn_0_6_outputs,_,0.119682044,-0.19257236,0.21838315
attn_0_6_outputs,_,-0.028638888,0.17660333,0.39282262
attn_0_7_outputs,(,-1.4356618,2.0081213,-0.6602115
attn_0_7_outputs,),2.733982,-2.6550884,-0.08874032
attn_0_7_outputs,<pad>,0.6530086,0.40306684,-0.62837803
attn_0_7_outputs,<s>,-0.5406551,-0.9346096,-1.1195946
attn_0_7_outputs,_,-1.1799387,0.09262717,-0.96173733
attn_0_7_outputs,_,0.4906734,0.69348085,0.3614187
attn_0_7_outputs,_,0.4448284,0.6961957,0.019955033
attn_0_7_outputs,_,0.3759604,0.3623708,0.16170533
attn_0_7_outputs,_,-0.16319548,0.35515755,-0.46730566
attn_0_7_outputs,_,0.033139177,0.074471824,0.21376877
attn_0_7_outputs,_,-0.40959108,0.7813305,-1.1965677
attn_0_7_outputs,_,-0.48787358,0.4313114,-1.8917817
attn_0_7_outputs,_,-0.13631165,0.5833954,1.0843029
attn_0_7_outputs,_,-0.82191986,1.1534123,-0.06796862
attn_0_7_outputs,_,-1.2373803,0.7101018,0.6784833
attn_0_7_outputs,_,-0.5787711,0.49344817,-0.20645647
attn_0_7_outputs,_,-0.28720745,0.6954088,0.34521803
attn_0_7_outputs,_,-0.7525549,0.47596246,-0.07822594
attn_0_7_outputs,_,-0.93001413,-0.6743693,0.82989526
attn_0_7_outputs,_,0.40884012,-0.24183421,-0.09235271
attn_0_7_outputs,_,0.2635313,-0.22988285,-0.5705301
attn_0_7_outputs,_,1.2377877,-0.1953091,-0.5788134
attn_0_7_outputs,_,-0.5969077,-1.0345652,-1.3131405
attn_0_7_outputs,_,-0.8469723,0.3550903,0.07468044
attn_0_7_outputs,_,0.35779276,-0.18470812,1.221547
attn_0_7_outputs,_,1.3556296,-1.7737477,-1.532269
attn_0_7_outputs,_,1.0692347,-0.95611894,0.65962696
attn_0_7_outputs,_,-1.6344228,0.67775804,-0.19145066
attn_0_7_outputs,_,0.7864481,-0.03448425,0.3140355
attn_0_7_outputs,_,0.74579674,0.3612914,-0.6317733
attn_0_7_outputs,_,0.32187638,1.2520815,0.8050663
attn_0_7_outputs,_,-0.13645706,1.2229798,-0.1941104
attn_0_7_outputs,_,-0.25215712,-0.29966605,-0.29162347
attn_0_7_outputs,_,-0.1819559,1.1127198,-0.38581443
attn_0_7_outputs,_,0.4392394,0.022663677,1.3236446
attn_0_7_outputs,_,0.7931464,0.03350697,-0.41179818
attn_0_7_outputs,_,-0.028784184,0.08570267,0.19251986
attn_0_7_outputs,_,0.23466508,0.3872439,0.34174186
attn_0_7_outputs,_,0.22090816,-0.11251193,1.2329324
attn_0_7_outputs,_,0.00420591,-0.19166006,0.30767986
attn_1_0_outputs,(,0.572207,0.3122059,0.15326492
attn_1_0_outputs,),0.30838612,-0.91999835,-0.5763691
attn_1_0_outputs,<pad>,0.33998603,-0.72439957,-0.12655306
attn_1_0_outputs,<s>,-0.05174291,0.022983963,-0.094274245
attn_1_0_outputs,_,0.8258191,0.08741233,0.26909027
attn_1_0_outputs,_,0.37222025,-0.03375885,-0.28679383
attn_1_0_outputs,_,0.13550586,0.14399706,-0.64652896
attn_1_0_outputs,_,-0.35019085,0.4085478,-0.021210534
attn_1_0_outputs,_,0.36385417,0.04687319,0.1766235
attn_1_0_outputs,_,0.042844605,-0.22966288,-0.49406508
attn_1_0_outputs,_,-0.10457036,0.04133234,0.22815336
attn_1_0_outputs,_,1.3770479,-0.25753787,0.3973705
attn_1_0_outputs,_,0.2531528,-0.40279654,-0.2978993
attn_1_0_outputs,_,0.589271,0.34104478,-0.14018892
attn_1_0_outputs,_,-0.4466322,-0.22336477,-0.48802042
attn_1_0_outputs,_,1.0738682,-0.5218193,-0.35067242
attn_1_0_outputs,_,0.004170506,-0.94873947,-0.715229
attn_1_0_outputs,_,0.26947996,-0.104867786,-0.120713726
attn_1_0_outputs,_,-0.6476458,0.16536957,-0.17523874
attn_1_0_outputs,_,0.47792342,-0.885724,-0.07319087
attn_1_0_outputs,_,0.1218995,-0.78365153,-0.514709
attn_1_0_outputs,_,-0.15086237,-0.50345486,-0.72055686
attn_1_0_outputs,_,-0.069202684,0.45178798,-0.29513872
attn_1_0_outputs,_,0.1899145,-0.32595146,-0.6778386
attn_1_0_outputs,_,-0.58299184,-0.14520463,-0.097148076
attn_1_0_outputs,_,0.47664016,-0.34013534,-1.1650065
attn_1_0_outputs,_,-0.44415373,-0.5262164,0.9553465
attn_1_0_outputs,_,0.40074277,-0.65098274,0.08348911
attn_1_0_outputs,_,1.1835619,0.5117623,1.08719
attn_1_0_outputs,_,-0.6905672,-0.40491354,0.31183454
attn_1_0_outputs,_,0.5880147,-0.3191103,-0.99520344
attn_1_0_outputs,_,-0.49273816,0.4863493,0.7497622
attn_1_0_outputs,_,-0.43379143,-0.97878003,0.18385462
attn_1_0_outputs,_,0.6395875,0.15767999,-0.19381115
attn_1_0_outputs,_,0.23436674,0.0868851,-0.2494745
attn_1_0_outputs,_,-0.20233999,-1.0773673,0.09231279
attn_1_0_outputs,_,-0.038032223,0.35839835,0.45394516
attn_1_0_outputs,_,0.6559777,-0.025072742,0.9820972
attn_1_0_outputs,_,0.14973834,-0.45814827,-0.18624601
attn_1_0_outputs,_,0.3661148,-0.4672906,-1.4398338
attn_1_1_outputs,(,-0.052125283,0.5744734,0.47269365
attn_1_1_outputs,),-0.4465414,0.15484107,-0.5246398
attn_1_1_outputs,<pad>,0.67335445,-0.1610631,-0.13462077
attn_1_1_outputs,<s>,0.6740642,0.4122051,-0.053048253
attn_1_1_outputs,_,-0.42273962,0.1749986,-0.6244493
attn_1_1_outputs,_,-0.59558225,0.10319638,0.35936522
attn_1_1_outputs,_,0.33385578,0.087142,-0.35333222
attn_1_1_outputs,_,-1.1932355,0.4347211,-0.9516082
attn_1_1_outputs,_,-0.5311645,-0.0912815,-0.89577925
attn_1_1_outputs,_,0.3100707,0.10502455,-0.48311648
attn_1_1_outputs,_,-0.40206742,0.9472349,-1.3992653
attn_1_1_outputs,_,-0.07976538,-0.7632975,-0.5043677
attn_1_1_outputs,_,-0.52959555,0.46572974,-0.8453767
attn_1_1_outputs,_,-0.6373848,-0.6008797,0.014918162
attn_1_1_outputs,_,-0.3594015,0.68245065,-0.15557218
attn_1_1_outputs,_,-0.40613997,1.2759287,-0.07635934
attn_1_1_outputs,_,1.000796,0.5256904,0.23345819
attn_1_1_outputs,_,0.2292711,-0.6437445,0.5597983
attn_1_1_outputs,_,0.11686149,0.41828126,-0.24707256
attn_1_1_outputs,_,0.086235754,0.45044687,-0.4212413
attn_1_1_outputs,_,0.297597,0.2822147,0.63134927
attn_1_1_outputs,_,-0.44166428,-0.26995292,1.2064463
attn_1_1_outputs,_,-0.9967957,-0.7946843,-0.12231226
attn_1_1_outputs,_,-0.0642912,0.38627142,0.8888619
attn_1_1_outputs,_,-0.85738444,0.4165771,0.10391203
attn_1_1_outputs,_,-0.12844071,-0.017979905,-0.7153429
attn_1_1_outputs,_,0.2511168,-0.46718165,0.14036644
attn_1_1_outputs,_,0.16588672,-0.74986047,0.58944553
attn_1_1_outputs,_,-0.4776827,-0.888448,-0.048464045
attn_1_1_outputs,_,0.50421005,0.025293794,-0.038437992
attn_1_1_outputs,_,-0.1842453,0.28605512,-0.28334844
attn_1_1_outputs,_,0.042362366,0.102594,0.029607963
attn_1_1_outputs,_,0.46908203,0.24084313,-0.024468848
attn_1_1_outputs,_,-0.6400112,0.5190393,0.42678726
attn_1_1_outputs,_,-0.44754297,0.16228886,-0.24713303
attn_1_1_outputs,_,0.38251826,0.16279802,0.8570082
attn_1_1_outputs,_,0.48283765,1.0586014,0.17039818
attn_1_1_outputs,_,-0.21601243,0.28949898,-0.11863631
attn_1_1_outputs,_,-0.27987698,0.8883918,0.07485784
attn_1_1_outputs,_,0.07991002,-0.61989844,0.4546419
attn_1_2_outputs,(,-0.57252365,0.38196617,-0.11741566
attn_1_2_outputs,),-0.26895732,-0.12251368,-0.18430838
attn_1_2_outputs,<pad>,0.7429457,-1.7013078,0.04823599
attn_1_2_outputs,<s>,0.24166028,0.48820147,0.19639692
attn_1_2_outputs,_,1.3506359,-0.39606902,-0.55743015
attn_1_2_outputs,_,-0.4384953,-0.13653666,-0.67308104
attn_1_2_outputs,_,0.011741502,0.3588892,-0.98091584
attn_1_2_outputs,_,1.5907307,-0.6774378,-0.3981532
attn_1_2_outputs,_,0.8011309,0.26178402,-0.012320062
attn_1_2_outputs,_,1.8152748,-1.3463262,1.2787687
attn_1_2_outputs,_,1.4689672,-1.9945781,1.1756598
attn_1_2_outputs,_,-0.37783036,0.2309214,-1.606627
attn_1_2_outputs,_,-0.7985407,-1.2106975,1.3080007
attn_1_2_outputs,_,-0.848436,-0.8094535,0.47540808
attn_1_2_outputs,_,3.127283,-1.8099513,-0.58362013
attn_1_2_outputs,_,-0.12706818,-0.30678776,-1.0484416
attn_1_2_outputs,_,1.5941119,-1.3000362,-1.7714428
attn_1_2_outputs,_,-1.0772301,0.08329567,-0.3757729
attn_1_2_outputs,_,0.069192365,-0.502235,-0.9648163
attn_1_2_outputs,_,0.6070114,-0.48497412,-0.42238644
attn_1_2_outputs,_,0.2956234,0.24760075,-0.15571736
attn_1_2_outputs,_,-0.55135894,-0.24895787,0.08373442
attn_1_2_outputs,_,0.0846103,0.20863293,-0.34359717
attn_1_2_outputs,_,-0.650012,-0.8770821,-0.20353976
attn_1_2_outputs,_,0.97409797,-0.5746807,0.48592395
attn_1_2_outputs,_,-0.2222426,-0.23751748,-1.1477813
attn_1_2_outputs,_,0.047178335,-0.9994777,-0.532683
attn_1_2_outputs,_,-0.37077546,0.6820139,0.046372425
attn_1_2_outputs,_,-0.14346619,-0.010937619,-0.60761505
attn_1_2_outputs,_,0.21825022,0.8876587,0.33342868
attn_1_2_outputs,_,0.059897136,-0.5128737,0.62513644
attn_1_2_outputs,_,0.40951204,0.07823951,0.59783626
attn_1_2_outputs,_,0.07017771,0.12599166,-0.3112372
attn_1_2_outputs,_,0.08382798,-0.10140151,0.8834789
attn_1_2_outputs,_,-0.18342477,0.01613446,-1.012684
attn_1_2_outputs,_,-0.63140416,-0.53238434,0.77794665
attn_1_2_outputs,_,0.285395,-0.78775036,0.039197937
attn_1_2_outputs,_,-0.37970972,-0.8041147,-0.5315404
attn_1_2_outputs,_,-0.12787484,-0.6172651,0.9519004
attn_1_2_outputs,_,0.0072091348,0.3617208,-0.18168463
attn_1_3_outputs,(,-0.46838072,0.20122132,-0.18261242
attn_1_3_outputs,),0.6485762,-0.9101179,0.14481945
attn_1_3_outputs,<pad>,-0.052193813,0.20360032,0.71056104
attn_1_3_outputs,<s>,0.4822217,-0.7375709,0.039665874
attn_1_3_outputs,_,-0.5709951,0.589878,-0.30190697
attn_1_3_outputs,_,-0.9764631,-0.0749462,-0.19359432
attn_1_3_outputs,_,0.15520723,-0.0593227,0.3431066
attn_1_3_outputs,_,0.4470254,-0.17202578,-0.3551529
attn_1_3_outputs,_,-0.079620086,-0.24633189,-0.019713283
attn_1_3_outputs,_,-0.74895793,-0.53392833,-0.8353807
attn_1_3_outputs,_,0.39990246,-0.7713755,-0.39922956
attn_1_3_outputs,_,-0.023994226,-1.1835078,0.12956984
attn_1_3_outputs,_,0.15016115,0.4820049,-0.17866683
attn_1_3_outputs,_,0.013381075,0.13910186,0.011848117
attn_1_3_outputs,_,-0.6931658,-0.13008717,-0.4196762
attn_1_3_outputs,_,0.32042027,-0.6286464,0.95505047
attn_1_3_outputs,_,-0.6132564,-0.008013444,-0.94598746
attn_1_3_outputs,_,-0.23327577,-0.2841339,0.04848174
attn_1_3_outputs,_,0.51486105,-0.10664981,-0.23845883
attn_1_3_outputs,_,-0.12289188,0.16244486,0.49018583
attn_1_3_outputs,_,-0.53262913,0.21004008,0.2591562
attn_1_3_outputs,_,-0.06152154,-0.37886962,-0.67005867
attn_1_3_outputs,_,0.24171811,-0.29826376,-0.21148601
attn_1_3_outputs,_,-0.0700482,-0.1653788,0.16423437
attn_1_3_outputs,_,-0.30415824,0.27958202,0.21779503
attn_1_3_outputs,_,0.460501,-0.4954427,-0.19051965
attn_1_3_outputs,_,0.837575,0.21875042,-0.4816239
attn_1_3_outputs,_,0.8218512,0.15173174,0.07884646
attn_1_3_outputs,_,0.72461987,-0.9833647,-0.47398514
attn_1_3_outputs,_,0.39669412,-0.9122085,-0.44401747
attn_1_3_outputs,_,-0.041008804,-0.31736094,-0.03791833
attn_1_3_outputs,_,0.5240575,-0.73006856,-0.55065286
attn_1_3_outputs,_,-0.3978268,0.041999217,0.023118027
attn_1_3_outputs,_,0.13335373,-0.25819272,-1.0431249
attn_1_3_outputs,_,0.7079019,-0.11195326,-0.15837009
attn_1_3_outputs,_,0.5763831,0.6872444,-0.333518
attn_1_3_outputs,_,0.72038853,0.10452394,0.074968904
attn_1_3_outputs,_,0.15361688,0.35627112,-0.5682001
attn_1_3_outputs,_,-0.109333925,-0.09445043,0.06498746
attn_1_3_outputs,_,-0.13046607,-0.20293553,-0.45152336
attn_1_4_outputs,(,-0.26034668,-0.061337464,0.3937187
attn_1_4_outputs,),0.030593459,-0.6276641,-0.18870062
attn_1_4_outputs,<pad>,0.67546207,0.6087559,0.46797132
attn_1_4_outputs,<s>,0.81048995,-0.82871145,0.1705862
attn_1_4_outputs,_,-0.58056146,0.4065999,-0.82926995
attn_1_4_outputs,_,0.38301432,-1.2452079,-1.202692
attn_1_4_outputs,_,0.2606403,0.100269355,0.17757632
attn_1_4_outputs,_,0.3186085,0.18160877,-0.84114873
attn_1_4_outputs,_,-0.8897704,-0.02404329,-0.37457308
attn_1_4_outputs,_,-0.92080504,0.45699513,0.42651668
attn_1_4_outputs,_,0.39095628,-0.36408812,1.9942865
attn_1_4_outputs,_,0.0882922,0.68002427,0.6075278
attn_1_4_outputs,_,0.3643233,-0.16032824,0.33126462
attn_1_4_outputs,_,0.17873578,0.07443834,0.4617812
attn_1_4_outputs,_,-1.4964604,1.3753065,0.5189884
attn_1_4_outputs,_,-0.4751528,-0.10248733,0.0966682
attn_1_4_outputs,_,0.06308133,1.0483172,-0.07538474
attn_1_4_outputs,_,-0.24664758,0.06266023,1.5472454
attn_1_4_outputs,_,0.29297858,0.25017902,-0.119818665
attn_1_4_outputs,_,0.9198219,-0.36483598,-0.6194033
attn_1_4_outputs,_,-0.055343553,-0.9104257,0.05531177
attn_1_4_outputs,_,-0.22373737,-0.3539875,0.5423346
attn_1_4_outputs,_,-0.06872391,0.13112274,-0.7009772
attn_1_4_outputs,_,-0.70103204,-0.4137124,0.7201881
attn_1_4_outputs,_,-0.5510612,0.40121007,-0.06737766
attn_1_4_outputs,_,0.17522366,-0.30753806,0.1138104
attn_1_4_outputs,_,0.608346,-0.46166128,0.4160863
attn_1_4_outputs,_,0.3444091,-0.081132844,0.8857487
attn_1_4_outputs,_,-0.71780443,0.36765596,0.9099018
attn_1_4_outputs,_,0.41213307,0.04868112,0.6685622
attn_1_4_outputs,_,-0.26480234,0.020304805,-0.9480457
attn_1_4_outputs,_,-0.045965422,0.24622369,0.43643636
attn_1_4_outputs,_,0.76308876,0.09120162,0.30605304
attn_1_4_outputs,_,-0.066524275,0.17006083,0.34984455
attn_1_4_outputs,_,0.64610744,0.059726093,0.3021876
attn_1_4_outputs,_,0.40729108,0.6042318,-0.31835556
attn_1_4_outputs,_,1.1010101,-0.16154197,0.5948335
attn_1_4_outputs,_,-0.69495904,0.9033054,0.43692836
attn_1_4_outputs,_,0.33438143,-0.81567734,-0.21918899
attn_1_4_outputs,_,1.0065776,0.5100919,-0.058984004
attn_1_5_outputs,(,-0.18273789,0.32690698,-0.47987977
attn_1_5_outputs,),0.3394296,-0.79656684,0.113059685
attn_1_5_outputs,<pad>,-0.15290332,-0.040836394,0.36780414
attn_1_5_outputs,<s>,-0.4118808,1.6339207,0.32776394
attn_1_5_outputs,_,0.07465121,0.65891373,0.40380037
attn_1_5_outputs,_,0.07005915,-1.0153358,-1.006227
attn_1_5_outputs,_,-0.51679486,-0.83519226,-0.34446687
attn_1_5_outputs,_,-0.06411141,0.7262367,-0.34185132
attn_1_5_outputs,_,0.24334387,0.33612353,-0.03907808
attn_1_5_outputs,_,-0.038625866,1.0847394,0.39771426
attn_1_5_outputs,_,0.54173195,0.73199767,0.41590375
attn_1_5_outputs,_,-0.3015065,0.06919947,0.17406082
attn_1_5_outputs,_,-0.90288615,0.09466698,0.67858714
attn_1_5_outputs,_,-0.6298587,-0.55969197,-0.6563134
attn_1_5_outputs,_,0.45729202,0.49718285,-0.40720633
attn_1_5_outputs,_,-0.041691676,0.33522415,-0.19394153
attn_1_5_outputs,_,-0.13429302,-0.37879172,0.14751185
attn_1_5_outputs,_,-0.9001549,0.6902144,0.7257512
attn_1_5_outputs,_,0.45763177,0.84838474,-0.37111893
attn_1_5_outputs,_,0.42077687,-0.04737526,-0.004999186
attn_1_5_outputs,_,-0.021542417,0.66636354,0.77375203
attn_1_5_outputs,_,0.28425702,0.18635574,0.5773522
attn_1_5_outputs,_,0.2523672,-0.26255044,0.8865996
attn_1_5_outputs,_,-0.13971707,-0.4072467,-0.35458285
attn_1_5_outputs,_,0.37810647,0.4613594,-0.41647822
attn_1_5_outputs,_,1.330888,0.08468905,-0.05390623
attn_1_5_outputs,_,-0.25590295,-0.36130786,1.0425522
attn_1_5_outputs,_,0.8500827,0.961365,-0.058002546
attn_1_5_outputs,_,-0.09853275,-0.5030439,-0.13159561
attn_1_5_outputs,_,-0.14441456,0.9431882,-0.13901687
attn_1_5_outputs,_,-0.6337177,0.28148222,-0.43729952
attn_1_5_outputs,_,0.4471253,-0.05278535,0.08089506
attn_1_5_outputs,_,-0.2637498,0.5658676,0.83497375
attn_1_5_outputs,_,-0.44286856,-0.04351575,-0.24420546
attn_1_5_outputs,_,-0.08177699,-0.7486169,0.79162484
attn_1_5_outputs,_,-0.26167327,0.096711345,-0.08116036
attn_1_5_outputs,_,0.37349236,0.8571245,0.7488703
attn_1_5_outputs,_,-0.32077673,-0.598126,0.01877624
attn_1_5_outputs,_,-0.2686209,-0.38936043,-0.9456109
attn_1_5_outputs,_,-0.40304244,0.7565821,-0.8982377
attn_1_6_outputs,(,0.27914262,0.3417882,0.01740349
attn_1_6_outputs,),0.4674389,-0.17542543,0.3208347
attn_1_6_outputs,<pad>,0.052030835,0.19319753,-0.4033194
attn_1_6_outputs,<s>,0.15710132,0.07296917,-0.7527589
attn_1_6_outputs,_,-0.26096246,0.30893233,0.2457909
attn_1_6_outputs,_,-0.030605154,-0.19276842,-0.3624952
attn_1_6_outputs,_,-0.36263064,1.1426687,-0.7188898
attn_1_6_outputs,_,-1.5569651,-0.25823987,-0.5618596
attn_1_6_outputs,_,-0.12678163,0.35947278,1.2237382
attn_1_6_outputs,_,-0.96658975,0.037992593,-0.8474336
attn_1_6_outputs,_,-0.45797715,-0.077176,-0.001338452
attn_1_6_outputs,_,-0.18745822,0.096648745,-0.12916522
attn_1_6_outputs,_,-0.34109324,-0.9982787,0.63236374
attn_1_6_outputs,_,-0.018426891,1.1118149,-0.10224988
attn_1_6_outputs,_,0.23916347,-0.8329123,-0.6073825
attn_1_6_outputs,_,0.34256205,0.68835896,0.5613541
attn_1_6_outputs,_,-0.14992927,0.41385478,0.13366906
attn_1_6_outputs,_,0.44789827,0.51791334,0.0031270294
attn_1_6_outputs,_,-0.27191743,0.37085342,-0.81716126
attn_1_6_outputs,_,0.42581376,0.049128465,0.6556097
attn_1_6_outputs,_,0.30098766,-0.53602207,0.43201452
attn_1_6_outputs,_,0.3195745,-0.66519225,-0.27879873
attn_1_6_outputs,_,-0.4961714,0.2161214,-0.48728216
attn_1_6_outputs,_,-0.4470581,-0.13736472,-0.4071868
attn_1_6_outputs,_,0.1349249,0.110323645,-0.29123783
attn_1_6_outputs,_,0.3121921,-0.27612853,-0.38074625
attn_1_6_outputs,_,0.03292296,-0.25024116,-0.48431948
attn_1_6_outputs,_,0.31275964,0.52085024,0.49847928
attn_1_6_outputs,_,-0.5924054,-0.3278171,0.49774188
attn_1_6_outputs,_,0.4288258,-0.6320642,0.156547
attn_1_6_outputs,_,-0.276456,-0.09392494,-0.34836265
attn_1_6_outputs,_,0.185055,0.39019608,0.029197417
attn_1_6_outputs,_,0.40952596,-0.26088163,0.027819319
attn_1_6_outputs,_,1.1884481,0.6451287,-0.53715396
attn_1_6_outputs,_,-0.84994936,0.26996452,0.7009484
attn_1_6_outputs,_,0.5477388,0.3535137,-0.006727053
attn_1_6_outputs,_,0.19886886,0.07022033,0.3086332
attn_1_6_outputs,_,-0.64934367,0.82834387,-0.46873084
attn_1_6_outputs,_,-0.05835345,0.24256313,-0.26664698
attn_1_6_outputs,_,-0.23265083,0.36668977,-0.17472489
attn_1_7_outputs,(,0.024567133,0.51989233,0.44888222
attn_1_7_outputs,),0.2740503,-0.11374333,-0.14957291
attn_1_7_outputs,<pad>,-0.9616899,-0.32621506,0.1052617
attn_1_7_outputs,<s>,-0.6192294,0.2527329,-0.3549903
attn_1_7_outputs,_,0.85975355,0.66951114,0.37175912
attn_1_7_outputs,_,0.0016042783,0.16043168,-0.4139838
attn_1_7_outputs,_,0.49002218,0.22588001,0.042406496
attn_1_7_outputs,_,0.87371814,0.095013216,-0.0870337
attn_1_7_outputs,_,0.20872703,0.6802403,-0.2824768
attn_1_7_outputs,_,-0.11160133,0.9097328,0.49156332
attn_1_7_outputs,_,-0.50308,0.032783695,0.24497487
attn_1_7_outputs,_,-0.97578347,-0.31977418,0.39743093
attn_1_7_outputs,_,-0.54152334,0.35089517,0.21727574
attn_1_7_outputs,_,-0.13573901,0.00029008038,0.4892361
attn_1_7_outputs,_,0.43452457,-1.6131198,-0.03585552
attn_1_7_outputs,_,-0.28754145,0.91060823,0.54955316
attn_1_7_outputs,_,-0.86417407,0.35960683,0.46586534
attn_1_7_outputs,_,-0.29087916,0.66679287,0.08820089
attn_1_7_outputs,_,-0.50785446,-0.7280478,0.15587449
attn_1_7_outputs,_,-0.034798354,0.30257782,0.31334457
attn_1_7_outputs,_,0.62302524,0.16221988,1.1423466
attn_1_7_outputs,_,-1.0508933,0.31774205,0.113557145
attn_1_7_outputs,_,1.0661038,-1.5342689,-0.0033038463
attn_1_7_outputs,_,-0.6320635,0.5108957,0.06363525
attn_1_7_outputs,_,-0.36279798,0.702612,0.83405566
attn_1_7_outputs,_,-0.16014321,0.39124236,1.0435882
attn_1_7_outputs,_,0.7101276,-0.09452113,0.79164845
attn_1_7_outputs,_,-0.7649576,0.46182883,0.32552683
attn_1_7_outputs,_,-0.16576374,0.47028294,0.13094777
attn_1_7_outputs,_,0.5779516,-0.04920886,0.06209159
attn_1_7_outputs,_,-0.15648063,-0.74301285,-0.37976447
attn_1_7_outputs,_,-0.2899982,-0.16792399,0.009243762
attn_1_7_outputs,_,-0.29110217,-0.3711828,-0.43359318
attn_1_7_outputs,_,0.341617,-0.5310991,-0.43713233
attn_1_7_outputs,_,0.7063575,0.2016765,1.122193
attn_1_7_outputs,_,-0.4071605,0.23635204,-0.45913047
attn_1_7_outputs,_,-0.6512787,0.6651093,-0.6072873
attn_1_7_outputs,_,-0.5460814,0.32340658,0.1871789
attn_1_7_outputs,_,0.28051063,-0.16134746,0.5308279
attn_1_7_outputs,_,0.52989703,0.18320397,-1.0419061
attn_2_0_outputs,(,0.5563025,1.0104581,0.5567663
attn_2_0_outputs,),1.0660226,-0.7630171,-0.6074416
attn_2_0_outputs,<pad>,-0.066270165,0.9449109,1.2754706
attn_2_0_outputs,<s>,0.07842231,-0.023055516,-0.20194452
attn_2_0_outputs,_,1.25088,-0.616876,-0.42188823
attn_2_0_outputs,_,0.408314,-0.48340106,-0.54322374
attn_2_0_outputs,_,0.27866584,0.81078255,0.70163494
attn_2_0_outputs,_,0.8024001,-0.5256555,0.29485056
attn_2_0_outputs,_,0.34299085,0.29223248,2.5101502
attn_2_0_outputs,_,0.6674215,-1.4549958,0.58612543
attn_2_0_outputs,_,-1.8365468,2.2424183,0.9068083
attn_2_0_outputs,_,-1.2096174,-0.013050953,0.082401335
attn_2_0_outputs,_,0.530037,-0.4868339,-0.6432664
attn_2_0_outputs,_,-2.1836662,0.7116618,-0.75267446
attn_2_0_outputs,_,0.67743295,-0.46008754,0.18290369
attn_2_0_outputs,_,-0.69862163,0.8185291,1.0935276
attn_2_0_outputs,_,0.29313803,-0.66644657,0.8409454
attn_2_0_outputs,_,-0.12650743,0.21346205,0.67945206
attn_2_0_outputs,_,-0.5487884,-0.53466797,0.35382867
attn_2_0_outputs,_,-1.0384854,-0.48453623,0.44510752
attn_2_0_outputs,_,0.7007031,-0.009144737,-1.0121357
attn_2_0_outputs,_,-0.19280376,0.40307385,-0.62207437
attn_2_0_outputs,_,0.23242919,0.27468452,-2.1713238
attn_2_0_outputs,_,-0.7739621,0.12605377,-0.64093477
attn_2_0_outputs,_,0.21967189,0.2783897,0.434702
attn_2_0_outputs,_,0.29125115,-0.8460127,-1.9928936
attn_2_0_outputs,_,0.25484112,0.19889927,-0.07944897
attn_2_0_outputs,_,0.38411364,-0.16239244,-0.37117627
attn_2_0_outputs,_,0.17632562,-0.9206129,0.59038883
attn_2_0_outputs,_,0.35187435,-0.19853832,-0.4308105
attn_2_0_outputs,_,0.4053726,-0.61333406,0.20390697
attn_2_0_outputs,_,0.08073356,-0.15252346,-0.32709128
attn_2_0_outputs,_,0.53710586,-1.3527585,-0.7356184
attn_2_0_outputs,_,0.44784263,0.21788983,0.11174788
attn_2_0_outputs,_,-0.026910217,-0.7689745,-0.00017059482
attn_2_0_outputs,_,0.8534012,-0.34869188,-0.61961114
attn_2_0_outputs,_,0.7552144,1.0173343,-0.23088683
attn_2_0_outputs,_,0.0076507083,-0.17355059,-0.11419105
attn_2_0_outputs,_,0.21013027,-0.28712037,0.4244281
attn_2_0_outputs,_,-0.15604706,0.11336253,0.2109397
attn_2_1_outputs,(,-0.54428464,0.8111911,0.6189076
attn_2_1_outputs,),2.9937778,-4.207504,-2.804079
attn_2_1_outputs,<pad>,-0.026249308,-0.33230275,0.5070875
attn_2_1_outputs,<s>,-0.6304796,-0.34826216,0.69662637
attn_2_1_outputs,_,0.7337397,0.3100472,0.5820964
attn_2_1_outputs,_,-0.17548116,0.22560138,-0.3738996
attn_2_1_outputs,_,0.3041184,-0.24233422,-0.9388751
attn_2_1_outputs,_,-0.43182194,0.46093723,0.87641907
attn_2_1_outputs,_,0.48591882,0.4254964,0.41641867
attn_2_1_outputs,_,-1.1256744,-0.23143853,0.72317934
attn_2_1_outputs,_,-1.2794507,1.9707373,-0.73937476
attn_2_1_outputs,_,-0.23074931,0.16013764,-0.5675387
attn_2_1_outputs,_,0.11309324,-0.17728788,0.16370408
attn_2_1_outputs,_,-0.01453447,-0.25862432,0.30810708
attn_2_1_outputs,_,-1.4458731,1.3639532,-0.841828
attn_2_1_outputs,_,0.19413649,0.296558,0.248782
attn_2_1_outputs,_,0.0051223836,0.707084,-0.12831664
attn_2_1_outputs,_,0.5218234,0.21851073,-0.9019466
attn_2_1_outputs,_,-0.20697977,-0.1107471,0.3766441
attn_2_1_outputs,_,-0.05802624,0.35132757,0.68325263
attn_2_1_outputs,_,-0.90608263,-0.8510162,0.47487313
attn_2_1_outputs,_,0.79009205,-0.8618065,0.142835
attn_2_1_outputs,_,0.5487893,0.08219294,-0.42992622
attn_2_1_outputs,_,-0.67504805,-0.19390029,0.26486376
attn_2_1_outputs,_,1.5530486,-0.34222975,0.1550601
attn_2_1_outputs,_,0.014460362,0.36413082,-0.22315636
attn_2_1_outputs,_,-0.5067367,-0.4914439,0.44190225
attn_2_1_outputs,_,-0.2546433,-0.14600033,0.03541938
attn_2_1_outputs,_,-0.38604647,-0.10627364,-0.19679458
attn_2_1_outputs,_,0.28508732,-0.31019795,-0.78754866
attn_2_1_outputs,_,0.19959182,-0.61005443,0.3042925
attn_2_1_outputs,_,-0.46286342,-0.42500076,0.11002315
attn_2_1_outputs,_,0.44496205,0.161036,-0.26705435
attn_2_1_outputs,_,0.45739117,-0.5335243,-1.0301946
attn_2_1_outputs,_,1.3352019,-0.112048104,0.34318483
attn_2_1_outputs,_,0.8002921,0.61346596,-0.99523956
attn_2_1_outputs,_,-0.23387013,-0.45164,-0.07553211
attn_2_1_outputs,_,0.24093685,-0.17353982,0.49622136
attn_2_1_outputs,_,0.9048657,0.10492437,0.35451907
attn_2_1_outputs,_,-0.47124532,-0.039690826,-0.093467765
attn_2_2_outputs,(,-0.85644513,0.6603762,0.37043786
attn_2_2_outputs,),1.9957398,-2.603899,-3.1905968
attn_2_2_outputs,<pad>,-0.1167564,-0.5511919,0.14912683
attn_2_2_outputs,<s>,-0.31954044,0.16147679,0.81734353
attn_2_2_outputs,_,0.41349643,0.21228056,0.26686275
attn_2_2_outputs,_,-0.9808073,-0.09949881,0.23575933
attn_2_2_outputs,_,0.68936825,-0.0014207583,0.94490594
attn_2_2_outputs,_,-0.5140007,-0.5668114,0.5268298
attn_2_2_outputs,_,0.0017735969,0.8317951,0.036938448
attn_2_2_outputs,_,-0.33930007,-1.0000643,0.31367734
attn_2_2_outputs,_,-0.28016943,0.14442696,-0.4146327
attn_2_2_outputs,_,0.014553738,-0.33126232,-0.36013693
attn_2_2_outputs,_,-0.062590316,-0.5595537,-0.8077314
attn_2_2_outputs,_,-0.83394176,-0.5878957,-1.012598
attn_2_2_outputs,_,-0.021204386,-0.28989834,-0.29629335
attn_2_2_outputs,_,-0.38866383,0.6810762,0.06989822
attn_2_2_outputs,_,0.10019473,-0.0043004435,0.0023671042
attn_2_2_outputs,_,-0.44584668,-0.16172352,-0.29941335
attn_2_2_outputs,_,-1.1196067,-1.2493933,-0.18805361
attn_2_2_outputs,_,-0.48071405,0.0076556588,-1.3061005
attn_2_2_outputs,_,0.030808995,-0.022489099,-0.44179186
attn_2_2_outputs,_,-0.38798174,-0.20239995,0.75503784
attn_2_2_outputs,_,-0.56653285,0.029243872,-0.031404495
attn_2_2_outputs,_,0.46977758,-0.400801,0.66632086
attn_2_2_outputs,_,-0.26360056,0.36146045,-0.16704088
attn_2_2_outputs,_,-0.24203593,-0.99799025,0.4919765
attn_2_2_outputs,_,-0.1012819,-0.042247716,-0.19524932
attn_2_2_outputs,_,0.31367257,0.32880473,-0.20520823
attn_2_2_outputs,_,-0.13289809,0.18940133,-0.23137638
attn_2_2_outputs,_,0.527318,-0.053475317,0.020357408
attn_2_2_outputs,_,-0.014951445,-0.15747817,0.8906708
attn_2_2_outputs,_,0.42570463,-0.052211817,0.55835074
attn_2_2_outputs,_,0.010497544,0.047843855,0.79128015
attn_2_2_outputs,_,-0.4565724,-0.014627894,-0.00082545757
attn_2_2_outputs,_,-0.28235734,-0.38215148,-0.9009024
attn_2_2_outputs,_,-0.3783181,-0.7591109,-0.11236205
attn_2_2_outputs,_,0.13816334,-0.4426517,0.16858472
attn_2_2_outputs,_,-0.7407009,-0.5081253,-0.62927467
attn_2_2_outputs,_,1.4166535,0.07882237,-0.11594653
attn_2_2_outputs,_,-0.4295716,-0.7024028,0.9813981
attn_2_3_outputs,(,-0.5583291,-0.17740043,-0.21924193
attn_2_3_outputs,),0.15272243,-0.15863533,-0.016530585
attn_2_3_outputs,<pad>,1.0385098,0.28056493,-0.2721916
attn_2_3_outputs,<s>,-0.27467272,0.28344813,-0.09382731
attn_2_3_outputs,_,0.032032926,0.515254,-0.7260488
attn_2_3_outputs,_,0.09058762,-0.04587782,-0.6028357
attn_2_3_outputs,_,0.1470896,-0.6785639,-0.4331066
attn_2_3_outputs,_,0.029857099,-0.044792917,-1.8644238
attn_2_3_outputs,_,0.37121406,-0.5764714,-0.75762236
attn_2_3_outputs,_,-0.05232809,-0.053426582,-1.378731
attn_2_3_outputs,_,0.49323854,-0.75801045,0.058058873
attn_2_3_outputs,_,0.7914067,0.61171305,0.04388987
attn_2_3_outputs,_,0.32500544,-0.21193473,-0.09311413
attn_2_3_outputs,_,0.16753733,-0.2198619,-0.10797493
attn_2_3_outputs,_,0.43483472,0.49483043,-0.7292193
attn_2_3_outputs,_,0.5215519,-0.39588577,-0.4437433
attn_2_3_outputs,_,-0.37663102,-0.03360088,-0.04772718
attn_2_3_outputs,_,0.8883758,0.21397276,0.10347275
attn_2_3_outputs,_,-0.7442219,-0.30619973,-0.19434915
attn_2_3_outputs,_,0.8560034,-0.26996177,-0.30955076
attn_2_3_outputs,_,-0.6289442,0.5850514,-0.4174542
attn_2_3_outputs,_,0.6614359,-0.2652439,0.19055833
attn_2_3_outputs,_,0.69723725,-0.05573211,-0.5758857
attn_2_3_outputs,_,1.1091319,-0.0614782,-0.5690411
attn_2_3_outputs,_,0.20331003,0.61915225,-0.6558344
attn_2_3_outputs,_,0.43718237,0.8064697,0.7677683
attn_2_3_outputs,_,0.10216966,-0.3934,-0.13371907
attn_2_3_outputs,_,0.06162314,0.05683411,0.4020104
attn_2_3_outputs,_,0.5053839,0.16538283,-0.25774017
attn_2_3_outputs,_,-0.5596278,-0.5487687,0.4006814
attn_2_3_outputs,_,0.66963714,-0.015061764,-0.62603056
attn_2_3_outputs,_,0.062002223,-0.108401135,1.0991129
attn_2_3_outputs,_,0.37177467,0.6957782,-0.824572
attn_2_3_outputs,_,-0.11768587,-0.5401701,-1.3574154
attn_2_3_outputs,_,0.5380557,0.4105044,-1.3492724
attn_2_3_outputs,_,0.2956532,0.35296345,-0.020951528
attn_2_3_outputs,_,-0.88567525,0.017181061,0.059165545
attn_2_3_outputs,_,-0.2613553,-0.24518728,-0.033301596
attn_2_3_outputs,_,-1.0231271,-0.28889728,0.17092477
attn_2_3_outputs,_,0.68330246,0.2680856,0.088175915
attn_2_4_outputs,(,-1.6291263,1.319523,1.218345
attn_2_4_outputs,),0.64989537,-1.2366796,-1.4330307
attn_2_4_outputs,<pad>,-0.33071786,-0.051691324,-0.28374106
attn_2_4_outputs,<s>,0.31785217,-0.79876816,-0.23535162
attn_2_4_outputs,_,0.5989722,0.45833284,-0.6640608
attn_2_4_outputs,_,-0.058969848,0.025619056,1.2297946
attn_2_4_outputs,_,-0.2613248,-0.20851168,-0.8016213
attn_2_4_outputs,_,0.37089938,0.45167422,0.69948715
attn_2_4_outputs,_,0.48094612,0.24318956,-0.16700451
attn_2_4_outputs,_,0.2430884,-0.05488858,-0.78345144
attn_2_4_outputs,_,-0.80327463,-0.014020834,-0.8472571
attn_2_4_outputs,_,0.49951366,-0.49842083,0.49505037
attn_2_4_outputs,_,-0.1547515,0.22445284,-1.2464166
attn_2_4_outputs,_,0.58696705,0.10474181,-0.96829575
attn_2_4_outputs,_,-1.1807976,-0.5186723,0.36574388
attn_2_4_outputs,_,-0.66093713,-0.64778376,-0.6070286
attn_2_4_outputs,_,-0.7693057,-0.7411799,-0.17689586
attn_2_4_outputs,_,-0.84267825,0.18190221,-1.0963314
attn_2_4_outputs,_,-0.59945965,0.6974565,-0.8199445
attn_2_4_outputs,_,-0.24455866,0.21078716,-0.82420075
attn_2_4_outputs,_,-0.43035546,1.4999206,-0.5521551
attn_2_4_outputs,_,-0.32208875,-0.16449498,-0.37669572
attn_2_4_outputs,_,-2.0356607,1.1839586,-1.5591502
attn_2_4_outputs,_,-0.05571277,-0.5543099,0.34609124
attn_2_4_outputs,_,0.39829388,0.6885457,0.061921302
attn_2_4_outputs,_,-0.8335063,1.3320538,-1.0169371
attn_2_4_outputs,_,-0.81855744,0.6842004,-0.30627912
attn_2_4_outputs,_,-0.4376164,0.13487849,-0.15775633
attn_2_4_outputs,_,-0.49508554,-0.9037703,-0.74147344
attn_2_4_outputs,_,-0.7525253,0.5624024,0.5804388
attn_2_4_outputs,_,-0.040469155,-0.1587151,-0.0653192
attn_2_4_outputs,_,0.51125216,1.420385,0.7638139
attn_2_4_outputs,_,-0.8003138,1.0936774,-0.21201622
attn_2_4_outputs,_,0.4626745,-0.47379473,-0.03451713
attn_2_4_outputs,_,-0.21031941,0.1395314,-0.58173233
attn_2_4_outputs,_,0.18924786,-0.4929879,-0.18037954
attn_2_4_outputs,_,-0.5089595,0.5032299,0.87446404
attn_2_4_outputs,_,-0.76050335,0.6761046,-0.43953353
attn_2_4_outputs,_,-0.14177641,-0.60578984,-0.008206028
attn_2_4_outputs,_,-0.18527305,0.27375114,-0.9491634
attn_2_5_outputs,(,0.14911959,0.21531135,0.1128284
attn_2_5_outputs,),0.52709013,-1.1056396,-0.85420054
attn_2_5_outputs,<pad>,-0.2513025,0.36053473,0.09205505
attn_2_5_outputs,<s>,-0.67475206,-0.12497031,-0.24820396
attn_2_5_outputs,_,-0.0905805,0.04510862,0.23314112
attn_2_5_outputs,_,0.1496769,-0.39930436,0.053526685
attn_2_5_outputs,_,0.54297805,0.8357642,-0.06567315
attn_2_5_outputs,_,-0.154785,-0.80221957,-0.09610087
attn_2_5_outputs,_,0.3592745,-0.053506866,-0.6119002
attn_2_5_outputs,_,0.025262475,-0.82629657,0.5574841
attn_2_5_outputs,_,0.38083488,0.18581197,0.23032993
attn_2_5_outputs,_,-1.0606517,-0.6540771,-0.029820452
attn_2_5_outputs,_,0.26655668,0.69520247,0.2129241
attn_2_5_outputs,_,0.5272563,-0.4566325,0.45380962
attn_2_5_outputs,_,0.7614821,-0.9907235,-0.36872998
attn_2_5_outputs,_,0.038129594,-0.97084105,0.055307698
attn_2_5_outputs,_,-0.2260394,-0.16128257,-0.36424705
attn_2_5_outputs,_,0.70628947,0.20397307,-0.06322076
attn_2_5_outputs,_,0.08214464,0.5012984,0.02903593
attn_2_5_outputs,_,0.013320799,0.6073166,-0.55028766
attn_2_5_outputs,_,0.054172907,-0.31597447,-0.9945104
attn_2_5_outputs,_,-0.5497586,0.02700891,0.07731789
attn_2_5_outputs,_,-0.60066766,0.78138024,-0.058291983
attn_2_5_outputs,_,0.008652513,0.57238656,0.14552341
attn_2_5_outputs,_,0.66369283,0.02844512,-0.23104107
attn_2_5_outputs,_,-0.89154327,-0.14907767,-0.5309366
attn_2_5_outputs,_,-0.6776961,0.16967523,-0.606428
attn_2_5_outputs,_,-0.013686605,-0.18493386,0.0419127
attn_2_5_outputs,_,-0.9974696,0.60707897,0.45011702
attn_2_5_outputs,_,-0.85341567,-0.40849847,-0.32722428
attn_2_5_outputs,_,-0.47526067,-0.46107143,-0.35545912
attn_2_5_outputs,_,0.019873047,0.35484785,1.0582255
attn_2_5_outputs,_,0.020810759,-0.034055106,0.26869464
attn_2_5_outputs,_,1.0065794,-0.16646598,-0.8167437
attn_2_5_outputs,_,0.3933919,-0.6113835,0.043715134
attn_2_5_outputs,_,-0.67137957,-0.2994823,0.4196807
attn_2_5_outputs,_,-0.7097824,0.6895504,1.2785443
attn_2_5_outputs,_,0.36477387,-0.54255927,1.0649142
attn_2_5_outputs,_,-0.6018926,-0.7389804,0.10306191
attn_2_5_outputs,_,0.17418896,-0.4925727,0.08052435
attn_2_6_outputs,(,-0.30007476,0.17560801,-0.34322175
attn_2_6_outputs,),0.820815,-1.1976709,-0.6704081
attn_2_6_outputs,<pad>,-0.1726303,-0.36882174,0.017143434
attn_2_6_outputs,<s>,0.44761926,0.8507502,0.3382895
attn_2_6_outputs,_,1.0285032,0.57657355,-0.28535655
attn_2_6_outputs,_,0.78140366,-0.019193059,0.12912071
attn_2_6_outputs,_,-1.180844,0.791193,-0.46061614
attn_2_6_outputs,_,0.55543935,0.07040227,-0.43028435
attn_2_6_outputs,_,0.13575816,0.5391612,0.09581009
attn_2_6_outputs,_,-0.45450443,0.4215577,-0.8955505
attn_2_6_outputs,_,0.4982345,0.34008083,0.18739398
attn_2_6_outputs,_,-0.3928065,1.1037045,0.06145196
attn_2_6_outputs,_,0.5876277,0.16499658,-0.0031968602
attn_2_6_outputs,_,-0.056391418,-0.41295993,0.12238213
attn_2_6_outputs,_,0.051566534,0.09177184,-0.85069937
attn_2_6_outputs,_,1.2007705,-0.42948064,-0.2813074
attn_2_6_outputs,_,-0.85675746,0.27152956,-0.02938276
attn_2_6_outputs,_,-0.56606865,-0.16805705,0.31791073
attn_2_6_outputs,_,-0.338438,0.28253207,-0.1704155
attn_2_6_outputs,_,0.15969095,-0.30044383,-0.5774525
attn_2_6_outputs,_,-0.53423125,0.5082454,-1.0547173
attn_2_6_outputs,_,0.38794744,-0.32778558,0.014286291
attn_2_6_outputs,_,-0.27344975,0.0073571173,-0.30107594
attn_2_6_outputs,_,-0.5126312,0.46848348,-0.37351823
attn_2_6_outputs,_,-0.43886888,-0.10267465,0.13346592
attn_2_6_outputs,_,0.5516642,0.4307364,-1.1560829
attn_2_6_outputs,_,1.1029757,-0.19377156,-0.0072108465
attn_2_6_outputs,_,-0.89469326,-0.33273494,-0.53674513
attn_2_6_outputs,_,0.011131059,-0.38864532,0.11540476
attn_2_6_outputs,_,0.1963735,-0.28995347,-0.38919935
attn_2_6_outputs,_,-0.3413273,0.79361993,0.5379166
attn_2_6_outputs,_,-0.902776,0.33714917,0.21258327
attn_2_6_outputs,_,1.0792787,-0.031201258,-0.7490382
attn_2_6_outputs,_,-0.5494291,-0.9694256,-0.027179739
attn_2_6_outputs,_,-0.065031186,0.18669365,-0.079299584
attn_2_6_outputs,_,0.10496138,0.40374053,-0.109021544
attn_2_6_outputs,_,-1.296349,0.7797606,1.5548456
attn_2_6_outputs,_,-0.30922017,-0.2847162,-0.44282004
attn_2_6_outputs,_,0.17713296,-0.08072964,0.19853838
attn_2_6_outputs,_,0.086809345,0.3655,0.18240653
attn_2_7_outputs,(,-0.82489413,0.7741147,-0.12185894
attn_2_7_outputs,),-0.4578473,0.772443,-0.2033016
attn_2_7_outputs,<pad>,-0.48743546,-0.3405895,-0.05698784
attn_2_7_outputs,<s>,-0.7337625,-0.22694089,-0.26960805
attn_2_7_outputs,_,-0.123027205,0.012720401,-0.3068327
attn_2_7_outputs,_,0.0023737901,-0.5241377,-0.332078
attn_2_7_outputs,_,-0.23408797,0.43879828,0.2652561
attn_2_7_outputs,_,-0.93128914,-0.25823963,-0.31285724
attn_2_7_outputs,_,-0.07029221,0.6760649,0.73141366
attn_2_7_outputs,_,0.13444594,-0.8508732,0.41366363
attn_2_7_outputs,_,0.5044192,-0.16979115,0.7290797
attn_2_7_outputs,_,-0.28807166,0.8627164,-0.6346493
attn_2_7_outputs,_,-0.16551986,0.43862164,-0.72713506
attn_2_7_outputs,_,-0.6908148,-0.2509812,0.19568123
attn_2_7_outputs,_,0.5342891,-0.4679425,1.4682649
attn_2_7_outputs,_,-0.97074074,0.05417785,0.42579174
attn_2_7_outputs,_,0.124818526,-0.10000135,1.0205363
attn_2_7_outputs,_,0.022979083,0.19975956,0.15143743
attn_2_7_outputs,_,0.20841597,0.014935994,0.16583098
attn_2_7_outputs,_,-0.039463963,-0.23781285,0.3109109
attn_2_7_outputs,_,-0.8167403,-0.71792686,0.15101935
attn_2_7_outputs,_,0.031249322,-0.110545196,0.1041085
attn_2_7_outputs,_,-0.49059027,-0.42862266,-1.8216199
attn_2_7_outputs,_,0.42474827,0.3783577,0.3034401
attn_2_7_outputs,_,0.5440044,0.44364762,0.84293157
attn_2_7_outputs,_,0.27691865,0.7409311,1.1048404
attn_2_7_outputs,_,-0.17037183,0.7472606,0.41809753
attn_2_7_outputs,_,-0.27268103,1.4687217,0.36767417
attn_2_7_outputs,_,-0.8529845,-0.104830615,1.3803118
attn_2_7_outputs,_,-0.9422108,0.011953337,-0.15617274
attn_2_7_outputs,_,0.25305894,0.46519306,1.1058905
attn_2_7_outputs,_,-0.47956845,0.07782581,0.91843194
attn_2_7_outputs,_,-0.48046076,-0.6758281,-0.31045872
attn_2_7_outputs,_,-0.07842526,0.43744,0.20188306
attn_2_7_outputs,_,0.3434539,1.1881955,0.45941854
attn_2_7_outputs,_,-0.025564514,-1.0577924,0.6324882
attn_2_7_outputs,_,-0.024446009,0.4078037,0.5468934
attn_2_7_outputs,_,-0.0176862,-0.4051008,1.2221588
attn_2_7_outputs,_,-0.79438424,0.2733867,0.7839973
attn_2_7_outputs,_,-0.24233095,-0.025966931,-0.3062609
mlp_0_0_outputs,0,-0.57744855,1.5552186,-0.29542372
mlp_0_0_outputs,1,-0.35636336,0.59501606,-0.17739516
mlp_0_0_outputs,10,0.14693852,-0.981966,-0.48689213
mlp_0_0_outputs,11,-1.1512744,0.74610645,-0.33093244
mlp_0_0_outputs,12,0.2915774,-0.2170715,0.2176452
mlp_0_0_outputs,13,-0.23788802,0.60523134,-0.12553266
mlp_0_0_outputs,14,-0.37981403,1.254731,0.28434986
mlp_0_0_outputs,15,0.40004694,1.0668949,0.19078219
mlp_0_0_outputs,16,-0.4327567,0.82732445,-0.17631072
mlp_0_0_outputs,17,0.3401107,-0.6095732,-0.051005904
mlp_0_0_outputs,18,0.87511915,0.2103061,0.29941446
mlp_0_0_outputs,19,-1.2152965,0.70155394,-0.6226451
mlp_0_0_outputs,2,-0.98900247,0.88175577,0.1809073
mlp_0_0_outputs,20,1.22223,-0.3978848,-0.43270752
mlp_0_0_outputs,21,1.0077769,-0.7853987,-0.20926511
mlp_0_0_outputs,22,-0.37471932,0.88935983,-0.28873885
mlp_0_0_outputs,23,0.24485432,0.40852004,0.14370859
mlp_0_0_outputs,24,0.10150236,0.54891026,0.12250499
mlp_0_0_outputs,25,-1.0281285,1.0219437,-0.26115957
mlp_0_0_outputs,26,-0.21153086,0.10015614,-0.41962722
mlp_0_0_outputs,27,0.40788776,-0.6051366,0.13121653
mlp_0_0_outputs,28,-1.0564759,0.5904852,-0.5493092
mlp_0_0_outputs,29,-0.68410665,1.024587,-0.6047937
mlp_0_0_outputs,3,-1.0124693,1.2001889,-0.039848085
mlp_0_0_outputs,30,-0.3681774,0.18948843,-0.027056511
mlp_0_0_outputs,31,-0.7906229,0.49476394,-0.030124307
mlp_0_0_outputs,32,0.6040858,-0.39074638,0.04940547
mlp_0_0_outputs,33,1.1380947,0.56789315,-0.10102733
mlp_0_0_outputs,34,0.7774645,-0.0010062276,0.13543218
mlp_0_0_outputs,35,0.007652463,-0.051851284,0.2010685
mlp_0_0_outputs,36,-0.7959077,0.12113737,-1.3650007
mlp_0_0_outputs,37,0.38925734,-0.8022086,-0.39725623
mlp_0_0_outputs,38,-1.0362375,0.20950694,-0.86125976
mlp_0_0_outputs,39,1.1580877,-0.042009853,0.40404102
mlp_0_0_outputs,4,0.7568035,-0.8040889,-0.3073071
mlp_0_0_outputs,5,-0.57219636,-0.831107,-1.2664788
mlp_0_0_outputs,6,-0.65712905,0.27969244,0.1406451
mlp_0_0_outputs,7,0.22543442,-0.53122586,0.14789984
mlp_0_0_outputs,8,0.84270334,0.1340535,-0.11570996
mlp_0_0_outputs,9,0.76500815,-0.38636556,0.12434884
mlp_0_1_outputs,0,-0.07437088,0.08541592,-0.44998685
mlp_0_1_outputs,1,0.04595414,0.31182033,-0.39498496
mlp_0_1_outputs,10,-0.55423796,-0.68928796,-1.116971
mlp_0_1_outputs,11,0.25031912,0.36517292,-0.09127316
mlp_0_1_outputs,12,-0.36339894,-0.51237077,-0.52876884
mlp_0_1_outputs,13,0.9655371,0.80664784,0.5257408
mlp_0_1_outputs,14,-0.24025552,0.25736612,-0.59653205
mlp_0_1_outputs,15,0.49921173,-0.28005755,-0.64739335
mlp_0_1_outputs,16,0.3241477,0.4347251,-0.07599413
mlp_0_1_outputs,17,0.45583555,-0.23879999,-0.2719414
mlp_0_1_outputs,18,0.46668223,0.33273286,0.18372881
mlp_0_1_outputs,19,0.144552,0.1169581,-0.46527618
mlp_0_1_outputs,2,0.639745,0.9377755,0.67940176
mlp_0_1_outputs,20,-0.32575706,0.1258619,-0.49262062
mlp_0_1_outputs,21,-0.88172626,-0.8833222,-1.1047097
mlp_0_1_outputs,22,0.65031356,0.331623,0.22272821
mlp_0_1_outputs,23,0.7679938,-0.13659802,-0.0026412392
mlp_0_1_outputs,24,0.26453015,0.31301245,-0.23595354
mlp_0_1_outputs,25,-0.34146845,0.42061216,-0.18582107
mlp_0_1_outputs,26,0.80870163,0.8505328,0.5119425
mlp_0_1_outputs,27,-0.21963808,-0.41318893,-1.278553
mlp_0_1_outputs,28,-0.5025091,-0.14796679,-0.47639325
mlp_0_1_outputs,29,-0.05016574,-0.21906626,-0.27622437
mlp_0_1_outputs,3,-0.16075394,-0.21796003,-0.51660305
mlp_0_1_outputs,30,0.13210809,0.09861162,-0.67751646
mlp_0_1_outputs,31,0.48137712,0.8047829,-0.010626809
mlp_0_1_outputs,32,0.02621904,0.24141587,-0.24706192
mlp_0_1_outputs,33,-0.12953825,-0.3218763,-0.43331197
mlp_0_1_outputs,34,-0.22712342,-0.103412315,-0.71231663
mlp_0_1_outputs,35,-0.37606114,-0.17726575,-0.93839115
mlp_0_1_outputs,36,-0.6029852,-0.75403196,-0.72462636
mlp_0_1_outputs,37,0.06612248,0.10816603,-0.14609428
mlp_0_1_outputs,38,-0.025583664,-0.20020907,0.15444873
mlp_0_1_outputs,39,0.12929468,0.0023647018,0.037048362
mlp_0_1_outputs,4,-0.30508843,-0.42748657,-0.5122889
mlp_0_1_outputs,5,0.53519726,0.25325045,0.6613043
mlp_0_1_outputs,6,0.55739486,-0.22697583,-0.15319055
mlp_0_1_outputs,7,0.13435504,1.085957,0.39513585
mlp_0_1_outputs,8,-0.8020518,0.14408393,-0.65425783
mlp_0_1_outputs,9,0.19897828,0.12403806,0.35658303
mlp_1_0_outputs,0,0.3988565,0.13238586,0.32166043
mlp_1_0_outputs,1,-0.60307133,0.5468336,1.029913
mlp_1_0_outputs,10,-0.11625891,-0.9979004,0.44562402
mlp_1_0_outputs,11,-0.25061733,-0.12987474,-0.18067643
mlp_1_0_outputs,12,-0.08934622,1.1463792,0.7217166
mlp_1_0_outputs,13,-0.2681503,0.052559882,0.13940895
mlp_1_0_outputs,14,0.11232362,0.73745555,0.52420133
mlp_1_0_outputs,15,0.6024953,0.019291695,0.7632249
mlp_1_0_outputs,16,-0.665834,0.8365837,0.25187895
mlp_1_0_outputs,17,-0.42538047,0.43584907,-0.31926507
mlp_1_0_outputs,18,0.059891544,-0.41960597,-0.69787544
mlp_1_0_outputs,19,-0.31782386,-0.88880104,-0.05321717
mlp_1_0_outputs,2,0.119196974,0.0965604,-0.046698734
mlp_1_0_outputs,20,0.64803374,-0.3439282,0.62212265
mlp_1_0_outputs,21,0.036174364,-0.7303124,0.25267917
mlp_1_0_outputs,22,-1.1567836,-0.15748248,-0.46894857
mlp_1_0_outputs,23,0.21888971,0.4510753,0.070882946
mlp_1_0_outputs,24,-0.4153496,0.43170306,-0.30828202
mlp_1_0_outputs,25,0.04400425,0.17560421,-1.7929465
mlp_1_0_outputs,26,-0.363402,-0.5853264,-1.8856313
mlp_1_0_outputs,27,-0.3070888,-0.24717107,0.19253775
mlp_1_0_outputs,28,0.7615533,-0.48746535,0.5160732
mlp_1_0_outputs,29,-0.62995696,-0.31490082,-0.03965714
mlp_1_0_outputs,3,0.28139693,-0.1664226,-0.9199644
mlp_1_0_outputs,30,0.05473048,0.2481471,-0.22505485
mlp_1_0_outputs,31,-0.12262493,0.28483656,0.3644672
mlp_1_0_outputs,32,0.20164895,-0.2643213,0.44443128
mlp_1_0_outputs,33,0.32371584,-0.2893265,0.38868773
mlp_1_0_outputs,34,0.6969051,-0.1410193,0.53400004
mlp_1_0_outputs,35,0.25310394,-0.07822695,0.32612285
mlp_1_0_outputs,36,-0.20227845,0.16049884,-0.008459438
mlp_1_0_outputs,37,0.24644172,-0.33879474,-0.6213087
mlp_1_0_outputs,38,-0.054538496,0.13614824,-1.368341
mlp_1_0_outputs,39,-0.1707393,-0.5560514,-0.12147889
mlp_1_0_outputs,4,1.2264322,-0.5740462,-2.3241262
mlp_1_0_outputs,5,0.47311467,0.31958866,-0.81595665
mlp_1_0_outputs,6,0.13316824,0.54274905,-0.4287716
mlp_1_0_outputs,7,0.90164876,-0.9849369,0.22605658
mlp_1_0_outputs,8,0.25591898,-1.035492,0.23657621
mlp_1_0_outputs,9,-0.015815949,-0.43739918,0.28961372
mlp_1_1_outputs,0,0.9187605,-0.21900092,0.3096744
mlp_1_1_outputs,1,-0.61728793,0.0053714938,-0.5338463
mlp_1_1_outputs,10,0.52644587,1.2166402,-0.029227773
mlp_1_1_outputs,11,-0.17062016,-0.65360206,-0.19847248
mlp_1_1_outputs,12,0.8142048,0.055244606,0.39920402
mlp_1_1_outputs,13,-0.113199696,-0.40383312,-1.0623719
mlp_1_1_outputs,14,0.7884672,-0.96911997,0.6002644
mlp_1_1_outputs,15,-0.23353273,-0.20972723,-0.19121122
mlp_1_1_outputs,16,0.7585524,-0.8556742,1.0306593
mlp_1_1_outputs,17,-0.50569886,-0.54022884,-1.3544599
mlp_1_1_outputs,18,0.5547697,0.5433803,-0.44660005
mlp_1_1_outputs,19,0.08518164,-1.366325,0.36126614
mlp_1_1_outputs,2,-0.13679372,-0.98847914,1.7825161
mlp_1_1_outputs,20,-0.14165,0.20343556,-0.937298
mlp_1_1_outputs,21,-0.0089418255,-0.022400161,-1.2671963
mlp_1_1_outputs,22,0.27103037,-0.08911634,-1.3437388
mlp_1_1_outputs,23,0.31815323,0.16137259,-0.74680924
mlp_1_1_outputs,24,0.11780216,-0.88079786,0.17058818
mlp_1_1_outputs,25,0.40512314,0.6591749,-0.3074341
mlp_1_1_outputs,26,-0.14195776,-0.5874265,-1.3079782
mlp_1_1_outputs,27,-0.02950651,0.15384391,-0.90230775
mlp_1_1_outputs,28,0.31066188,-0.35324255,-0.08873916
mlp_1_1_outputs,29,-0.4820056,-0.077953815,-0.85455287
mlp_1_1_outputs,3,0.35626605,0.75888854,0.027125552
mlp_1_1_outputs,30,0.0913942,0.06946819,-0.64689255
mlp_1_1_outputs,31,0.27700123,0.31422126,-0.8254184
mlp_1_1_outputs,32,-0.60910994,0.816679,-0.3102519
mlp_1_1_outputs,33,0.53270537,0.37042663,-0.21060167
mlp_1_1_outputs,34,0.62912416,0.72124743,-0.6118322
mlp_1_1_outputs,35,0.74313486,0.012340129,-0.9569659
mlp_1_1_outputs,36,0.3420645,0.5145,-0.44515267
mlp_1_1_outputs,37,-0.267066,0.020268444,-0.8415816
mlp_1_1_outputs,38,0.04637991,-0.74541867,-0.3711141
mlp_1_1_outputs,39,0.59390724,-0.082597785,0.072694235
mlp_1_1_outputs,4,-0.35212576,0.48473266,-1.024915
mlp_1_1_outputs,5,-0.07071467,0.022547295,-0.93143594
mlp_1_1_outputs,6,-0.093737684,0.1458762,-1.1010258
mlp_1_1_outputs,7,0.2760375,0.39017665,0.014465859
mlp_1_1_outputs,8,1.7082484,0.09387606,1.2460487
mlp_1_1_outputs,9,0.503632,-0.036277685,0.43554926
mlp_2_0_outputs,0,-1.7798048,0.75178415,0.11533052
mlp_2_0_outputs,1,0.77388394,-0.9647539,-1.6491612
mlp_2_0_outputs,10,1.1629162,-1.1887298,-1.6528724
mlp_2_0_outputs,11,0.81323195,-1.1613202,-2.1664217
mlp_2_0_outputs,12,-1.7548016,0.67676747,1.0990394
mlp_2_0_outputs,13,1.9445641,0.41653883,-0.7141325
mlp_2_0_outputs,14,-1.2726481,0.67042,-1.5901402
mlp_2_0_outputs,15,0.21433422,-0.05222876,-0.78039074
mlp_2_0_outputs,16,0.5918205,0.15730342,-0.11612801
mlp_2_0_outputs,17,0.5426888,0.6124771,0.22805823
mlp_2_0_outputs,18,1.0157367,-0.73566276,-1.2576698
mlp_2_0_outputs,19,0.05488435,0.24709684,-1.0183879
mlp_2_0_outputs,2,0.99296224,-0.090625934,-0.9123888
mlp_2_0_outputs,20,0.8855115,-0.90469176,-1.8100075
mlp_2_0_outputs,21,-1.2133574,0.5787205,-0.09019203
mlp_2_0_outputs,22,-0.036508914,-0.18432753,-0.96696746
mlp_2_0_outputs,23,-0.008523619,0.0537667,-0.7304192
mlp_2_0_outputs,24,0.025023539,0.41002035,-1.338022
mlp_2_0_outputs,25,1.6874313,-0.062307112,-1.0909625
mlp_2_0_outputs,26,1.24814,-0.54712546,-1.0124695
mlp_2_0_outputs,27,1.1774725,-0.5669385,-1.3438677
mlp_2_0_outputs,28,0.18417731,0.180667,-0.4312476
mlp_2_0_outputs,29,-0.31476897,-0.18486269,-1.0827178
mlp_2_0_outputs,3,0.1799184,0.36894208,-0.84904915
mlp_2_0_outputs,30,-0.14245656,-0.017248068,-0.29318056
mlp_2_0_outputs,31,0.14093213,-0.8780434,-1.4028515
mlp_2_0_outputs,32,-0.2859913,-0.3499749,-0.4240649
mlp_2_0_outputs,33,-1.4930158,-2.3019073,-0.80043715
mlp_2_0_outputs,34,0.33479246,0.1545586,-0.6643617
mlp_2_0_outputs,35,-0.56039906,1.2535692,-1.0687839
mlp_2_0_outputs,36,1.2279116,-0.087278865,-1.9114581
mlp_2_0_outputs,37,0.6149879,-0.5826381,-1.7741148
mlp_2_0_outputs,38,1.3245995,0.12607695,-1.1149883
mlp_2_0_outputs,39,-0.10352189,-0.42393035,-0.6094857
mlp_2_0_outputs,4,0.46000287,-1.6241163,-1.6978271
mlp_2_0_outputs,5,-0.19986641,0.3538759,-1.267603
mlp_2_0_outputs,6,-0.1216248,-0.0039026442,-1.5804914
mlp_2_0_outputs,7,0.29441184,0.3942479,-1.0556678
mlp_2_0_outputs,8,1.4790916,0.20904645,-0.9613154
mlp_2_0_outputs,9,0.24515353,-1.0601988,-2.2266116
mlp_2_1_outputs,0,-0.44282424,-0.41792005,-0.10443971
mlp_2_1_outputs,1,-0.1093876,0.43656665,1.2642995
mlp_2_1_outputs,10,-0.9137046,0.17680503,1.3552686
mlp_2_1_outputs,11,-0.64900595,0.32576308,0.50807357
mlp_2_1_outputs,12,-0.46599978,0.17725626,1.0340927
mlp_2_1_outputs,13,0.314997,0.5851824,1.4660884
mlp_2_1_outputs,14,-0.3751595,-0.554885,0.7397145
mlp_2_1_outputs,15,0.09608809,-0.3226256,-0.2674453
mlp_2_1_outputs,16,-0.460638,0.49732864,0.853362
mlp_2_1_outputs,17,-0.21162978,-0.51562756,0.53850865
mlp_2_1_outputs,18,-1.2476355,-0.91415906,1.8548665
mlp_2_1_outputs,19,0.85843563,-0.3107259,-1.0367695
mlp_2_1_outputs,2,-0.88498867,0.11100485,0.71559954
mlp_2_1_outputs,20,0.13777795,0.31616768,0.9474378
mlp_2_1_outputs,21,-0.32930493,0.4482889,-0.3674639
mlp_2_1_outputs,22,0.17794916,0.16245596,1.7754864
mlp_2_1_outputs,23,-0.8976645,-0.21791048,0.81520146
mlp_2_1_outputs,24,0.10675968,0.10883542,1.5191444
mlp_2_1_outputs,25,-0.51598495,0.18541342,0.8498624
mlp_2_1_outputs,26,-0.7794863,1.0078087,1.1565704
mlp_2_1_outputs,27,-0.84983873,-0.3691045,0.47103563
mlp_2_1_outputs,28,-0.37495303,-0.1790873,1.1647927
mlp_2_1_outputs,29,-0.01064711,-0.119422026,0.8822018
mlp_2_1_outputs,3,-0.21169169,-0.8498824,0.14691052
mlp_2_1_outputs,30,0.13228634,0.43696073,0.6458027
mlp_2_1_outputs,31,-0.051298317,0.9056403,1.2822495
mlp_2_1_outputs,32,-0.287948,-0.605985,0.8157022
mlp_2_1_outputs,33,-0.822419,-0.06898412,0.89539117
mlp_2_1_outputs,34,-0.41551912,-0.45498037,-0.55469143
mlp_2_1_outputs,35,-0.97770095,0.2594739,0.40439013
mlp_2_1_outputs,36,-0.289716,-0.4411107,-0.46270806
mlp_2_1_outputs,37,-0.31229162,0.0044586025,-0.2472474
mlp_2_1_outputs,38,-0.64190763,0.46352592,0.055307202
mlp_2_1_outputs,39,-0.3752486,0.2244663,0.36571777
mlp_2_1_outputs,4,-0.015196726,0.39926836,1.2839446
mlp_2_1_outputs,5,0.18558288,-0.3986264,-1.631487
mlp_2_1_outputs,6,-0.45696518,0.18792783,0.9513273
mlp_2_1_outputs,7,-0.6968711,-0.54587436,-0.116608426
mlp_2_1_outputs,8,0.17680307,0.05203533,0.29465905
mlp_2_1_outputs,9,-0.018375086,0.45233503,1.1486402
num_attn_0_0_outputs,_,-0.56802666,-0.851498,0.5409392
num_attn_0_1_outputs,_,-0.19890486,0.5953466,-0.053312745
num_attn_0_2_outputs,_,3.1439588,-2.2123342,-0.83783555
num_attn_0_3_outputs,_,0.3575207,-2.9305954,1.080023
num_attn_0_4_outputs,_,-2.0807862,1.4760784,0.2547398
num_attn_0_5_outputs,_,-0.5831489,-0.6488354,-0.18074396
num_attn_0_6_outputs,_,1.1746402,-1.4772047,-0.44540262
num_attn_0_7_outputs,_,0.8619904,0.4246191,0.6393426
num_attn_1_0_outputs,_,-2.168002,2.1533394,-0.26735657
num_attn_1_1_outputs,_,0.4168323,0.4989237,0.25335488
num_attn_1_2_outputs,_,0.9135547,0.42238504,0.7000949
num_attn_1_3_outputs,_,0.4110094,-0.8052303,-0.69880795
num_attn_1_4_outputs,_,-0.8571164,0.5077925,-0.11010804
num_attn_1_5_outputs,_,1.8247191,-2.3358426,-0.45429078
num_attn_1_6_outputs,_,1.254739,-1.2192557,-0.18369013
num_attn_1_7_outputs,_,0.94965804,0.24300419,0.6460858
num_attn_2_0_outputs,_,0.62090814,-0.43172374,0.70194507
num_attn_2_1_outputs,_,0.4196499,-0.62319744,-0.33627158
num_attn_2_2_outputs,_,1.463624,-1.4874616,-0.0959376
num_attn_2_3_outputs,_,0.2122905,-0.07342678,0.121458046
num_attn_2_4_outputs,_,1.3001168,-0.6779438,0.34165752
num_attn_2_5_outputs,_,-2.074546,0.4227164,-0.7692598
num_attn_2_6_outputs,_,-0.36279944,-0.2351215,0.22400764
num_attn_2_7_outputs,_,-0.21887664,0.5982477,-0.7260192
num_mlp_0_0_outputs,0,-0.115537226,0.29247218,-1.2089068
num_mlp_0_0_outputs,1,0.21458574,-0.129609,-0.5915961
num_mlp_0_0_outputs,10,0.29041898,0.30789432,0.2210988
num_mlp_0_0_outputs,11,0.4347744,-1.0070665,-0.4020619
num_mlp_0_0_outputs,12,0.38255188,-0.12895942,0.21047981
num_mlp_0_0_outputs,13,0.10536796,0.33665335,-1.4582313
num_mlp_0_0_outputs,14,0.16250576,-0.05134848,0.03026414
num_mlp_0_0_outputs,15,0.1954882,0.23205765,0.30743656
num_mlp_0_0_outputs,16,-0.061915763,0.21767797,-0.2932212
num_mlp_0_0_outputs,17,0.36954445,-0.039265413,0.11702479
num_mlp_0_0_outputs,18,-0.39296368,0.5281606,0.00564301
num_mlp_0_0_outputs,19,-0.09328869,0.09116909,-0.028510218
num_mlp_0_0_outputs,2,0.06303303,0.2517556,0.00086644554
num_mlp_0_0_outputs,20,-0.43881062,0.100353025,-0.11287633
num_mlp_0_0_outputs,21,-0.3691712,0.2340117,-0.1042095
num_mlp_0_0_outputs,22,-0.25327653,-0.24983715,-0.44953653
num_mlp_0_0_outputs,23,0.16964015,-0.11785882,0.36521503
num_mlp_0_0_outputs,24,0.6457829,-0.10616805,0.61906135
num_mlp_0_0_outputs,25,-0.08342547,-0.2876022,-0.42408064
num_mlp_0_0_outputs,26,0.26540717,0.4339153,0.5845541
num_mlp_0_0_outputs,27,-0.64965594,0.16400094,-0.67494506
num_mlp_0_0_outputs,28,0.40096822,0.22354314,-0.31986216
num_mlp_0_0_outputs,29,-0.060202476,-0.5878542,-0.018951928
num_mlp_0_0_outputs,3,1.0915968,1.0289401,0.9976796
num_mlp_0_0_outputs,30,-0.101513706,0.20318156,-0.735031
num_mlp_0_0_outputs,31,-0.04792003,-0.12517649,-2.2470381
num_mlp_0_0_outputs,32,-0.49966362,0.5468477,0.9089675
num_mlp_0_0_outputs,33,0.23122412,0.9581732,0.82266295
num_mlp_0_0_outputs,34,0.16281949,0.15683432,-0.77326584
num_mlp_0_0_outputs,35,0.56515723,0.8029148,0.448618
num_mlp_0_0_outputs,36,-0.80225,0.31808835,-0.07085874
num_mlp_0_0_outputs,37,-0.11844676,0.03789949,0.09301228
num_mlp_0_0_outputs,38,-0.6133673,0.4053699,-0.060069676
num_mlp_0_0_outputs,39,-0.7838287,0.24432313,-0.8574814
num_mlp_0_0_outputs,4,-0.79314524,-0.08206489,-1.820777
num_mlp_0_0_outputs,5,-0.49738473,-0.67201865,-0.3511936
num_mlp_0_0_outputs,6,0.56243795,0.20420763,0.12045206
num_mlp_0_0_outputs,7,-0.47358203,-0.40343416,-0.5594103
num_mlp_0_0_outputs,8,-0.17831025,-0.2973078,-0.54467565
num_mlp_0_0_outputs,9,-0.3693034,-0.6038895,-0.15310483
num_mlp_0_1_outputs,0,0.26592588,0.22062948,0.23846334
num_mlp_0_1_outputs,1,-0.39217356,-0.3225472,-0.6769032
num_mlp_0_1_outputs,10,-0.79001856,0.25893906,-0.70354676
num_mlp_0_1_outputs,11,0.31612784,-0.63998485,0.009135866
num_mlp_0_1_outputs,12,-0.16706266,-0.5783717,-0.2257031
num_mlp_0_1_outputs,13,1.0184084,0.20046327,-0.660134
num_mlp_0_1_outputs,14,-0.45855388,-0.121090606,-0.20501088
num_mlp_0_1_outputs,15,0.30252996,0.8155663,-0.6792159
num_mlp_0_1_outputs,16,0.56701016,-0.2219515,-0.69196486
num_mlp_0_1_outputs,17,0.9367583,-0.56791854,0.32575625
num_mlp_0_1_outputs,18,-1.9162033,-0.34082982,-0.96619874
num_mlp_0_1_outputs,19,0.3564574,-0.72990906,-0.3617301
num_mlp_0_1_outputs,2,0.28819066,0.25160193,0.051036738
num_mlp_0_1_outputs,20,-0.24995847,0.7001646,-0.08566527
num_mlp_0_1_outputs,21,-0.07010153,-0.6596739,-0.32616928
num_mlp_0_1_outputs,22,-0.11277559,0.36108956,0.0050133555
num_mlp_0_1_outputs,23,-0.52794904,-0.32847106,-0.2828853
num_mlp_0_1_outputs,24,-0.16384767,-0.5700031,0.28998622
num_mlp_0_1_outputs,25,0.09202113,0.3515627,1.0540042
num_mlp_0_1_outputs,26,1.1358488,-0.29827556,0.033259686
num_mlp_0_1_outputs,27,-0.03627605,0.14690083,-0.5852068
num_mlp_0_1_outputs,28,0.20982645,-0.57605106,-0.33218336
num_mlp_0_1_outputs,29,-0.021366585,-1.1869516,-0.8984556
num_mlp_0_1_outputs,3,0.22890338,0.5436619,0.08103684
num_mlp_0_1_outputs,30,0.45950052,-0.46646747,-0.19765316
num_mlp_0_1_outputs,31,0.4137725,0.6054476,0.32109442
num_mlp_0_1_outputs,32,0.12044039,0.14216127,-0.5566815
num_mlp_0_1_outputs,33,0.09766386,1.0053856,0.20476037
num_mlp_0_1_outputs,34,0.7025402,-1.1321137,-0.62713
num_mlp_0_1_outputs,35,0.27834368,0.83525467,0.4060304
num_mlp_0_1_outputs,36,0.27148756,-0.31978193,-0.57617164
num_mlp_0_1_outputs,37,1.1727751,-0.978463,-0.9703969
num_mlp_0_1_outputs,38,0.13328104,-0.32244724,-0.69155043
num_mlp_0_1_outputs,39,-0.5702103,0.9568313,0.57209885
num_mlp_0_1_outputs,4,-0.6927581,1.2248399,0.3227061
num_mlp_0_1_outputs,5,0.7256632,-0.16179247,-0.23227784
num_mlp_0_1_outputs,6,-0.21564963,0.636571,0.06125444
num_mlp_0_1_outputs,7,0.0026924936,0.409409,-0.34693483
num_mlp_0_1_outputs,8,0.09743658,-0.18656309,-0.292955
num_mlp_0_1_outputs,9,0.62271494,0.45895565,0.8500311
num_mlp_1_0_outputs,0,1.2470591,0.15035494,0.268007
num_mlp_1_0_outputs,1,0.11924681,-0.25982553,0.3416085
num_mlp_1_0_outputs,10,0.4625301,0.4171819,0.20406494
num_mlp_1_0_outputs,11,0.52239347,0.11727384,0.7170212
num_mlp_1_0_outputs,12,-0.251324,-0.32182738,-0.5495046
num_mlp_1_0_outputs,13,0.36562514,-0.20772856,-0.30467352
num_mlp_1_0_outputs,14,0.83960146,-0.19738817,0.39253315
num_mlp_1_0_outputs,15,-0.123471916,-0.3382529,-0.22259241
num_mlp_1_0_outputs,16,0.16214678,0.38417795,0.28627688
num_mlp_1_0_outputs,17,-0.22476439,0.42878383,0.03736981
num_mlp_1_0_outputs,18,0.0055478676,-0.40901798,-0.5491184
num_mlp_1_0_outputs,19,-0.010554742,-0.1656941,-0.68726444
num_mlp_1_0_outputs,2,-0.34267232,0.065845214,-0.658106
num_mlp_1_0_outputs,20,-0.21763043,-0.035827238,0.5387505
num_mlp_1_0_outputs,21,-0.03778925,-0.59309393,-0.5625374
num_mlp_1_0_outputs,22,0.22993621,0.17236312,0.0570747
num_mlp_1_0_outputs,23,0.6408936,0.11824597,-0.08442919
num_mlp_1_0_outputs,24,-0.0039748424,-0.16728984,-0.7378484
num_mlp_1_0_outputs,25,-0.13378108,-1.0748467,-0.5390221
num_mlp_1_0_outputs,26,-0.17611906,-0.08170496,-1.634643
num_mlp_1_0_outputs,27,0.10667554,-0.56439334,-0.7104358
num_mlp_1_0_outputs,28,0.39034066,-0.06745024,-0.16207203
num_mlp_1_0_outputs,29,-0.2757384,-0.19329426,-0.8652069
num_mlp_1_0_outputs,3,-0.34599054,-0.4745974,-0.5189616
num_mlp_1_0_outputs,30,-0.063357085,-0.46878922,0.3513202
num_mlp_1_0_outputs,31,-0.47904328,-0.83948636,-1.1520591
num_mlp_1_0_outputs,32,-0.024630042,-0.00082826323,-0.39398545
num_mlp_1_0_outputs,33,0.124507494,0.0853777,-0.4621916
num_mlp_1_0_outputs,34,0.8933517,0.051471855,-0.31961012
num_mlp_1_0_outputs,35,0.66172206,0.09061511,0.04415031
num_mlp_1_0_outputs,36,-0.027687846,0.38520014,-0.4624184
num_mlp_1_0_outputs,37,0.8306593,0.22578745,0.68147624
num_mlp_1_0_outputs,38,0.29770884,0.48087665,0.15196183
num_mlp_1_0_outputs,39,-0.31444946,0.24601515,-0.41764292
num_mlp_1_0_outputs,4,-0.14266731,-0.022811895,-0.050107215
num_mlp_1_0_outputs,5,0.26305407,0.35124746,-0.7592483
num_mlp_1_0_outputs,6,-0.04798722,0.20527469,-0.096481495
num_mlp_1_0_outputs,7,0.7690915,0.35984913,0.43719152
num_mlp_1_0_outputs,8,0.62066627,0.24210027,-0.116944306
num_mlp_1_0_outputs,9,0.17791626,0.13194486,-0.08798027
num_mlp_1_1_outputs,0,-0.003437911,0.19284728,-0.13569811
num_mlp_1_1_outputs,1,0.37364447,-1.0178651,-0.6225434
num_mlp_1_1_outputs,10,0.78574353,-0.40553957,0.42548254
num_mlp_1_1_outputs,11,-0.3410624,0.5123443,-0.4501468
num_mlp_1_1_outputs,12,-0.32289442,-0.37239257,-0.905221
num_mlp_1_1_outputs,13,0.87236917,-0.22806604,0.09720738
num_mlp_1_1_outputs,14,0.5804446,-0.5499164,-0.9385263
num_mlp_1_1_outputs,15,1.0283203,-0.5423793,0.004055358
num_mlp_1_1_outputs,16,-0.57746446,0.2608545,0.28512847
num_mlp_1_1_outputs,17,-0.3970918,0.5939739,0.204814
num_mlp_1_1_outputs,18,-0.1566926,0.36173478,0.4340869
num_mlp_1_1_outputs,19,0.9994018,-0.3045262,-0.30963725
num_mlp_1_1_outputs,2,-0.43519676,-0.1365635,-0.58746016
num_mlp_1_1_outputs,20,0.1952958,0.14658521,0.06539908
num_mlp_1_1_outputs,21,0.3443111,-0.55898726,-0.5615375
num_mlp_1_1_outputs,22,-0.21062747,0.54473495,0.0883482
num_mlp_1_1_outputs,23,1.0486151,-0.25996926,-0.044452
num_mlp_1_1_outputs,24,0.63757145,-0.63124835,-0.31241518
num_mlp_1_1_outputs,25,-0.22802511,0.56169254,0.26147565
num_mlp_1_1_outputs,26,0.16115598,-0.55746144,-0.68051547
num_mlp_1_1_outputs,27,0.50598687,-1.1419314,0.82245666
num_mlp_1_1_outputs,28,-0.5259273,0.30853003,0.06942699
num_mlp_1_1_outputs,29,0.58978695,-0.26083633,0.041997895
num_mlp_1_1_outputs,3,0.09415072,0.9303999,0.49340224
num_mlp_1_1_outputs,30,-0.6572164,-0.20416835,0.16350058
num_mlp_1_1_outputs,31,0.53604615,-0.57163584,-0.5516063
num_mlp_1_1_outputs,32,0.61796224,0.3888547,-1.2767117
num_mlp_1_1_outputs,33,0.23903391,-0.33663654,-0.24706455
num_mlp_1_1_outputs,34,0.71558034,-0.116761334,-0.13900408
num_mlp_1_1_outputs,35,-0.13136426,0.53814036,0.27937204
num_mlp_1_1_outputs,36,1.0575384,-0.36353603,-0.2723519
num_mlp_1_1_outputs,37,-0.1148281,0.46127975,0.09224019
num_mlp_1_1_outputs,38,0.17781286,-0.7517794,-0.5840194
num_mlp_1_1_outputs,39,0.7114426,-0.45741025,-0.32552376
num_mlp_1_1_outputs,4,-0.0016134899,0.13447128,-0.35414392
num_mlp_1_1_outputs,5,0.3065825,-0.6958917,-0.7458067
num_mlp_1_1_outputs,6,-0.5146207,1.1630526,0.19006482
num_mlp_1_1_outputs,7,1.1652036,-0.25912064,0.24185224
num_mlp_1_1_outputs,8,-0.018686224,0.70522743,0.38610402
num_mlp_1_1_outputs,9,0.5481826,-0.8217603,-0.49397883
num_mlp_2_0_outputs,0,-0.36414707,-0.6290604,-0.764757
num_mlp_2_0_outputs,1,0.16984779,-0.43663165,-0.29720932
num_mlp_2_0_outputs,10,0.1277047,-0.13105468,-0.5709044
num_mlp_2_0_outputs,11,0.057260927,0.13911727,-0.15632837
num_mlp_2_0_outputs,12,0.54293036,0.16586508,-0.3737144
num_mlp_2_0_outputs,13,0.15971193,-0.9170647,-0.9478151
num_mlp_2_0_outputs,14,0.7360456,-0.12701914,0.19504213
num_mlp_2_0_outputs,15,0.921867,0.7983916,-0.25651205
num_mlp_2_0_outputs,16,-0.12466684,-0.6921546,-0.5732516
num_mlp_2_0_outputs,17,-0.27728817,-0.246202,-0.22068138
num_mlp_2_0_outputs,18,0.18498403,0.025661185,-0.113199376
num_mlp_2_0_outputs,19,-0.040222745,-0.471868,-0.7307148
num_mlp_2_0_outputs,2,-0.100706644,-0.43996802,-0.940153
num_mlp_2_0_outputs,20,0.26096708,0.37778726,-0.052789513
num_mlp_2_0_outputs,21,0.161269,-0.36695144,-0.64006263
num_mlp_2_0_outputs,22,-0.08760106,0.35958683,-0.098218046
num_mlp_2_0_outputs,23,-0.16243005,-0.16650772,-0.5535196
num_mlp_2_0_outputs,24,0.44637948,0.24076712,0.08800622
num_mlp_2_0_outputs,25,0.28594276,0.4259309,-0.049404647
num_mlp_2_0_outputs,26,0.62113047,-0.0050301435,-0.20640539
num_mlp_2_0_outputs,27,-0.06937684,-0.28135774,0.12696166
num_mlp_2_0_outputs,28,0.22655247,0.7807673,0.23757093
num_mlp_2_0_outputs,29,0.51688737,0.30843893,-0.014228466
num_mlp_2_0_outputs,3,-0.44320923,-0.26686653,-0.8067073
num_mlp_2_0_outputs,30,0.12813309,0.27032644,-0.392776
num_mlp_2_0_outputs,31,0.4438034,0.114847295,-0.13426924
num_mlp_2_0_outputs,32,-0.055141687,0.16880473,-0.26151374
num_mlp_2_0_outputs,33,0.77519214,0.5048699,-0.7723629
num_mlp_2_0_outputs,34,0.72036195,0.6423542,0.05419536
num_mlp_2_0_outputs,35,0.12993346,-0.44508502,-0.5044757
num_mlp_2_0_outputs,36,-0.03444685,-0.05328497,-0.88195384
num_mlp_2_0_outputs,37,0.17216614,0.58166206,0.16592924
num_mlp_2_0_outputs,38,0.5145558,0.5069149,0.24628949
num_mlp_2_0_outputs,39,0.13052464,-0.036110662,-1.0129099
num_mlp_2_0_outputs,4,0.77846396,0.55306655,0.5391008
num_mlp_2_0_outputs,5,0.39500344,-0.029880023,-0.26269412
num_mlp_2_0_outputs,6,0.3769863,-0.11688369,-0.22747235
num_mlp_2_0_outputs,7,-0.11196394,0.090970315,0.07358752
num_mlp_2_0_outputs,8,0.013331905,-0.07582814,-0.69304067
num_mlp_2_0_outputs,9,-0.10637828,-0.2259045,-0.13624007
num_mlp_2_1_outputs,0,-0.45118284,-0.7188809,-0.84119713
num_mlp_2_1_outputs,1,0.13408977,0.29556334,-0.0042044986
num_mlp_2_1_outputs,10,0.045770064,-0.021405559,-0.3833272
num_mlp_2_1_outputs,11,0.64587295,0.16154733,-0.53429884
num_mlp_2_1_outputs,12,0.7386077,0.41816056,0.08605588
num_mlp_2_1_outputs,13,0.50439245,-0.30141985,0.13200538
num_mlp_2_1_outputs,14,0.6637985,0.4316732,-0.034813378
num_mlp_2_1_outputs,15,0.42632836,0.28676808,0.4108032
num_mlp_2_1_outputs,16,-0.42702317,-0.05941552,-0.6229471
num_mlp_2_1_outputs,17,-0.0903518,-0.44153205,-0.5131971
num_mlp_2_1_outputs,18,0.30658135,-0.80341303,-0.5503633
num_mlp_2_1_outputs,19,0.0882973,0.08623031,0.007310462
num_mlp_2_1_outputs,2,0.11081456,-0.037935592,-0.18946216
num_mlp_2_1_outputs,20,0.48623914,0.2537188,0.061359614
num_mlp_2_1_outputs,21,0.8405278,0.35630786,0.071532026
num_mlp_2_1_outputs,22,0.036345243,0.482878,-0.32314762
num_mlp_2_1_outputs,23,0.6507978,0.5420532,0.40543616
num_mlp_2_1_outputs,24,-0.14297959,-0.28967795,-0.6548647
num_mlp_2_1_outputs,25,0.36173898,-0.23280634,-0.05303977
num_mlp_2_1_outputs,26,-0.23751047,0.25946134,-0.17735125
num_mlp_2_1_outputs,27,0.6561906,-0.49623898,0.0946161
num_mlp_2_1_outputs,28,0.13425311,0.29131728,0.53812546
num_mlp_2_1_outputs,29,-0.5461771,-0.14486837,-0.42555597
num_mlp_2_1_outputs,3,0.18533717,0.17098695,0.10461959
num_mlp_2_1_outputs,30,0.3201209,-0.24978748,-0.010965977
num_mlp_2_1_outputs,31,-0.19796762,-0.24752244,-1.2997526
num_mlp_2_1_outputs,32,0.21774119,0.10063416,-0.2301818
num_mlp_2_1_outputs,33,-0.18951055,-0.35617858,-0.28905734
num_mlp_2_1_outputs,34,0.16509548,-0.16161911,-0.37076408
num_mlp_2_1_outputs,35,0.7782324,-0.30376226,-0.37074944
num_mlp_2_1_outputs,36,-0.24772228,0.1847143,0.013285469
num_mlp_2_1_outputs,37,0.21468468,0.22878413,0.2641191
num_mlp_2_1_outputs,38,0.40604097,-0.21672519,-0.11579005
num_mlp_2_1_outputs,39,0.7884788,0.015890708,-0.85526884
num_mlp_2_1_outputs,4,-0.14741713,0.15984552,-0.5127993
num_mlp_2_1_outputs,5,0.30815986,0.36952227,-0.10682134
num_mlp_2_1_outputs,6,0.046971265,0.047912993,0.04406069
num_mlp_2_1_outputs,7,0.64827305,-0.6397963,-0.8009082
num_mlp_2_1_outputs,8,0.12763646,0.6992371,0.16780886
num_mlp_2_1_outputs,9,0.36372718,0.5647885,0.25380147
ones,_,0.37946925,0.52560407,0.35032496
positions,0,-0.8264111,-0.13633111,-0.3539528
positions,1,2.5971282,-0.5715433,-6.1417923
positions,10,-2.1050217,0.92298996,2.1735137
positions,11,-1.7227353,3.4428427,-10.519834
positions,12,-2.4878566,3.7467651,2.805476
positions,13,-0.23563172,1.161058,-10.643585
positions,14,0.5837078,-0.7039561,2.389955
positions,15,1.7527394,-0.46487275,-10.797839
positions,16,3.984992,-3.5367606,2.047686
positions,17,2.8625486,-2.7045786,-10.550572
positions,18,4.3889174,-3.5880456,2.8160763
positions,19,6.0701284,-5.1151314,-10.657591
positions,2,1.5095971,-5.6285295,4.5396585
positions,20,0.34568915,0.37732595,-0.0075037577
positions,21,-0.71391004,-0.67930484,0.20052709
positions,22,-0.16255724,-0.42971724,0.21743768
positions,23,0.5642096,0.66390985,-0.8067261
positions,24,0.19095612,0.030186819,-0.0029400296
positions,25,0.2987928,0.1520407,-0.14068936
positions,26,0.58301747,0.31158376,0.320073
positions,27,0.4319662,0.3858475,-0.0634065
positions,28,-0.15138987,-0.0096199,0.49474293
positions,29,0.64334553,0.42327994,-0.4414649
positions,3,-3.2242506,5.188271,-14.312099
positions,30,1.2854655,-0.4054885,0.55624706
positions,31,-0.3712707,0.11726483,-0.09213612
positions,32,0.7290856,1.052678,0.51772547
positions,33,1.3253399,-0.24650094,-0.30520406
positions,34,-0.508772,-0.444315,0.61573243
positions,35,-0.059400562,0.69597113,-0.22923225
positions,36,0.50298995,-0.6730739,-0.54050624
positions,37,-0.03559695,0.96830535,-0.9055905
positions,38,0.07150182,-0.62139624,-0.06280986
positions,39,0.34971145,-0.1292502,-0.065414496
positions,4,-3.2977643,2.4719,3.7069867
positions,5,0.66547334,2.346429,-8.997519
positions,6,-8.556395,11.463162,0.743085
positions,7,-3.2199368,4.5554333,-8.255283
positions,8,-3.3896494,2.160941,3.0824683
positions,9,-3.6931243,3.9838805,-9.3099375
tokens,(,-0.18949907,0.8335408,-10.384608
tokens,),0.00021773997,-0.66813517,3.0403783
tokens,<pad>,-0.186993,0.6678949,0.9615907
tokens,<s>,-0.06670767,0.19766979,-0.36939892
tokens,_,-0.5585111,-0.68544173,0.72367674
tokens,_,-0.49884862,0.44993863,0.4050243
tokens,_,0.7862044,0.29862395,0.5093792
tokens,_,-0.23612207,0.6906273,0.9013951
tokens,_,-0.23731175,0.0051336405,-0.006550865
tokens,_,-0.35137984,-0.099675015,-0.68630487
tokens,_,-0.9232025,-0.23037735,-0.53481716
tokens,_,-0.8655963,-0.6972504,1.009061
tokens,_,-0.15810025,-0.068313226,0.6008616
tokens,_,0.0719286,0.65842086,0.19633354
tokens,_,0.028010365,0.335145,-0.37568438
tokens,_,-0.36543977,0.44440258,0.7982394
tokens,_,-0.32510954,-0.42077732,0.6782134
tokens,_,-0.20450869,-0.36595553,-0.2757464
tokens,_,-0.99794084,0.9565447,-0.068342716
tokens,_,-1.0721223,-0.2164786,0.005300384
tokens,_,-0.47711694,0.36388245,-0.13019462
tokens,_,-0.46000585,-0.6583079,-1.1855593
tokens,_,-0.8543938,0.39076924,1.071826
tokens,_,-0.4855404,0.5850616,1.1536173
tokens,_,-0.39419037,0.21283734,-0.63266164
tokens,_,1.0384293,-1.5639843,-1.5413903
tokens,_,0.12946585,-0.10135409,-0.11396449
tokens,_,-0.20224918,-0.58674216,0.85951406
tokens,_,-0.029540319,-0.20240499,1.5757258
tokens,_,-0.108226314,0.64076847,0.54554754
tokens,_,0.50634044,0.0004741769,0.3216963
tokens,_,0.23147373,0.20681195,0.7136084
tokens,_,-0.376252,-0.12542595,0.081824854
tokens,_,-0.1628154,-0.5735798,0.4090637
tokens,_,0.0067143235,-0.1466075,1.1403562
tokens,_,0.09021426,0.2698042,-0.6144253
tokens,_,-0.2614625,-0.17298108,0.015615502
tokens,_,0.37074447,-0.4752448,0.38383722
tokens,_,0.22905655,-0.103493616,0.044820722
tokens,_,0.0078614205,0.36441228,0.19948874
