feature,value,1,10,11,12,13,14,2,3,4,5,6,7,8,9
attn_0_0_outputs,0,4.89761,-11.630777,-13.350532,-13.025628,-19.91703,-15.776663,2.7613683,5.3843656,7.70239,4.408882,0.91593385,-1.2758855,-4.4080157,-8.590753
attn_0_0_outputs,1,5.440703,-10.851607,-13.173454,-12.37286,-21.439749,-18.496376,3.0193005,5.6167593,8.069853,4.8044868,1.1963501,-0.8033855,-3.995882,-7.939153
attn_0_0_outputs,2,5.210229,-10.238746,-12.592679,-14.827527,-9.923934,-16.37743,3.2017577,5.8095093,8.27697,5.023929,1.5367907,-0.49395543,-3.72665,-7.7028933
attn_0_0_outputs,3,5.3429074,-11.397684,-13.128022,-15.848925,-18.874275,-16.487257,3.2966218,5.5871434,7.793923,4.513265,0.80507547,-1.1479019,-4.366198,-8.211161
attn_0_0_outputs,4,5.4146924,-10.595573,-14.093446,-14.297814,-10.126555,-6.628934,2.8994842,5.4707303,8.017596,4.704615,1.1540304,-0.92925996,-4.1157866,-7.9823666
attn_0_0_outputs,5,5.019188,-10.369453,-13.152191,-15.369683,-19.112278,-17.912664,3.4022217,5.68352,8.228749,5.021799,1.4644586,-0.6753807,-3.792698,-7.75572
attn_0_0_outputs,<pad>,3.5361362,-6.312835,-8.021452,-7.09109,-2.9729688,-2.2423654,2.0505786,1.3376383,0.77136177,-0.34504586,-1.7589828,-0.8480313,-2.5542202,-4.663196
attn_0_0_outputs,<s>,5.05296,-13.542033,-14.604015,-19.00551,-20.370304,-18.446505,2.3639388,4.1003647,6.085126,2.6764083,-1.078273,-3.2742121,-6.639151,-10.632925
attn_0_0_outputs,_,1.9040953,-5.330557,-4.926708,-6.537144,-3.0347457,-1.7308561,1.2044082,2.5606427,0.42208233,0.5047844,0.18228978,-2.5456362,-0.9766467,-3.9606862
attn_0_0_outputs,_,2.4948812,-5.3390603,-5.314687,-6.4927526,-4.02741,-2.0799181,1.1220542,2.2060177,0.68527895,0.34693483,0.22823682,-1.9539349,-0.7324379,-4.218696
attn_0_0_outputs,_,2.3385186,-4.6163135,-5.405092,-6.528014,-3.2824154,-1.9431899,1.1299977,2.3670585,0.70573324,0.195771,0.48318228,-2.0032804,-0.5164704,-4.095977
attn_0_0_outputs,_,2.603206,-5.8299565,-6.103086,-6.325547,-3.9905934,-2.5960262,1.26997,2.2782505,1.1689382,0.36358297,0.07442664,-0.2445685,-1.6506667,-3.6114526
attn_0_0_outputs,_,2.4306607,-4.7917237,-6.0434585,-6.5923195,-4.5831985,-3.4670582,1.3207732,2.263705,1.0282298,0.5444456,1.0959173,-1.3168452,-0.24011052,-3.7108207
attn_0_0_outputs,_,2.283267,-5.1751966,-7.217533,-6.159041,-4.242573,-2.827647,1.1223727,1.8374132,1.513983,0.9132614,0.7601631,0.59092844,-0.4380605,-3.3944385
attn_0_0_outputs,_,2.4044616,-4.491131,-5.025867,-5.167245,-3.8825603,-2.7229424,1.0035796,2.039056,0.7879773,0.78663,1.3427118,-1.4021543,0.10844915,-3.4180374
attn_0_0_outputs,_,2.2050261,-6.4802985,-6.175162,-5.5145206,-4.254137,-2.9751632,0.8857476,2.1735897,1.586084,0.9782256,0.74604493,1.0064142,-1.084795,-1.76155
attn_0_0_outputs,_,1.7604239,-4.416627,-4.375854,-5.0897346,-3.9751656,-2.676703,0.71695864,1.654681,1.3103964,1.4344622,0.9804689,-0.10704427,0.5816867,-3.414243
attn_0_0_outputs,_,2.0521848,-3.776205,-5.1363945,-5.0789237,-2.998653,-1.8705114,0.7239896,1.5960193,0.99827737,0.85278124,1.4926453,-0.86376256,0.24577077,-3.1237779
attn_0_0_outputs,_,2.0223522,-4.8907323,-6.455438,-6.3162208,-3.4778392,-1.0637077,0.5419567,1.799019,2.593832,1.3293113,0.99698454,1.3938302,0.118724585,-2.5696344
attn_0_0_outputs,_,1.8804216,-3.0918798,-3.915818,-4.768526,-2.7737982,-2.113717,1.0312924,1.7118686,1.0481434,1.415185,1.2692418,0.007356955,0.76785374,-2.8581698
attn_0_0_outputs,_,1.7093353,-2.8395815,-3.1904354,-4.1423597,-1.8029958,-1.1780604,0.28663462,1.2151791,0.77532756,1.17992,0.7521179,-1.0784484,0.68491274,-2.6171653
attn_0_0_outputs,_,1.774369,-2.8006637,-3.6569204,-3.7288177,-1.344427,-0.818467,0.7266103,1.3649838,0.48241833,0.9092359,1.2864431,-0.7121164,0.85213083,-2.679655
attn_0_0_outputs,_,2.0384843,-2.1549268,-2.7692235,-3.9438872,-0.50775695,-1.1669562,0.44056416,1.363015,0.25898924,0.8171117,1.5136784,-1.1647861,1.2422663,-1.7952951
attn_0_0_outputs,_,1.5210015,-1.9157526,-2.8048093,-3.1774726,-0.2363997,-0.5324676,0.26444325,1.1956992,0.6985939,0.9403087,1.3291842,-1.0516276,1.6526376,-1.4746342
attn_0_0_outputs,_,1.2442646,-1.8188292,-3.0045977,-2.8863454,-0.5298707,-0.27942517,0.3868543,1.2892035,0.7425146,0.5529313,1.5108169,-0.566768,1.247128,-1.9702433
attn_0_0_outputs,_,0.909904,-2.041688,-2.1150622,-2.280123,2.45163,1.2605308,0.41676417,0.7703223,0.38750935,0.99578387,1.1889256,-0.9457861,1.5294393,-1.2177963
attn_0_0_outputs,_,1.4467095,-2.565908,-1.7338637,-2.0286713,0.7588576,0.14413413,0.16145836,0.8067554,1.7788805,0.91482455,1.5927752,-0.011636514,1.6741452,-1.770968
attn_0_0_outputs,_,1.3122615,-1.5567722,-1.5310084,-0.91083324,-14.380452,-0.5608377,0.09887543,1.5736368,1.3834966,1.824347,1.5032209,0.29526103,1.9795793,-1.1872857
attn_0_0_outputs,_,1.5005326,-1.5566747,-1.6513797,-1.4528017,-10.126764,2.3418798,0.38681558,1.1582578,1.3266867,1.2134818,0.586067,0.1413044,2.3936362,-1.1206915
attn_0_0_outputs,_,1.7486702,-2.7975252,-4.6283693,-1.3031827,-8.625204,3.4691906,-0.08718223,0.79991966,2.3727124,1.8101768,1.0314604,1.9739231,0.99969274,-0.75001866
attn_0_0_outputs,_,0.92657715,-0.9468916,-1.3203033,-1.0365742,-0.4750742,-0.3989197,0.20748566,0.8647826,0.30526048,0.5744487,0.07867845,-0.66801643,-1.2290444,-1.0605993
attn_0_0_outputs,_,1.6950767,-1.3012935,-1.2397854,-0.7810252,-0.25639668,-0.3955246,0.9468279,0.2000466,0.17827582,-0.18184106,0.8204948,-1.1187513,-1.1695999,-0.98867065
attn_0_0_outputs,_,1.9030805,-0.6956693,-0.9702549,-0.31375515,-0.66896653,-0.43638733,0.7025539,0.8278754,0.8822461,-0.177145,-0.18994026,-1.0722879,-1.3623995,-1.4077032
attn_0_0_outputs,_,1.6480504,-0.96202004,-1.4068471,-1.1667501,-0.44435686,-0.42730114,0.36168495,0.46410006,0.39191625,0.2979006,-0.12878178,-0.2820899,-0.80243963,-0.89250857
attn_0_0_outputs,_,2.0649717,-1.1923795,-1.2510198,-0.94829524,-0.0833176,-0.69982404,0.33620754,1.1027014,0.058539215,0.12533168,-0.24710816,-0.31450522,-0.87557644,-1.3311073
attn_0_0_outputs,_,1.4202152,-1.0109419,-0.9733712,-1.2200097,-0.43715692,-0.6957502,0.40681836,0.5944549,0.45700505,0.13642178,1.0235417,-0.5244228,-1.1229397,-0.9061984
attn_0_0_outputs,_,1.2043931,-1.2214808,-1.4308513,-1.1485385,-0.646445,-0.6896125,1.1390195,0.79769886,0.96875024,-0.31791472,0.24350591,-0.65887356,-1.6810027,-0.9779013
attn_0_0_outputs,_,1.7253973,-1.3099779,-0.91920125,-1.2493916,-0.2833281,-0.45780012,0.91614896,0.4080724,0.5924177,0.8902124,-0.20575744,-0.5406061,-1.6126881,-1.4108914
attn_0_0_outputs,_,1.6655306,-1.0526787,-1.5075564,-0.47040695,-0.6112756,-0.5341017,0.2224965,0.5656712,0.42022136,0.18665087,0.1563816,-0.45196262,-0.8338782,-0.5973762
attn_0_0_outputs,_,0.7290633,-1.0327617,-1.1683676,-0.38925758,-0.084258474,-0.44596684,0.19506969,1.1712854,0.005342061,0.51484823,-0.048611,-0.1640804,-1.3150823,-0.63792604
attn_0_1_outputs,0,5.2421217,-15.460874,-18.36062,-19.728888,-16.801437,-25.37225,2.2013664,4.3347116,5.9559984,2.5669515,-0.83388907,-3.1807616,-7.1502247,-11.671325
attn_0_1_outputs,1,3.0691895,-11.542825,-13.569597,-14.3836155,-10.138092,-6.8771653,1.628149,1.8776362,5.192603,2.9234886,0.47126675,-1.1612375,-4.463961,-8.483849
attn_0_1_outputs,10,5.1095595,-12.497046,-15.154606,-15.972248,-14.745241,-12.447944,2.8536758,5.971822,7.3942246,4.2603083,1.257501,-0.91196555,-4.6052847,-8.843528
attn_0_1_outputs,11,5.865546,-13.269329,-15.928967,-17.191198,-15.450233,-14.404781,3.33104,5.266831,7.534528,4.2913833,1.0967722,-1.219914,-5.131342,-9.514174
attn_0_1_outputs,12,3.2102723,-11.238981,-13.673601,-12.855693,-10.75873,-8.391002,1.0717076,3.460206,5.206749,2.9715157,0.6378395,-0.84231234,-4.2342033,-8.024184
attn_0_1_outputs,13,4.681795,-10.371644,-12.832099,-13.162674,-10.05018,-11.874001,2.3362863,4.5905943,5.729097,3.3633738,0.8928459,-0.5868027,-3.690315,-7.746169
attn_0_1_outputs,14,5.0291605,-12.584926,-14.9417715,-16.45302,-15.518929,-15.815922,3.471894,5.6264157,7.9506845,4.695224,1.5279315,-0.7046909,-4.5538907,-9.009801
attn_0_1_outputs,15,6.831728,-10.799763,-12.949511,-14.286592,-11.102289,-10.529786,3.6695452,5.763254,7.4272957,4.7591887,2.0540497,0.3400094,-3.1501129,-7.32561
attn_0_1_outputs,16,3.2463496,-10.750372,-13.386017,-13.853629,-10.475385,-7.4811935,1.0473748,4.212296,6.239608,3.7997987,1.3927674,-0.14743046,-3.7492473,-7.5588284
attn_0_1_outputs,17,2.6497087,-11.379691,-14.0664625,-14.720249,-10.270247,-9.521344,1.187877,4.70398,7.455558,4.762112,1.8511466,-0.12182921,-3.36517,-7.522115
attn_0_1_outputs,18,2.3110297,-10.601264,-12.45791,-14.504382,-8.705833,-9.599638,0.725253,4.044739,7.453639,4.8088717,2.071656,0.25991064,-2.9772832,-7.8037095
attn_0_1_outputs,19,2.855812,-10.401022,-13.44634,-13.852519,-11.352567,-7.9913735,1.7397898,4.9577484,7.6124096,4.9183006,2.1779397,0.36810088,-3.1556845,-7.3254166
attn_0_1_outputs,2,3.093918,-11.851228,-12.316516,-13.077984,-11.931257,-5.465992,1.4067378,1.946356,5.3429284,2.9791281,0.56460977,-0.87598735,-4.131937,-7.95929
attn_0_1_outputs,20,2.3604653,-10.061534,-12.381223,-13.380224,-11.611051,-7.866693,1.0469862,5.323902,8.840455,6.1090164,3.0798035,1.3386073,-2.226997,-6.4493184
attn_0_1_outputs,21,2.107954,-9.174203,-12.489411,-13.170271,-7.68668,-7.041629,1.5595747,6.073655,9.439637,6.660121,3.688332,1.8173122,-2.0268497,-5.879839
attn_0_1_outputs,22,2.1145997,-9.178897,-10.53008,-13.375426,-9.438332,-7.8455305,1.5073521,6.1953745,10.001625,7.1156797,4.249595,2.3293924,-1.4349084,-5.7761483
attn_0_1_outputs,23,1.7511134,-8.667185,-11.2781725,-13.257683,-9.472777,-6.4692264,1.698752,5.8518257,9.771147,7.177556,4.377627,2.3350282,-1.3540885,-5.9093313
attn_0_1_outputs,24,2.0567224,-9.402305,-11.499593,-11.894268,-7.670264,-3.5654702,1.5026176,6.5331664,10.127221,7.3271627,4.3244133,2.5657282,-1.2443464,-5.4968414
attn_0_1_outputs,25,2.0896864,-8.463132,-9.760348,-11.126915,-8.166573,-6.023037,2.1012425,6.8944,10.976443,8.240108,5.1874394,3.489391,-0.64809763,-5.005439
attn_0_1_outputs,26,1.8967623,-8.050679,-9.863241,-11.152746,-7.0133185,-6.7808075,1.5860097,6.59028,10.405962,7.9000864,4.860388,3.1306443,-0.6332312,-4.947049
attn_0_1_outputs,27,9.4996195,-8.490035,-10.770194,-11.876679,-30.607136,-8.629575,7.4219465,10.124731,11.998869,8.767187,5.4560795,3.2500894,-0.585134,-5.063369
attn_0_1_outputs,28,11.101471,-8.1114645,-10.080603,-11.822676,-24.794783,-3.545278,8.877256,11.213248,12.807925,9.520083,6.2563276,4.043587,0.08989113,-4.2930727
attn_0_1_outputs,29,11.931539,-6.7794075,-9.771981,-11.195376,-16.808441,-1.480872,9.638986,11.888903,13.874047,10.603902,7.198965,5.048626,0.92270505,-3.3712335
attn_0_1_outputs,3,3.8849416,-11.516051,-13.476371,-13.270086,-10.336659,-9.501896,1.9325427,3.6588433,4.74009,2.4233894,0.040549725,-1.4785327,-4.3358326,-8.622802
attn_0_1_outputs,30,1.698859,-0.7626332,-0.69815546,-1.0047292,-0.7521291,-0.5092213,0.046054285,0.058862932,0.21599865,0.61539,0.61168337,-0.33458674,-0.35517898,-1.4072804
attn_0_1_outputs,31,1.6594303,-1.4140283,-1.3715644,-1.2253282,-0.14474697,-0.40752268,0.13071561,0.30952093,0.5625266,0.0011754492,0.6132978,-0.19740182,-1.0087363,-1.1210662
attn_0_1_outputs,32,1.9175938,-0.8469435,-0.99292535,-0.7164944,-0.5046718,-0.9287938,0.9163064,0.5067325,0.8849967,0.059690956,0.012290863,-0.29343447,-1.034943,-1.3266404
attn_0_1_outputs,33,2.2752113,-0.69195014,-0.9605955,-0.77169394,-0.5824393,-0.4967468,0.08519239,0.3550139,-0.04205931,0.60208136,0.09388137,-0.13839136,-1.3325198,-1.3780316
attn_0_1_outputs,34,1.8196017,-1.4411952,-1.1929921,-1.2423828,-0.49062356,-0.5402372,0.74881846,0.39746204,0.49278015,0.67219156,-0.015120134,-1.1936632,-0.83993655,-1.6145957
attn_0_1_outputs,35,1.9456241,-0.64149565,-1.3190247,-0.6768492,0.057241026,-0.5633697,0.39229077,0.3376258,0.3920967,0.96187603,1.0610969,-0.2755321,-1.0538083,-0.75313663
attn_0_1_outputs,36,1.5247843,-1.4764941,-0.89126134,-1.0382984,-0.25679603,-1.2283261,0.35127336,0.6199886,0.8571777,0.34327972,0.3011849,-0.4701594,-1.3812438,-0.3070399
attn_0_1_outputs,37,1.2775618,-0.9853811,-0.3443415,-1.0093042,-0.62713367,-0.7450956,0.6300623,0.027686937,0.1334203,0.80993354,0.37330356,-0.3796525,-1.1069746,-1.253846
attn_0_1_outputs,38,2.0215185,-0.88772523,-0.9050867,-0.68715036,-0.16708104,-0.084523246,0.44587356,0.24331893,0.37845558,0.26097086,0.41313273,-0.71068215,-0.6056557,-1.2868332
attn_0_1_outputs,39,1.1967218,-0.52490854,-0.7422301,-0.7570302,-0.86909634,0.11961724,0.6285671,0.343319,0.4035027,0.32071358,-0.30782667,0.4868661,-1.002811,-0.66892976
attn_0_1_outputs,4,3.3409984,-11.227903,-13.413032,-13.778304,-10.590876,-6.697375,1.4313152,1.9075294,5.116717,2.8331215,0.30008852,-1.0298421,-4.286818,-8.336835
attn_0_1_outputs,5,3.0734217,-11.282098,-14.2588,-14.844299,-10.81753,-5.828802,0.95524144,2.0761034,5.472794,3.0989344,0.43238303,-1.0778624,-4.1678724,-8.308145
attn_0_1_outputs,6,2.6990592,-11.764449,-13.47009,-13.123014,-10.82186,-5.9878745,1.432082,1.9001021,5.4983983,3.0463192,0.69327706,-0.99628854,-3.93984,-8.05501
attn_0_1_outputs,7,5.0660944,-13.150359,-15.806558,-17.104548,-15.218336,-13.067799,3.0193906,5.5660577,7.311038,4.204445,1.0090164,-1.1827089,-5.091337,-9.479699
attn_0_1_outputs,8,4.6490664,-11.307058,-13.825543,-14.762022,-10.544415,-10.540766,2.8830633,5.093236,6.291956,3.7495978,0.9766654,-0.58057415,-4.1411657,-8.433983
attn_0_1_outputs,9,5.319631,-13.489935,-16.008966,-17.229572,-15.66047,-14.489119,3.1426678,5.0195284,6.9254255,3.7977092,0.5935195,-1.6405199,-5.494672,-9.777219
attn_0_2_outputs,0,5.9153767,-11.181526,-12.326679,-15.311422,-21.568266,-17.619122,2.8729343,6.4524784,8.673579,5.0542784,1.0779463,-0.88178796,-4.302449,-8.130785
attn_0_2_outputs,1,5.599808,-11.209954,-13.112372,-15.604375,-17.068895,-14.72842,2.725595,6.3127346,8.5704365,4.972685,1.0538244,-0.99627095,-4.186604,-8.196953
attn_0_2_outputs,2,5.2026286,-10.986644,-12.816141,-15.570614,-11.767807,-20.527473,2.8163593,6.4186854,8.786467,5.2048974,1.2444367,-0.68373984,-4.1437697,-7.920087
attn_0_2_outputs,3,5.650109,-10.774811,-13.052406,-13.039401,-20.437532,-17.965578,3.0144804,6.5801344,8.81623,5.2032194,1.3055885,-0.8107039,-4.1028204,-8.137664
attn_0_2_outputs,4,5.490784,-10.872671,-16.238874,-13.052724,-18.972145,-8.286528,2.5241997,6.1852136,8.53072,4.940409,0.9960993,-0.994146,-4.2829123,-8.045272
attn_0_2_outputs,5,5.3686767,-10.611539,-12.831734,-14.926397,-10.947306,-14.524199,2.9747047,6.42478,8.763489,5.2017717,1.2486898,-0.69966894,-4.0318055,-8.014965
attn_0_2_outputs,<pad>,2.232041,-2.372355,-2.207503,-1.5604703,-1.1101651,-0.8782787,1.1019639,0.038147565,0.14790463,-1.6930176,-0.81112665,-1.6025549,-2.3856242,-3.1161535
attn_0_2_outputs,<s>,5.236299,-14.751484,-17.300909,-20.414848,-19.037985,-17.477713,2.580734,3.729209,5.535157,1.7752815,-2.289481,-4.4295588,-7.945325,-11.666217
attn_0_2_outputs,_,1.9038608,-3.4406533,-2.3420112,-2.0350273,-0.8641524,-0.6130245,1.0262101,1.1789368,1.0375178,0.4167778,-1.089351,-1.9075339,-1.3112137,-2.5672112
attn_0_2_outputs,_,1.8852144,-3.2172766,-3.0441532,-3.876937,-1.1316344,-0.53928936,0.84221804,1.0678159,1.6635911,0.28829777,-0.085719906,-1.12415,-2.0878994,-3.1001363
attn_0_2_outputs,_,2.2358568,-2.7459073,-3.2842216,-2.5605762,-0.71271634,-1.1001955,0.6060038,1.0781828,1.1223016,0.9320136,-0.20229419,-1.6865792,-1.1997755,-3.022106
attn_0_2_outputs,_,1.9973963,-3.0776412,-2.6394217,-2.8163767,-1.0871906,-0.8164345,0.67168826,0.81863016,1.1716709,0.8196147,0.16912316,-1.617825,-0.99839884,-2.7500143
attn_0_2_outputs,_,1.8807713,-3.0776165,-3.1004653,-2.1968267,-1.315087,-0.66467595,1.0912946,1.1713707,0.9700513,0.9987574,0.16415021,-0.97415566,-0.8505423,-2.641178
attn_0_2_outputs,_,2.3771045,-3.711959,-3.0030577,-3.8927062,-1.7102703,-0.2764231,0.7812634,0.9212331,1.084137,1.1089141,0.69499314,-1.1593343,-0.21080738,-2.9994216
attn_0_2_outputs,_,1.7618841,-3.6817331,-3.1487443,-2.2534516,-1.3753242,-0.48757344,0.8135478,0.42753536,1.0363979,0.68560636,0.8366001,-0.4808668,-0.42327127,-2.845118
attn_0_2_outputs,_,1.943686,-2.894904,-3.0979497,-2.4185405,-1.0203915,-0.7692604,0.92444146,0.36320606,0.48254448,0.71302736,0.23649867,-0.52047837,-0.31695583,-2.8207376
attn_0_2_outputs,_,1.9990911,-2.348592,-4.550855,-4.0960555,-1.3103147,-0.74184763,1.0238589,0.734264,1.3559484,0.33204466,1.1606925,0.09454509,-1.3450335,-0.5491678
attn_0_2_outputs,_,1.7616932,-2.3273807,-5.0092554,-4.244141,-1.6230769,-0.5758004,0.5247028,0.50595737,1.2419903,0.15907957,1.0599703,-0.072773255,-0.98031384,-0.73618895
attn_0_2_outputs,_,1.4784299,-2.4331706,-4.380604,-3.3976932,-1.9987283,-0.33164588,1.0939472,0.70070225,1.1497458,0.00023291154,0.9483656,-0.0016166865,-0.4997111,-1.2385223
attn_0_2_outputs,_,1.6448932,-2.4572997,-2.5494418,-2.577646,-0.756989,-0.41441727,0.629291,0.278655,0.9068073,0.6304391,0.59614795,-0.40233293,0.92100286,-2.01577
attn_0_2_outputs,_,1.4703074,-2.5052433,-2.5280485,-2.7404306,0.1004676,-0.3397122,0.9690485,0.28989112,0.81971127,0.5099456,0.45234987,0.04621932,0.25959727,-1.6912025
attn_0_2_outputs,_,1.7173377,-2.4214914,-2.8758228,-2.552997,-0.63433,-0.9423556,0.59073764,0.32703796,1.0716459,0.4158491,1.0063146,0.91474074,-0.3866902,-1.3660268
attn_0_2_outputs,_,1.4695083,-2.5123315,-0.98307264,-2.3700924,-1.1220824,-0.56681895,0.8071909,0.4712559,0.37948954,0.87164444,0.7041185,-0.33179936,0.78027695,-1.4658126
attn_0_2_outputs,_,1.1938055,-1.2481902,-2.806884,-2.7722464,-1.4734186,0.048787482,0.539857,-0.59036297,1.2555438,0.5564283,0.9834715,0.19777226,-0.4310056,-1.9622267
attn_0_2_outputs,_,1.5507119,-0.4447527,-2.6879065,-3.2925174,-0.95310193,0.260189,0.31571755,0.3389713,0.6924163,0.09041733,0.34356087,0.23378778,-0.10725271,-1.3892242
attn_0_2_outputs,_,1.0894301,-1.8061149,-1.1554779,-0.11545859,0.28590545,-0.6278785,0.8215625,0.111564375,0.92430216,0.36695272,0.33058047,-0.82444525,0.96744925,-0.91076005
attn_0_2_outputs,_,1.2120955,-1.0903374,1.3987285,0.82475966,-1.6520528,-0.4413064,0.29543176,-0.12513699,0.1751449,0.4977714,-0.0009861977,-0.28602785,1.3482083,-2.0440319
attn_0_2_outputs,_,1.3671283,-1.0599848,-0.40626252,1.767424,-3.3247666,0.39356595,0.19488458,0.87007433,0.73406565,-0.043196063,1.0470544,0.46443468,0.54500806,-2.2509594
attn_0_2_outputs,_,1.28701,-0.86094767,-0.37735415,-0.5732673,-2.7563715,0.5267302,0.3117809,0.43160748,0.56365025,-0.041244425,0.23846881,-0.89787525,1.5018113,0.07626312
attn_0_2_outputs,_,1.8355621,-0.71589714,0.24229144,0.51486355,-2.206138,2.2849305,0.45431614,-0.007779347,1.1688784,-0.22060297,0.27029127,0.1890917,-0.09513096,-0.6024856
attn_0_2_outputs,_,2.1091282,-1.6010925,-0.69915676,-1.3632607,-0.99366295,-0.3072308,0.32060772,0.7469436,0.2877199,0.27980304,0.23150216,0.18439957,-0.9273314,-1.7757288
attn_0_2_outputs,_,2.1525798,-1.7700845,-1.426407,-1.2228767,-0.7270505,-0.59235156,0.55565894,0.60199773,-0.04163369,0.482352,0.4446895,-0.77415746,-1.1043422,-1.6986214
attn_0_2_outputs,_,1.6946845,-1.2703462,-1.4828763,-1.3504223,-1.0883502,-0.83479637,0.15861577,0.50664705,0.2684726,-0.016878612,-0.3557975,-0.6080686,-1.2447206,-1.610198
attn_0_2_outputs,_,1.9392265,-1.945934,-1.2803631,-1.3463151,-0.5831682,-0.82374406,0.41415483,0.98655355,0.34542534,0.8129956,-0.48893473,-0.48216778,-1.5014949,-1.5074098
attn_0_2_outputs,_,2.500806,-1.4945983,-0.7653222,-1.3051931,-1.0208695,-0.6111474,1.1729645,0.60363925,-0.39387432,0.13965887,0.31008,-0.2727797,-0.668908,-1.639422
attn_0_2_outputs,_,1.592952,-1.3807858,-1.27297,-0.9135584,-0.6847991,-0.47374135,0.4387347,0.63207656,-0.10588119,0.123493776,0.45214358,-0.035623033,-1.8922665,-0.8985639
attn_0_2_outputs,_,1.5488822,-2.0181632,-1.748848,-0.83331597,-0.8800652,-0.24283911,0.5852207,0.8403573,0.23860857,0.09043151,0.012490235,-0.66501886,-1.2228746,-1.5380582
attn_0_2_outputs,_,2.0113835,-1.1777942,-1.2998792,-1.4952173,-0.76832485,-0.5469664,0.47195923,0.9884074,-0.0018135238,0.49534836,0.106133446,-0.2347519,-1.6095625,-1.9358892
attn_0_2_outputs,_,2.3496652,-1.2812644,-1.4185427,-1.0058683,-0.49448857,-0.27929494,0.16773035,0.6835915,0.04658468,-0.028516054,0.36562347,-0.09922507,-0.79100657,-1.8018472
attn_0_2_outputs,_,1.6175326,-1.2516538,-1.2157044,-0.8877045,-0.78552514,-0.59524316,0.7218052,0.7438917,0.11528148,0.47068506,0.22193848,-0.086968094,-0.5493104,-1.312579
attn_0_3_outputs,0,5.3164053,-10.855107,-13.259494,-13.024701,-16.576672,-17.481071,3.3536024,5.978608,8.401816,4.9464626,1.5301298,-1.2879221,-4.0673957,-8.105104
attn_0_3_outputs,1,4.978525,-10.932937,-16.352196,-11.33371,-19.140831,-13.791036,2.967761,5.959224,8.273175,4.817718,1.4181365,-1.4333996,-4.2420034,-8.205451
attn_0_3_outputs,2,5.3349414,-10.939632,-13.43263,-14.437312,-8.899363,-18.353104,3.0329745,6.037696,8.459965,4.9834585,1.5584623,-1.3042212,-4.055316,-8.13434
attn_0_3_outputs,3,5.459186,-10.491827,-12.323651,-14.237243,-16.748325,-20.15127,3.5889847,6.2937803,8.717036,5.2479343,1.8208677,-1.022124,-3.8521519,-7.953031
attn_0_3_outputs,4,4.821791,-10.607331,-12.818717,-20.50559,-20.501339,-7.1947894,3.0611968,5.8510294,8.360503,4.8744035,1.477145,-1.3132893,-4.0825095,-8.350217
attn_0_3_outputs,5,4.991124,-10.740948,-13.217005,-13.704105,-12.985705,-14.734213,3.6532197,6.194955,8.651023,5.178532,1.7156103,-1.0165604,-3.9492471,-7.994682
attn_0_3_outputs,<pad>,2.4686399,-4.758037,-4.970749,-3.5993319,-1.3536503,-0.621951,1.2216557,1.5185014,0.8776964,-2.2371562,-2.5159082,-1.2140311,-3.2223501,-1.2093903
attn_0_3_outputs,<s>,5.091766,-15.069765,-20.260796,-20.277569,-17.26996,-10.31867,2.360232,3.328981,4.567862,0.83376086,-2.6859412,-5.672827,-8.69063,-13.103064
attn_0_3_outputs,_,1.5255297,-3.8553479,-4.4234953,-3.9863777,-1.0481899,-0.7992145,0.7179684,2.1915398,0.12242727,0.2579521,-0.65782386,-1.8759148,-2.3207493,-2.5611925
attn_0_3_outputs,_,1.7045422,-3.9667342,-3.9279785,-4.3289337,-1.8102453,-0.7698127,0.8756245,2.1065893,0.27380395,0.5358612,-0.19248892,-1.5083287,-2.2996798,-3.3820837
attn_0_3_outputs,_,2.147606,-4.540561,-3.626993,-5.598714,-2.0464408,-2.5261555,0.6290997,2.0989604,1.8345273,-0.8375342,-1.2242339,-0.18406788,-2.7151592,-5.1127067
attn_0_3_outputs,_,2.1632075,-3.2587655,-3.9862638,-5.165093,-1.555139,-0.5560265,0.9292593,1.8844674,0.28308576,0.7541769,0.37356597,-0.74773794,-1.3918658,-3.7948103
attn_0_3_outputs,_,2.3317797,-4.9660535,-6.845526,-6.060342,-3.118538,-1.1022425,1.0392157,1.9890312,1.831269,-0.66811675,-0.8094391,0.19642033,-2.5361035,-4.5266275
attn_0_3_outputs,_,2.1027672,-5.081815,-5.982331,-5.4404097,-1.7145376,-1.5345635,0.83885044,1.8807365,1.6029801,-0.64904267,-0.4654509,0.16688113,-2.191408,-1.7738789
attn_0_3_outputs,_,1.7911699,-3.1127183,-4.8302274,-4.8100967,-1.5177095,-0.18364173,0.5230697,1.6383437,0.12381769,0.7938042,0.79298943,-0.40913126,-0.51726574,-3.3107126
attn_0_3_outputs,_,2.0593424,-4.246794,-5.013297,-5.0239263,-1.5192133,-0.7614475,0.64245313,1.6241834,0.23087274,0.9320127,0.9883194,-0.06600103,-1.1795899,-1.846557
attn_0_3_outputs,_,1.9135438,-3.0171776,-4.379591,-5.691451,-1.5241058,-1.1799841,0.41169327,1.364946,-0.09749146,0.7287605,0.6275782,-0.043254066,-0.94292754,-2.289757
attn_0_3_outputs,_,1.6650112,-3.872286,-3.148653,-6.290342,-3.143284,-0.68889874,0.67511433,1.2087958,1.5642077,1.878373,-0.3138679,0.7087398,-1.5125438,-0.6783356
attn_0_3_outputs,_,2.0541627,-2.3060038,-5.101632,-5.4136806,-2.0046682,-0.81592333,0.3621426,1.3920245,-0.055241752,1.0358462,1.3341793,-0.34944934,-0.29225725,-1.9944652
attn_0_3_outputs,_,1.3355014,-2.3605409,-4.472717,-4.446063,-1.4848602,-0.86795276,0.5724487,1.2396502,0.3167946,0.46082613,0.7055729,0.04018513,-0.6952192,-2.2117794
attn_0_3_outputs,_,1.5686706,-2.076411,-3.301237,-4.428339,-0.79670423,-0.48032942,0.37818295,0.9847371,0.39044607,1.0356008,0.3886727,-0.11618484,0.030957077,-1.5053229
attn_0_3_outputs,_,1.23639,-3.7336779,-3.1890433,-4.3888307,-2.5560217,-0.37607855,0.495924,0.70893157,1.6415259,2.2226245,0.12216065,1.2915581,-0.9015101,-0.14626542
attn_0_3_outputs,_,1.4070845,-1.5373849,-1.7676576,-3.77411,-0.79500663,-0.10048661,0.7623782,0.88298196,0.21170454,0.5892083,0.9273837,-0.074461944,-0.02084695,-1.7627915
attn_0_3_outputs,_,1.3401074,-0.53087443,-2.1365278,-3.4257991,-0.7185425,-0.5125895,0.53161746,0.8867845,0.33124754,0.7157877,0.7399967,0.44751075,-0.40394777,-1.2185755
attn_0_3_outputs,_,1.3270655,-1.2876781,-2.0051994,-1.8778832,0.6564826,0.035848074,-0.23929282,0.7546077,-0.09688667,0.49165058,1.1623061,-0.5938473,0.7880213,-1.1171348
attn_0_3_outputs,_,1.1741841,-1.2061974,-1.5917045,0.17435284,1.2594624,-0.43021163,0.48122334,0.79971236,0.43165377,0.5913674,0.91456103,-0.4136081,0.69398236,-0.7498841
attn_0_3_outputs,_,1.3228595,-1.2765063,-1.5348719,0.9761034,0.5828002,-0.33822796,0.38040286,0.32703212,0.30055737,0.3530124,1.33744,1.0118399,0.24469231,-1.5823376
attn_0_3_outputs,_,1.4793478,-0.42590272,0.9204613,1.5676436,-3.9199455,0.7544982,-0.32593083,1.2994794,-0.6599979,1.333813,-0.5165674,1.051121,-0.47322124,-1.996522
attn_0_3_outputs,_,1.7052853,-2.3677237,-0.3850681,-1.3014978,-3.3308728,1.4154836,0.43148178,1.3739189,1.1009983,-0.92768264,0.35763532,-0.15933268,1.0985003,1.2035387
attn_0_3_outputs,_,1.9587792,0.15758552,-0.1866635,-1.3646413,-2.2326543,2.0557406,0.2487811,0.5764381,0.3708125,0.29760957,0.5080672,0.3366862,-0.525333,0.18585324
attn_0_3_outputs,_,1.4782593,-1.7568847,-0.860343,-0.9427832,-0.31617886,-0.47643661,0.280357,0.8408128,-0.11421325,0.37922725,0.0307057,0.29258472,-0.9365682,-1.6129825
attn_0_3_outputs,_,2.225804,-0.67344254,-1.132086,-1.2295662,-0.6072198,-0.20264174,0.7663526,0.8654855,0.3481407,-0.051848214,0.39028418,-0.36134642,-1.3476866,-1.0465248
attn_0_3_outputs,_,2.1604338,-0.66786337,-1.0704976,-0.5965007,-0.55496407,-0.14775278,0.68423724,0.70606387,0.54072726,0.6464962,0.058064304,-0.8462676,-1.5516518,-1.1551836
attn_0_3_outputs,_,2.1691098,-1.3600016,-1.2637086,-1.1787784,-0.62878704,-0.2975545,0.17954066,0.8657442,0.10056709,0.39511472,0.068404265,-0.74074256,-1.0313516,-0.8225751
attn_0_3_outputs,_,2.2819922,-0.86777556,-1.4852135,-1.2805998,-0.7725686,-0.27590623,0.7838714,0.34922373,-0.6106218,-0.048642915,-0.066080645,-0.62358236,-1.0445503,-1.2224195
attn_0_3_outputs,_,1.9793794,-1.1193144,-0.8976099,-0.82312053,-0.5693287,-0.41124552,0.10942351,0.46831173,0.3035874,-0.0133162895,1.2997491,-0.86829805,-1.3353484,-0.8207806
attn_0_3_outputs,_,1.9750942,-1.5846064,-1.0688729,-1.2794883,-0.4852585,-0.5341286,1.1228899,0.7813132,0.49652198,-0.7030825,0.13843508,-0.9701646,-1.361002,-1.6725823
attn_0_3_outputs,_,2.138295,-0.7468431,-1.2819009,-0.40133497,-0.51099813,-0.52169263,0.63947296,0.7854383,0.26371342,0.23310325,-0.2765363,-0.6086948,-1.6446325,-1.1412446
attn_0_3_outputs,_,1.7978067,-1.0464749,-0.8757393,-0.77054375,-0.30066165,-0.3820735,0.44188154,0.66893667,0.5947411,0.5206476,0.5448538,-0.32758865,-0.5520178,-1.4674275
attn_0_3_outputs,_,1.5105088,-0.591046,-1.5294551,-0.8885711,0.021035094,-0.55063295,0.19993274,0.86314183,0.27726734,-0.058754813,0.71041036,0.3818645,-1.0603902,-1.051893
mlp_0_0_outputs,0,2.1344457,-0.8733333,-0.89516324,-0.7141146,-0.08367392,-0.406568,1.1457291,0.727287,0.014926014,-0.77202207,-1.2739636,-1.3668199,-1.3693854,-1.6368709
mlp_0_0_outputs,1,1.246669,-0.24085604,-0.111034565,-0.72487533,-0.70600533,-0.45570964,0.7701108,0.5405692,0.8562471,-0.50169504,-0.11071596,-0.5472633,-1.0091426,-0.66878474
mlp_0_0_outputs,10,1.7815409,-0.33772707,-0.83400047,-0.5147899,-0.27544716,-0.45379126,0.9517644,0.25863004,0.3548827,-0.82835,-0.68982446,-0.72458845,-0.7267347,-0.8436823
mlp_0_0_outputs,11,1.4933249,-0.3174452,-0.62443906,-0.50561845,-0.7571253,-0.48329705,0.88798946,0.5699682,0.23979111,0.23848379,-1.3160524,-0.30648932,-0.9786601,-0.21501148
mlp_0_0_outputs,12,2.164904,-1.5391171,-1.1379637,-0.39396498,-0.4781939,0.23403938,1.2149295,0.7994697,0.4166597,-0.75947016,-1.3083478,-0.12625206,-1.3082914,-1.2621125
mlp_0_0_outputs,13,1.5709898,-0.79220915,-0.65356493,-0.7910696,-0.37850296,-0.6296679,0.93735445,0.4748546,0.20764203,0.049290955,-0.44104442,-0.80297256,-0.77313197,-0.4441346
mlp_0_0_outputs,14,1.2344239,-0.08645714,-0.81024104,-0.4474257,-0.28260046,-0.002789042,0.6536755,0.1426361,-0.11027987,0.92783976,-1.9778095,-0.92296904,-0.5517053,-0.6873068
mlp_0_0_outputs,15,1.3945591,-0.90687656,-0.17795466,-0.6627698,-0.099779524,-0.43898052,0.48315683,-0.102520436,0.18103546,-0.7618197,-0.16191451,-0.42021066,-0.38571346,-0.89082277
mlp_0_0_outputs,16,1.7627001,-0.5568696,-0.46933487,-0.62177384,-0.31900045,-0.87568,0.47264007,0.3269643,-0.14032163,-0.23574468,-0.58499545,-0.6386217,-0.84690547,-0.84177655
mlp_0_0_outputs,17,0.8210627,-0.9354005,-0.61807245,-0.36044315,-0.41438344,-0.5126701,0.5904552,-0.09236378,0.05940269,-0.11470502,-0.6140338,-0.52073896,-0.67427075,-1.5365033
mlp_0_0_outputs,18,1.137301,0.9908232,-0.67699224,-2.3681817,-0.61015254,-0.05862084,0.7302575,0.39490035,0.35872588,-0.2883922,-0.41480595,-0.41476,-0.73080575,-0.6879409
mlp_0_0_outputs,19,3.5148337,-1.558527,-1.3037966,-0.18165426,0.54325086,0.09099244,1.7591379,1.3236729,0.3752656,-0.1885318,-0.74142754,-1.0684164,-1.4066359,-1.3984447
mlp_0_0_outputs,2,1.2170764,-0.56979436,-0.6629169,-0.62041235,-0.015630368,-0.6755712,0.5227488,-0.04652614,0.20029624,-0.47312862,-0.06559053,-1.7696025,-0.8215439,-0.43538064
mlp_0_0_outputs,20,1.1606898,-0.55301255,-0.14332885,-0.61979634,-0.6284638,-0.71229583,0.7978659,0.42089275,0.026068259,-0.08151331,-0.20358565,-0.37275916,-0.10458912,-0.2690057
mlp_0_0_outputs,21,1.7523888,-0.8600654,-0.56567925,-1.0488191,-0.5482823,-0.8729291,0.6579114,0.5046649,-0.18980263,-0.5792853,-1.3123798,-0.42277372,-1.0065663,-0.9694585
mlp_0_0_outputs,22,1.9078447,-0.7676411,-0.52995646,-0.525507,0.2009513,-0.41400072,0.9598457,0.38373312,0.1644988,-0.63330984,-0.53940916,-0.76122314,-0.6699926,-0.8317605
mlp_0_0_outputs,23,1.9000655,-0.72956073,-0.46871492,-0.6044968,-0.49744582,-0.63606197,1.0842648,0.5533128,0.11538797,-0.37315267,-1.4022627,-0.908723,-1.3567045,-0.78672916
mlp_0_0_outputs,24,1.9970999,-0.5562139,-0.37416637,-0.32307124,-0.4984866,-0.3273492,0.91837394,0.5745078,0.36517832,-0.28355843,-0.5873529,-0.5060549,-0.1868069,-0.7668832
mlp_0_0_outputs,25,1.3714961,-0.42191538,-0.61975396,-0.82709897,-0.66299343,-0.7145411,0.6075301,0.2941442,-0.010228574,-0.20317782,-0.14422782,0.282937,0.37380782,-0.40812945
mlp_0_0_outputs,26,1.6929222,-0.25447604,-0.5303228,-0.32840893,-0.14764595,-0.5789381,1.0090005,0.6895419,0.29393747,0.08795925,-0.5068808,-0.6892253,-0.56225646,-0.346022
mlp_0_0_outputs,27,1.7750545,-0.31539178,-1.0458586,-0.78083676,-0.4825731,-0.41815478,0.90125275,0.75551265,0.14094752,-0.2431232,-1.1351391,-0.7066907,-0.6717166,-0.9812898
mlp_0_0_outputs,28,0.7323994,-0.10948718,-0.08622978,-0.36243618,-0.66571134,-0.15207861,0.30266204,0.18325022,0.13784611,-0.11777034,-0.18388665,-0.09669839,0.11820697,0.26000705
mlp_0_0_outputs,29,1.6417234,-0.806519,-1.0237403,-0.6664949,-0.18089132,0.054649103,0.8621896,0.48531058,0.04130674,-0.52673084,-0.9006852,-0.7906412,-0.9468272,-1.1574501
mlp_0_0_outputs,3,1.1055342,-0.3789654,-0.23608266,-0.19492123,-0.6994254,-0.63544333,0.41151762,0.5564521,0.5541395,-0.24795413,-0.5423125,-0.47888595,-0.79489154,-0.60134727
mlp_0_0_outputs,30,1.2113751,-0.45068887,-0.61819714,-0.7288631,-0.6215323,-0.6012928,0.70094734,0.27020925,0.12138715,-0.41607124,-0.41529107,-0.6844843,-0.6722814,-0.8200277
mlp_0_0_outputs,31,10.094847,-19.93753,-25.213387,-26.192715,-30.761017,-29.885574,3.15379,5.587363,8.094012,4.3789697,0.5746089,-1.90931,-6.794323,-12.484978
mlp_0_0_outputs,32,1.6664282,-0.35432252,-0.032805894,-0.09284818,-0.09093285,-0.07614151,0.23417993,0.31909102,0.21494429,-0.6548201,-0.2934665,-0.7372852,-0.3077721,-0.50577253
mlp_0_0_outputs,33,1.5489624,-2.1115215,-0.8879704,-0.5435574,-0.45723763,-0.5335066,0.78537863,0.60082775,0.35072383,-0.4875693,0.20760985,-0.35590217,0.77603024,-0.5406291
mlp_0_0_outputs,34,1.1720322,-0.5772943,-0.4392469,-0.18759361,-1.8798875,-0.6021692,0.5167311,0.31632262,0.20366982,-0.21920799,-0.49302882,0.93133384,-0.3743881,-0.19470838
mlp_0_0_outputs,35,1.2985474,-0.95806146,-0.5299617,-0.455986,-0.40923235,-0.47485095,0.86288744,0.61820555,0.13251719,-0.13001744,-0.6599215,-0.5562048,-0.02287931,-0.09705257
mlp_0_0_outputs,36,1.6044943,-0.3938863,-0.5438845,-0.45324787,-0.3087259,-0.50307643,0.25958726,0.0659019,0.1187338,0.25152767,-0.463603,-0.66473347,-0.6862342,-0.59529155
mlp_0_0_outputs,37,1.9254037,-0.3430288,-0.5731792,-0.7825016,-0.14059345,-0.3717661,1.063048,0.55836827,0.0225873,-0.32802814,-1.0304648,-0.9696932,-0.69195753,-0.9997403
mlp_0_0_outputs,38,2.2949874,-1.6960186,-1.6169286,-0.8752226,-0.35661095,-0.37442055,1.2088684,0.39950767,-0.12401951,-0.2763768,-1.0487003,-0.8558119,-1.5635426,-1.5071094
mlp_0_0_outputs,39,2.7518334,-2.168646,-1.9501398,-1.9008385,-0.52235025,-0.11073404,1.2600096,0.79123676,0.10027585,-0.32298276,-1.0834506,-1.4174966,-1.9737587,-1.8656352
mlp_0_0_outputs,4,1.3439736,-0.7035765,-0.852916,-0.8326989,-0.17524503,-1.06058,0.6896947,0.19470741,0.09116433,-0.4610158,-0.541824,-0.36410156,0.063152485,0.33847836
mlp_0_0_outputs,5,2.1089115,-0.643334,-1.1067058,-0.6375392,-0.36235848,-0.15751804,1.0936655,0.7689361,0.30874613,-0.4708034,-0.92565477,-1.5893117,-1.1347293,-0.95113903
mlp_0_0_outputs,6,2.0001912,-1.1500821,-1.2399054,-0.53323984,-0.62642235,-0.8762187,0.92489564,0.59014875,0.13385755,-0.60129875,-1.1317954,0.87520695,-1.7462627,-1.6730678
mlp_0_0_outputs,7,1.3377123,-0.5341396,-0.9467605,-0.49186876,-0.51326907,-0.42621368,0.6473922,0.3290285,0.10256629,-0.35083187,-0.51817846,-0.6920154,-0.3192243,-0.48508117
mlp_0_0_outputs,8,2.7339385,-1.7350426,-1.5819486,-1.2166138,-0.4374499,-0.23656149,1.1951133,0.90639526,0.15351887,-0.40493375,-1.0523336,-1.2388802,-1.5005761,-2.132305
mlp_0_0_outputs,9,1.7466903,-0.7056619,-0.22623764,-0.40104613,0.031809717,-0.52184004,0.6130964,0.2535942,0.013480498,-0.1864581,-0.5013482,-0.6926407,-0.8029632,-0.8365142
mlp_0_1_outputs,0,3.7358403,-3.0704188,-3.3720887,-3.884674,-0.88515025,-1.2879976,1.2079208,1.3007079,1.158815,0.014633597,-0.004579765,-1.745221,-2.269481,-3.1574225
mlp_0_1_outputs,1,2.7266564,-2.5982668,-2.023633,-1.8433496,-0.8531592,-0.7237776,1.0305194,0.875022,0.5788982,-0.036082,-0.55845714,-1.2944198,-2.381935,-2.5048347
mlp_0_1_outputs,10,3.7227268,-4.1594014,-4.5885406,-4.0424423,-2.045368,-1.0914667,1.026058,1.1815195,1.2729475,0.080263905,-0.23943152,-1.3277538,-2.3228354,-3.4365237
mlp_0_1_outputs,11,3.60031,-3.0966072,-3.5867443,-3.7924993,-1.7685993,-1.1374719,1.0277426,1.4880873,1.3413659,0.46527466,-0.24415524,-1.1391621,-2.4028735,-3.2969742
mlp_0_1_outputs,12,2.5172787,-1.9976823,-1.9356767,-1.4800481,-0.7313226,-0.37181333,1.0416477,1.0251039,0.39438453,-0.10281435,-0.6453122,-0.9569874,-1.6558361,-1.9276195
mlp_0_1_outputs,13,1.9411922,-2.0354085,-1.4196693,-1.2623172,-0.6218058,-0.5813651,0.7150693,0.8439985,0.3728618,-0.28266013,-0.7183417,-0.6480983,-0.87556636,-0.9473375
mlp_0_1_outputs,14,3.9547894,-4.0044756,-4.5447297,-4.8762302,-2.2363617,-1.1238403,1.1813025,1.3918324,1.1749694,0.21671367,-0.35177687,-1.0451802,-2.761768,-3.6525204
mlp_0_1_outputs,15,2.649278,-1.926602,-2.2536445,-1.2130026,-0.7867391,-1.0067992,1.2878606,0.7879715,0.7792147,-0.07573596,-0.5869036,-0.92355764,-2.1335135,-2.3067086
mlp_0_1_outputs,16,2.8151667,-2.5250492,-1.745363,-1.860209,-0.58892584,-0.052421007,1.1499968,1.1392351,0.7944923,0.08405696,-0.72914004,-1.2468134,-2.1110253,-2.5108929
mlp_0_1_outputs,17,3.101293,-4.0454264,-2.5890636,-3.6498423,-1.0416882,-0.70915204,1.0301316,1.1735467,0.9574403,0.22535776,-0.50133824,-1.230596,-1.0976529,-3.642477
mlp_0_1_outputs,18,2.7570372,-2.412057,-2.565988,-1.6933194,-0.4371381,-0.45182413,0.87216055,1.085852,0.8562784,-0.15827018,-0.63090867,-1.5953104,-2.4064136,-2.8743722
mlp_0_1_outputs,19,2.8338704,-1.7789395,-1.8629164,-1.8421196,-0.8692117,-0.8649857,1.0969591,1.2039171,0.7374158,-0.12334374,-0.79089,-1.0759457,-1.7031497,-2.4830918
mlp_0_1_outputs,2,3.0354345,-2.288106,-2.2903383,-2.5097578,-0.89910346,-0.39561197,0.9950889,1.161785,0.7156347,-0.1180494,-0.7232438,-1.0546416,-2.7988305,-2.9424436
mlp_0_1_outputs,20,14.465052,-18.922144,-23.37502,-26.468863,-29.550852,-27.105246,4.349851,5.786899,9.170744,5.4918413,2.6604211,-1.5670056,-5.587949,-12.493061
mlp_0_1_outputs,21,3.7789598,-3.7345586,-3.6739757,-3.8842115,-1.9384165,-0.63332295,1.1153383,1.2285972,0.8992738,0.07848692,-0.61317784,-1.4851441,-2.8439925,-3.3162398
mlp_0_1_outputs,22,2.9620268,-2.6303988,-2.630292,-2.5396695,-0.7461034,-0.7999712,0.8605221,1.1230174,0.71722907,-0.18338023,-0.6516048,-0.33866957,-2.4291232,-2.6821768
mlp_0_1_outputs,23,3.3100405,-2.7499669,-2.9739366,-2.5951796,-0.5367097,-0.76282024,1.2492952,1.3058573,1.1093864,0.022430835,-0.44092026,-1.1599278,-2.13178,-2.7847295
mlp_0_1_outputs,24,1.8698354,-1.9350846,-1.468476,-1.475808,-0.9778951,-0.92120004,0.84725165,0.5109261,0.38772976,-0.12459933,-0.6017251,-0.78349,-0.996183,-1.1204168
mlp_0_1_outputs,25,2.8581822,-2.1731267,-1.6218854,-2.2872472,-0.9102082,-0.57611513,1.2160611,0.7276232,0.44330847,-0.45253158,-0.5605893,-1.3442434,-1.9352051,-2.2795107
mlp_0_1_outputs,26,2.7240016,-2.0477805,-2.7596908,-1.9650391,-1.1144248,-0.82430047,1.189181,1.1336014,0.8709248,0.15574841,0.61611855,-1.6649396,-1.4350452,-2.1640556
mlp_0_1_outputs,27,2.8112576,-2.2384686,-2.0774963,-1.8155184,-0.98530984,-0.9526136,0.9735121,0.85404724,0.70004356,0.14311877,-0.3882978,-0.83202446,-1.6706281,-2.2405968
mlp_0_1_outputs,28,1.3281742,-0.6392797,-1.1388184,-0.9616046,-0.5222098,-0.94232345,0.60330385,0.4618586,0.13761126,-0.15765218,-0.46022448,-0.44648948,-0.37567976,-0.59390694
mlp_0_1_outputs,29,2.8242843,-1.7256402,-1.7994839,-2.15061,-0.2203512,-0.13136318,1.2237002,1.0519885,0.6367638,0.15163851,-0.17826284,-1.2414178,-2.0074751,-2.0607052
mlp_0_1_outputs,3,1.8889347,-1.604856,-2.3087368,-1.8749595,-0.6003491,-0.8889909,0.78615975,0.8970912,0.38511047,-0.08600286,-0.3313641,-1.0797701,-1.7280807,-2.123981
mlp_0_1_outputs,30,3.1305223,-2.1690495,-2.3603017,-1.953605,-1.6020061,-0.07349792,1.3052461,1.2766038,0.8477506,0.054898854,-0.3766796,-0.8563042,-1.9564891,-2.011037
mlp_0_1_outputs,31,2.6215193,-1.8320972,-2.1585686,-1.4293638,-0.92636365,-0.92345476,1.0343413,0.89768374,0.432805,-0.22695044,-0.3156685,-0.88223004,-1.7268325,-2.7484086
mlp_0_1_outputs,32,3.8614304,-4.5751,-4.57834,-5.3704014,-2.9178374,-1.2323229,1.0727015,1.4080055,1.3086522,0.3704684,-0.16700295,-1.0371503,-2.317432,-3.5524602
mlp_0_1_outputs,33,3.4504883,-3.2290115,-3.2746842,-2.8455343,-1.3568113,-0.73344404,1.3924645,1.2575101,0.92637205,0.15858307,-0.37435627,-1.1246033,-2.3934,-2.9325054
mlp_0_1_outputs,34,1.1089082,-1.1620231,-0.65172404,-0.9228082,-0.44284478,-0.98490244,0.3823311,0.35359564,0.25980484,-0.022727486,0.06316929,-0.014794197,-0.16756079,-0.8450397
mlp_0_1_outputs,35,2.9006367,-1.6557076,-1.7160051,-1.8625394,-0.324432,-0.8531748,1.3974197,0.91332793,0.60396695,-0.04963694,-0.5183976,-1.4193361,-1.7954363,-2.5047894
mlp_0_1_outputs,36,3.3965175,-4.092297,-3.922391,-3.332396,-1.6850307,-0.52989316,0.9338786,1.267791,1.0916665,0.11012604,-0.5060871,-1.2788265,-2.541941,-3.435437
mlp_0_1_outputs,37,2.9198537,-2.6356306,-2.6720467,-2.306785,-0.70238733,-0.7660464,1.0147473,1.2268007,0.93466353,0.096232794,-0.41422564,-1.248715,-2.1821282,-2.866791
mlp_0_1_outputs,38,1.554391,-0.9942184,-0.9468312,-1.3906269,-0.951329,-0.4637641,0.69817203,0.8651096,0.40859926,-0.022549666,-0.21387787,-0.21146195,-0.64660573,-0.92766666
mlp_0_1_outputs,39,3.694711,-3.9579678,-4.242101,-3.7507386,-1.4049526,-0.7789797,1.316572,1.5090026,1.4030197,0.37064558,-0.11795614,-1.0244639,-2.1621115,-3.1646357
mlp_0_1_outputs,4,4.428731,-6.0538087,-7.1057925,-8.049301,-6.441767,-4.1411047,1.2563622,2.352792,1.248008,0.21508381,0.052170396,-0.8275071,-1.8908966,-4.388643
mlp_0_1_outputs,5,2.4541726,-2.39276,-2.9221668,-2.220924,-0.68002933,-1.1036543,1.0686533,1.3281718,0.9056187,0.110603824,-0.3766838,-1.081654,-2.0672884,-2.6080728
mlp_0_1_outputs,6,4.4312468,-5.3101993,-6.193439,-6.5385933,-5.9864764,-2.2574558,1.2976527,1.5549601,1.5108385,0.6221815,0.20757173,-0.9222405,-2.0794115,-3.9890606
mlp_0_1_outputs,7,1.6412,-2.0098357,-1.196321,-0.90484816,-1.0286325,-1.1312443,0.9470259,0.6089018,0.42287275,-0.2854759,-0.3746938,-0.56869996,-0.90642715,-0.8632295
mlp_0_1_outputs,8,5.9231043,-7.0348935,-8.438382,-9.841915,-9.947754,-7.122455,2.5938125,2.2072546,2.100101,1.1664677,0.46325037,-1.0580294,-2.307498,-5.149703
mlp_0_1_outputs,9,2.1883118,-1.7595891,-1.4880642,-0.87297183,-0.4306413,-0.34902945,1.3469874,1.1422735,0.72334886,-0.27301678,-0.4517122,-0.9054002,-1.4897579,-1.8223336
num_attn_0_0_outputs,_,-8.816042,6.0876746,6.6576686,6.9093633,7.03955,5.935491,-1.0768906,-2.6675882,-5.9425755,-2.514828,0.021764059,2.3488095,3.862454,5.3263817
num_attn_0_1_outputs,_,-6.713864,5.891439,6.329953,6.645013,6.3634586,6.208715,-2.2367842,-2.8833675,-5.390651,-2.7196805,-0.13370143,2.0868442,3.7318795,5.1450114
num_attn_0_2_outputs,_,-6.400934,4.6179886,5.11843,5.5258555,5.32604,5.6357794,-0.55894345,-2.1900969,-5.01693,-2.467385,-0.13133943,1.3623995,3.2712057,3.9392126
num_attn_0_3_outputs,_,-8.662308,5.9310584,6.5298996,6.478089,6.129906,5.929062,-0.6273202,-2.6865294,-6.032812,-2.6254933,-0.060383372,2.250863,3.8406496,5.231228
num_mlp_0_0_outputs,0,11.105707,-0.8062395,-0.83753616,-0.7269447,-0.6634293,-1.109568,9.062013,3.6548772,-11.816318,-11.876057,-7.0126896,-2.7579386,-1.5967734,-1.286966
num_mlp_0_0_outputs,1,2.91754,-0.8376362,-0.5326109,-0.5566683,-0.85457504,-0.40454572,1.424104,2.5606136,-0.18470788,-2.707346,-2.1872985,-3.2144346,-1.6805367,-1.579407
num_mlp_0_0_outputs,10,4.253328,-1.4849818,-0.8361051,-1.0116093,-1.0176885,-1.243397,3.727582,8.020716,1.2978108,-13.4784155,-11.810052,-4.5741544,-2.1192973,-1.8893741
num_mlp_0_0_outputs,11,2.3725715,-0.64684135,-0.9421649,-0.03800683,-0.5995887,-0.5759694,1.9098779,1.2683164,-1.0514966,-1.402109,-1.3512058,-1.2486169,-0.7660411,-1.1070759
num_mlp_0_0_outputs,12,6.401434,-0.7252431,-0.6025289,-0.45746717,-0.5768383,-0.90692556,3.9287834,3.2341986,-10.639295,-9.208807,-3.0054216,-1.685874,-1.5254751,-1.3163025
num_mlp_0_0_outputs,13,1.7536515,-5.2882853,-4.5961404,-3.6194682,-3.2107747,-2.2956357,-0.55301017,-0.8512383,2.8211927,8.108775,2.9272513,-6.0760736,-15.125868,-9.225759
num_mlp_0_0_outputs,14,6.8877234,-0.7550787,-0.2639449,-0.6619064,-0.48789477,-1.4276868,3.8864768,3.9471602,-12.494976,-10.993926,-5.146177,-2.1938372,-1.7548616,-1.4152901
num_mlp_0_0_outputs,15,2.3341017,-1.0081323,-1.0697337,-0.5686078,-0.24991259,-0.73216844,1.271736,2.291303,0.2868293,-2.3473547,-1.8586123,-2.6683042,-1.5184646,-1.4632773
num_mlp_0_0_outputs,16,3.084862,-0.4948502,-1.0268474,-0.6613868,-0.42481983,-0.20073797,2.6207962,-0.7470638,-0.4529051,-1.2255983,-1.2062589,-2.2016187,-0.97281456,-1.0290053
num_mlp_0_0_outputs,17,1.5637363,-0.8991718,-0.84741414,-1.0253997,-0.026548741,-0.7887378,0.66675574,2.1207364,2.2463443,-1.5867531,-2.7531903,-2.0315595,-1.7863904,-2.0009904
num_mlp_0_0_outputs,18,1.7500405,-16.869642,-13.902308,-13.30993,-11.102009,-7.1077065,-0.87541026,-1.9791569,3.0862136,9.301745,4.5243754,-1.0427268,-13.7233925,-23.896406
num_mlp_0_0_outputs,19,4.4147854,-0.85782355,-0.8771621,-0.28977314,-0.73582625,-0.3930101,3.564484,2.0718012,-4.3338423,-3.8716347,-1.6708966,-1.1611435,-1.1417255,-1.2996234
num_mlp_0_0_outputs,2,9.234718,-0.9683529,-1.1598861,-0.733617,-1.92206,-2.3283522,6.7316213,10.618988,-1.6243162,-18.014767,-25.164026,-15.128953,-10.221472,-2.2273962
num_mlp_0_0_outputs,20,3.4997647,-0.60209453,-0.84571916,-1.0941763,-0.3779534,-0.4386402,2.9115393,0.39228362,-1.3616039,-2.6682277,-1.5074222,-1.2644331,-1.3941956,-1.1707013
num_mlp_0_0_outputs,21,4.5314574,-0.3328069,-0.8847741,-0.330427,-0.8575082,-0.7235449,3.4080303,2.7591114,-5.968502,-5.828121,-2.1781454,-1.9057708,-1.5129857,-1.0043695
num_mlp_0_0_outputs,22,3.949727,-0.9760654,-0.814878,-0.57582015,-0.69182765,-0.71236485,2.968332,3.1780536,0.13069229,-7.606848,-3.8916128,-3.6544607,-1.4597251,-1.380304
num_mlp_0_0_outputs,23,1.4584694,-1.3205987,-1.2839462,-1.0754563,-1.0132209,-0.37787762,-0.027755052,1.4740278,2.8340535,0.92530364,-1.7162371,-3.6342928,-1.6789635,-1.9559712
num_mlp_0_0_outputs,24,1.0284821,-5.4023957,-5.2471275,-4.6084075,-1.7010514,-0.7553466,-0.6975078,-0.72817963,1.1359274,4.196198,2.1089823,-2.3427804,-4.197181,-4.819451
num_mlp_0_0_outputs,25,2.6713145,-0.8837617,-0.84543556,-0.9116345,-1.1911489,-0.84603,0.5892099,2.4809694,7.2916055,-2.1439614,-10.159571,-5.377174,-2.7018723,-2.002592
num_mlp_0_0_outputs,26,1.7542096,-16.494047,-18.192402,-19.400415,-20.960814,-22.047726,-7.509087,-1.6097147,22.728432,11.673642,-4.0059514,-26.233128,-19.29495,-14.359679
num_mlp_0_0_outputs,27,2.5357642,-1.8254471,-2.0481281,-1.8867136,-1.9508499,-1.0659902,0.606926,0.84572816,7.9129653,2.680522,-13.858599,-9.385328,-4.0825925,-2.9015288
num_mlp_0_0_outputs,28,1.412608,-0.6103359,-0.9123904,-1.3279436,-0.41398108,-0.6079509,0.12750234,1.4397573,2.1288195,-0.3409907,-1.4161534,-2.1197479,-1.7784877,-1.6241
num_mlp_0_0_outputs,29,2.0619743,-2.1384096,-1.6909748,-1.6412057,-1.1276858,-1.1894647,0.081337616,1.3274843,6.5363164,1.9143804,-8.220221,-8.006118,-3.3478775,-2.5534396
num_mlp_0_0_outputs,3,1.6403852,-0.63586396,-0.9181705,-0.8761649,-0.74852395,-0.8750682,0.42386335,1.9612769,1.6217875,-1.1190346,-1.9790485,-2.5907981,-1.3056968,-1.7258931
num_mlp_0_0_outputs,30,2.0407069,-0.8042596,-0.8321266,-0.7787776,-0.66485536,-0.4510896,1.0270685,2.201271,0.7197309,-1.5225097,-1.9366581,-2.323119,-1.4758,-1.5766717
num_mlp_0_0_outputs,31,3.9804783,-0.8353484,-0.41084516,-0.16877604,-0.4509409,-0.47685164,3.4242394,1.694302,-4.8546786,-3.019167,-1.2808427,-1.2143905,-0.7868588,-1.0643008
num_mlp_0_0_outputs,32,1.3851577,-2.2611513,-2.3935761,-2.5573356,-0.6162294,-0.43879154,-0.47482055,0.6091203,2.6513262,2.7386258,-0.40042442,-2.4596112,-2.6537845,-3.3755875
num_mlp_0_0_outputs,33,1.3356864,-3.572226,-3.0612094,-2.796881,-1.7212037,-1.0707177,-0.42347598,-0.6543301,2.6898725,6.289443,1.0680268,-7.6048436,-7.3710613,-5.422561
num_mlp_0_0_outputs,34,0.49891248,-1.5943135,-3.7307336,-5.6008124,-4.7734833,-2.2404354,-2.2844758,-2.9738092,-2.9604506,-1.3700626,5.1097965,2.2808862,5.457666,1.1216034
num_mlp_0_0_outputs,35,0.69715023,-22.396296,-19.594904,-16.823202,-12.747241,-6.8803997,-1.1396534,-1.4794861,-0.97187877,7.158102,5.4742203,2.671666,-3.2515962,-12.917891
num_mlp_0_0_outputs,36,3.370517,-2.0076396,-2.0338078,-2.1282725,-3.4544108,-3.4105551,1.5170256,3.5257275,8.409752,4.4870086,-24.358,-17.699785,-4.004237,-2.8149536
num_mlp_0_0_outputs,37,2.069237,-1.8437304,-1.3939598,-1.7966646,-1.0594444,-0.008691752,-0.093034126,1.7635989,4.1809807,0.9333105,-3.2849119,-4.0673184,-2.9114106,-2.2515264
num_mlp_0_0_outputs,38,1.0889666,-1.0694487,-0.73913485,-0.98965085,-0.11081713,-0.7373286,-0.46464378,1.0441413,1.0390395,0.2842479,-0.2892469,-0.7736955,-0.47885543,-0.37214145
num_mlp_0_0_outputs,39,4.528571,-0.4591236,-0.6827213,-0.9567622,-0.7206685,-0.52337223,3.4795022,2.858762,-4.429826,-7.919078,-2.8850296,-2.4446156,-1.6024796,-1.4086543
num_mlp_0_0_outputs,4,1.1544116,-0.7848109,-1.0178878,-0.8147511,-0.47367638,-0.681805,0.15339531,1.554208,1.065781,-0.5845187,-0.87649417,-1.0959381,-1.1836237,-1.5406297
num_mlp_0_0_outputs,5,1.4596783,-0.89171636,-1.3944366,-1.5245705,-0.6390364,-1.0919195,0.31755322,0.886649,2.1148908,0.27750632,-1.2103834,-2.2033517,-1.7069066,-2.036271
num_mlp_0_0_outputs,6,2.553326,-0.9646564,-0.73206383,-1.3803601,-0.6122623,-0.73915654,1.7474579,1.8595175,-0.5694587,-1.6697288,-1.4333498,-0.97670615,-1.1493609,-1.1513119
num_mlp_0_0_outputs,7,3.365921,-1.1547793,-0.84156597,-1.5005554,-1.1758211,-1.2682799,1.4433917,4.586732,5.3441157,-4.870328,-13.643612,-6.4686847,-2.3871336,-1.7442216
num_mlp_0_0_outputs,8,2.506186,-5.3264723,-4.748465,-4.929064,-6.017784,-5.9177847,-0.65693766,0.528313,7.417029,7.626021,-1.7462162,-36.235027,-22.802233,-9.9275875
num_mlp_0_0_outputs,9,1.6042389,-2.0072358,-1.8197311,-1.9283223,-1.302862,-0.49087992,-0.43178582,0.84338254,2.7016327,1.4452218,-1.0317608,-2.5190468,-2.3435018,-2.306724
num_mlp_0_1_outputs,0,3.3244128,-0.4854104,-0.7500761,-0.6144922,-0.3184422,-0.8261254,2.300133,2.7560236,-4.5510106,-2.6143622,-1.9833236,-1.4412951,-1.5834249,-1.1005776
num_mlp_0_1_outputs,1,2.2278357,-2.3054004,-2.2509487,-2.4590082,-1.8780769,-2.2576246,-1.0117863,6.87621,3.0557714,0.88009894,-8.274897,-14.973995,-6.438231,-3.447978
num_mlp_0_1_outputs,10,2.826955,-1.0292174,-0.8591478,-0.59001744,-0.5930787,-0.61666197,1.9110883,8.553445,-0.26852447,-6.563506,-7.6584926,-3.9810631,-2.2344286,-0.9700564
num_mlp_0_1_outputs,11,1.4464291,-1.7310752,-1.8638387,-1.4048854,-0.82732147,-0.50792974,-0.39547268,2.7924445,2.4910483,-0.8133339,-2.6298058,-2.6074114,-2.05497,-2.114053
num_mlp_0_1_outputs,12,3.0620074,-1.1310172,-1.1944078,-1.0468177,-0.7842901,-0.94477916,1.7422916,8.479627,-0.25261304,-6.240773,-6.145034,-3.1901245,-1.9358045,-1.5777453
num_mlp_0_1_outputs,13,9.160016,-0.31082368,-0.84358364,-0.88518393,-0.41527972,-1.2761514,0.36697984,9.813139,-0.7419682,-9.412063,-9.471194,-5.996613,-9.763114,-4.109989
num_mlp_0_1_outputs,14,5.1428657,-0.66901857,-0.7256541,-0.2873081,-0.8723678,-0.16168307,4.784871,-4.594334,-3.4607751,-1.3791536,-0.7907217,-0.86893344,-0.74026555,-0.5731807
num_mlp_0_1_outputs,15,1.9424146,-6.52497,-5.91617,-6.0181737,-7.444358,-8.457055,-1.6448318,5.1779714,7.1414304,7.200822,-4.764965,-30.203302,-17.871866,-9.50396
num_mlp_0_1_outputs,16,2.2845259,-2.8108168,-2.4233406,-2.8164499,-3.40334,-3.734318,-1.0319837,3.6065197,6.6307592,5.095239,-5.7736607,-22.927309,-11.103779,-3.968076
num_mlp_0_1_outputs,17,3.513828,-1.0524248,-0.69117856,-1.2704061,-0.982119,-0.8163158,2.6471937,8.377198,-1.8081609,-7.984439,-6.980431,-3.1306465,-2.752832,-1.8040346
num_mlp_0_1_outputs,18,1.0908576,-2.3095462,-2.2047763,-1.6929184,-1.0299554,-0.5966085,-0.57727593,1.4629518,2.9332395,1.5234426,-0.78616524,-2.306388,-2.3758872,-2.281475
num_mlp_0_1_outputs,19,1.0729132,-4.912338,-4.268653,-4.1259046,-1.9448439,-1.4493991,-1.4650606,0.9709245,3.781707,4.135386,2.1286387,-5.406428,-10.124283,-7.40014
num_mlp_0_1_outputs,2,3.4269385,-1.1120533,-1.1475472,-1.4743292,-1.3224725,-0.91812664,3.2961428,8.314576,0.4373173,-7.4186997,-10.675391,-5.025961,-1.9566559,-1.9057262
num_mlp_0_1_outputs,20,2.9938834,-1.105762,-0.798238,-0.9065073,-0.5507129,-0.4300988,2.2487853,0.08076398,-1.5182576,-1.1370516,-0.8301783,-0.9745942,-1.0125823,-0.8237766
num_mlp_0_1_outputs,21,3.556318,-30.427748,-24.806143,-24.857046,-25.797934,-28.002022,-4.94684,3.8268657,21.349625,8.943054,0.84254056,-11.499869,-33.01091,-40.23102
num_mlp_0_1_outputs,22,4.43028,-0.9785612,-0.48375705,-0.51167405,-0.34189257,-0.03907878,4.380029,-2.677258,-3.2877185,-1.5860226,-0.8651518,-1.4956897,-0.64816934,-1.1186472
num_mlp_0_1_outputs,23,0.70346165,-1.2799015,-1.4395298,-1.6206458,-0.48899376,-0.5946176,-0.3027785,1.6405624,1.8308866,0.5043777,-0.6469713,-1.147783,-1.7994927,-1.5664729
num_mlp_0_1_outputs,24,2.4467032,-0.54523754,-0.5112202,-0.051509336,-0.86962724,-0.19688568,1.6189576,3.1932425,-0.79275745,-3.6474226,-1.866591,-1.5035447,-1.5254544,-1.4804139
num_mlp_0_1_outputs,25,2.3952072,-0.89796966,-1.0008519,-0.8880821,-1.1230257,-1.4408191,1.5496714,7.7234273,2.1880655,-3.3567257,-11.212523,-7.4014354,-2.8670912,-1.6498182
num_mlp_0_1_outputs,26,3.482977,-1.2134296,-0.5949202,-0.9920216,-0.64475316,-0.3516894,3.1494408,-1.73589,-1.384481,-1.1675285,-0.94534016,-0.7385508,-0.98216146,-0.69096655
num_mlp_0_1_outputs,27,0.62799215,-3.4251049,-3.7613554,-3.6531122,-1.3056387,-0.62722206,-0.7797294,0.6597699,2.7063448,2.9796662,0.63319856,-3.0403752,-4.770712,-3.5344157
num_mlp_0_1_outputs,28,1.1308224,-0.8982817,-0.54508907,-0.84178954,-0.45767078,-0.752109,0.31719047,3.0067902,0.412561,-1.4586521,-1.3973525,-1.2956426,-1.3817681,-1.2390827
num_mlp_0_1_outputs,29,4.60126,-0.35758075,-0.4594545,-0.24639086,-0.18828514,-0.35146254,4.4113517,-3.5019853,-3.3823144,-1.4676986,-1.3839649,-1.2573165,-1.0046633,-0.6927217
num_mlp_0_1_outputs,3,2.9395938,-0.47473973,-1.0621744,-0.7446833,-0.8945504,-0.8446465,1.4318681,4.797679,-1.5566238,-3.283048,-2.6184464,-1.7475954,-1.1041632,-1.8035095
num_mlp_0_1_outputs,30,1.5506011,-0.5962904,-0.56152695,-1.0336173,-0.28182867,-0.90537465,0.6650662,3.4224193,1.1210873,-1.2790484,-1.7237508,-1.9086258,-1.5107968,-1.526062
num_mlp_0_1_outputs,31,3.015449,-1.359796,-1.8185041,-1.8822,-2.5679638,-2.919219,1.3100609,7.568244,3.4360526,-0.223454,-12.014013,-15.816499,-5.0887103,-2.6370363
num_mlp_0_1_outputs,32,2.0399117,-1.1917899,-1.1347667,-1.0326322,-0.52715725,-0.49881753,0.5090229,4.739853,0.35153142,-3.1784158,-2.7556958,-2.1663992,-1.3369014,-1.4313731
num_mlp_0_1_outputs,33,3.3782206,-0.20041381,-0.70529526,-0.1706812,-0.40964875,-0.5122285,3.0880873,-0.119262755,-2.97819,-2.0168788,-1.2513888,-0.94833386,-1.0820525,-1.2610569
num_mlp_0_1_outputs,34,1.6449506,-1.4761828,-1.2068447,-0.979767,-0.68531054,-0.8541959,0.2410396,2.5799851,2.3591225,-0.81481606,-2.4100268,-2.5539324,-1.6456343,-1.8809271
num_mlp_0_1_outputs,35,0.8445629,-24.76522,-18.637957,-15.824993,-14.522962,-10.134329,-1.9379406,-0.5526796,4.6543508,4.251913,5.718591,-0.29637262,-6.807601,-25.119726
num_mlp_0_1_outputs,36,2.0678883,-0.62438565,-0.7384783,-0.054522734,-0.5614559,-0.8472222,2.0390131,0.78023607,-0.56753343,-0.55476254,-0.5834254,-1.0589166,-1.0340844,-1.1840694
num_mlp_0_1_outputs,37,5.013267,-0.9518412,-0.60862565,-0.25542757,-0.5318722,-0.59260505,4.759967,-3.3103848,-3.8538785,-1.4522434,-1.4026182,-1.0322839,-1.516124,-0.57203335
num_mlp_0_1_outputs,38,1.5731069,-1.3860521,-0.8968089,-0.9281746,-0.4636711,-0.2644071,0.19619767,3.573918,2.4089837,-2.2990127,-3.7742805,-3.671207,-1.8903946,-1.5223974
num_mlp_0_1_outputs,39,13.477557,-0.8013682,-0.36437106,0.014249369,-0.5054601,-0.21371847,12.278687,-11.917242,-9.609981,-2.161637,-0.9859266,-1.0222311,-1.0777844,-0.95081854
num_mlp_0_1_outputs,4,2.212829,-0.7696806,-0.7781188,-0.2610192,-0.7201502,-0.36586714,1.7897701,0.8993808,-0.42430145,-0.6762699,-0.42478096,-0.5695718,-0.65704995,-0.60302854
num_mlp_0_1_outputs,5,4.347095,-1.100956,-0.752258,-0.64604926,-0.28230873,-0.90372056,2.72383,8.236887,-5.8309026,-9.122086,-4.299874,-2.2326891,-2.6973512,-1.0824994
num_mlp_0_1_outputs,6,1.1313547,-23.370646,-19.916634,-19.395557,-21.888912,-21.199133,-5.597024,-3.836889,7.477612,8.471473,7.7810755,-1.7474253,-26.095097,-30.97422
num_mlp_0_1_outputs,7,0.8932687,-2.4814558,-2.3898623,-2.1696835,-0.8371368,-0.5669183,-0.60886174,1.7860521,4.156218,2.7202778,-1.866887,-4.9881816,-4.300014,-3.5009956
num_mlp_0_1_outputs,8,-0.6600229,-2.4031515,-4.512029,-6.094991,-4.60101,-0.5856415,-3.3114183,-2.4881184,-1.5795729,-0.19727299,-0.28385815,1.6678857,8.030349,0.9271046
num_mlp_0_1_outputs,9,5.830765,-0.682787,-0.08493575,-0.49813825,-0.2974719,-0.56501925,5.45646,-5.105141,-3.9502568,-1.6121633,-1.312907,-1.2797854,-0.8758349,-1.0969255
ones,_,5.1794457,-14.605363,-17.639143,-19.887089,-16.414696,-13.66208,2.3363264,5.233479,8.21383,4.495012,0.9766149,-0.93210465,-5.1100125,-9.956245
positions,0,-0.07503575,-0.16526967,-0.20834681,0.074677564,0.29762396,-0.03130714,0.08432468,-0.37683746,-0.13848591,0.14810362,-0.4503263,-0.19948372,-0.24217749,0.29764685
positions,1,3.3957205,-13.234118,-15.26622,-16.004618,-15.120481,-10.418828,1.5828313,3.7229786,5.6850843,2.8682544,-0.7404417,-2.002649,-6.4598565,-10.031915
positions,10,2.8606994,-12.271391,-14.639318,-15.780541,-11.980618,-10.083147,1.5587194,4.5793695,6.785912,3.972173,0.39320934,-0.9430551,-5.434876,-8.94945
positions,11,3.1790926,-12.509485,-14.670429,-14.958251,-13.113144,-8.383257,1.9026995,4.1941156,6.545435,3.7501915,0.1754227,-1.2217869,-5.6996617,-9.15284
positions,12,3.6620598,-12.304,-14.759836,-15.204478,-14.539465,-19.255928,2.3291428,5.4518476,7.097457,4.1293745,0.35853422,-0.991311,-5.5335135,-9.13354
positions,13,4.3386197,-12.283476,-14.822988,-15.613241,-13.627357,-17.217793,2.2321057,5.4569254,7.4903226,4.4681516,0.66387755,-0.7007989,-5.342355,-9.01072
positions,14,4.625007,-12.162237,-14.200053,-14.727335,-14.968861,-9.812897,3.2447512,5.6388044,7.7405696,4.690558,0.89959615,-0.5383198,-5.0858164,-8.544584
positions,15,5.1323714,-12.078528,-14.003859,-15.116963,-15.052818,-6.4831896,3.7280457,5.749727,8.372771,5.349764,1.4368995,-0.16934171,-4.813772,-8.5292635
positions,16,3.7332115,-11.244407,-13.485161,-13.3143635,-13.586366,-7.687864,2.382657,5.4505105,7.6619334,4.884314,1.2905638,-0.02997914,-4.472292,-8.063708
positions,17,3.990088,-10.836757,-13.446258,-14.195927,-10.970936,-14.154789,2.9505243,5.6754622,7.8868527,5.0977364,1.5171098,0.16024135,-4.3440685,-7.833277
positions,18,3.9601028,-11.174103,-13.19162,-13.852981,-11.68634,-9.629605,3.3036573,5.6457324,7.788273,4.9764113,1.4629862,0.115518704,-4.319988,-7.818666
positions,19,4.440384,-10.423556,-13.049891,-13.373064,-10.686407,-7.9229236,3.097608,6.095128,8.338304,5.5661807,1.9563813,0.65737516,-3.8091426,-7.2789025
positions,2,3.7747552,-13.3587675,-16.044096,-16.694014,-14.743372,-14.272832,1.5409037,4.5282493,6.1084847,3.1978178,-0.61036503,-1.917617,-6.5772634,-10.150531
positions,20,4.829154,-10.157269,-12.301711,-13.173544,-9.493519,-12.811876,3.5569236,6.377942,8.552058,5.7410026,2.2258053,0.8722008,-3.538603,-7.0718365
positions,21,6.127858,-10.073418,-12.285763,-13.517237,-11.266851,-9.4343605,4.1537204,7.57054,9.564098,6.576966,2.7582572,1.4754065,-3.1386895,-6.688773
positions,22,6.027285,-10.087101,-12.310068,-13.537414,-18.529928,-9.6843605,4.0928607,7.523475,9.4512615,6.450986,2.6659932,1.3435231,-3.2889404,-6.8333855
positions,23,6.482908,-9.468268,-11.799267,-12.577119,-10.14235,-8.130866,5.2070537,7.822553,10.000474,6.9856915,3.227722,1.8122419,-2.6612055,-6.221358
positions,24,6.541948,-8.994832,-11.490768,-12.258596,-9.609582,-7.452752,5.083256,8.406054,10.000471,7.1202335,3.405871,2.1458392,-2.408472,-5.8758526
positions,25,5.647356,-8.78623,-10.9332075,-11.641771,-8.795741,-6.029539,4.0955853,7.344478,9.739705,6.99471,3.4200535,2.15775,-2.1369824,-5.6095257
positions,26,7.0143657,-8.8440895,-11.137137,-11.210689,-18.934488,-15.232461,5.1195683,8.282354,10.527961,7.517185,3.758321,2.3459747,-2.0787106,-5.6345525
positions,27,7.5396767,-8.308962,-11.155632,-12.427893,-18.326262,-3.6591086,6.769671,10.514209,12.907843,9.443365,5.2813406,3.4059734,-1.2578098,-5.1541386
positions,28,7.5092487,-8.871773,-11.37945,-11.873648,-15.934122,0.85609454,6.6953874,10.002111,13.03506,9.494608,5.377367,3.5152512,-1.3694171,-4.9922223
positions,29,6.850071,-6.827637,-9.396554,-9.947489,-14.754101,-8.995299,6.281669,10.142229,11.728518,8.800901,5.10899,3.9114034,-0.59590447,-4.179304
positions,3,3.4509113,-13.231685,-15.895938,-17.20685,-13.648978,-12.7556715,1.3207911,3.963072,5.960825,3.1338646,-0.43366188,-1.8134245,-6.3464866,-9.730708
positions,30,0.48104706,0.07157611,-0.028183647,0.024190752,-0.32892433,0.106990375,-0.31953502,-0.27751932,-0.12782949,0.012790483,-0.028537115,0.19998682,0.32188046,-0.018190036
positions,31,-0.7401928,0.21192005,0.31485865,-0.049482495,0.13922378,0.29257703,0.03221079,0.083660856,0.24076653,-0.15923499,0.0036592921,0.4984182,-0.1923587,-0.42453972
positions,32,-0.16304049,-0.15454738,-0.3368725,-0.008705406,0.08224591,0.11516832,-0.026961034,0.3658921,-0.041024625,0.42019916,0.039104097,0.13808416,0.018927336,0.04190619
positions,33,-0.16908811,0.075412214,-0.032836076,-0.055826563,-0.12098683,0.4624258,-0.056006033,0.12681991,0.2779451,-0.09654891,-0.1341997,-0.02012421,-0.1133435,-0.18412499
positions,34,-0.16309616,-0.0977722,0.23542516,-0.20260224,-0.15756862,0.022197535,0.018474884,0.087171264,-0.35834455,0.31885004,-0.05666544,-0.16582611,0.1964263,0.114624836
positions,35,0.20222007,-0.22155362,0.6460044,-0.04940489,0.21029858,0.13172309,-0.11050379,-0.016756115,0.09920955,-0.11714212,-0.22579308,-0.035056815,0.27749565,0.028998096
positions,36,0.10712364,0.056196813,-0.6703081,-0.28807837,-0.30836213,0.34998333,-0.10257602,0.26916558,-0.20208329,0.22454324,0.42853665,0.3116915,-0.247953,-0.027943894
positions,37,0.121248536,-0.3881092,-0.32786307,-0.20772652,0.33259055,0.25699395,-0.13743497,-0.52454865,0.59131444,-0.3163746,0.019590806,0.13629076,-0.02378796,0.040459745
positions,38,0.12924418,-0.10759057,0.2536225,0.10256733,-0.45677513,-0.029133992,0.0170852,-0.22990066,-0.39955124,-0.11253627,-0.17339791,-0.0431199,0.16265695,0.20270579
positions,39,0.44967973,-0.10015032,0.21315625,0.22497268,0.16215274,0.049555212,0.11267119,-0.018869748,0.19574375,0.24700785,0.27139202,0.10532513,-0.03923318,0.2119945
positions,4,3.606949,-12.966651,-14.796084,-15.790403,-14.002918,-8.916897,1.5904896,3.7215028,5.8628387,3.0397391,-0.58403844,-1.8333092,-6.309758,-9.799637
positions,5,3.4997334,-13.254424,-15.594333,-15.423145,-11.823348,-12.473142,1.5212147,3.9686036,5.88009,3.0580118,-0.53632826,-1.9015285,-6.3130574,-9.871088
positions,6,3.54695,-13.3781595,-15.718462,-15.923867,-16.798515,-13.300693,1.6056273,4.5403023,6.0612698,3.1233187,-0.6490562,-1.9488707,-6.619391,-10.077076
positions,7,3.1808174,-13.169923,-15.505338,-16.531809,-15.251146,-12.515002,1.6552532,4.310411,6.3398533,3.3862739,-0.3095648,-1.6382946,-6.235741,-9.8203945
positions,8,2.723961,-12.695198,-15.102471,-16.451393,-12.943172,-12.633378,1.2517457,4.0969677,6.405156,3.5616055,-0.0438454,-1.3911109,-5.8248234,-9.399929
positions,9,2.6963668,-12.705537,-14.991685,-16.340984,-9.924577,-12.331432,1.3240947,4.376228,6.4802084,3.6816,0.062143456,-1.3531315,-5.7456226,-9.343628
tokens,0,4.128781,-9.21132,-12.118121,-11.292381,-13.905213,-9.398933,0.5375092,4.0224733,6.632268,3.8482282,0.41292346,-0.31815508,-4.600286,-7.253226
tokens,1,5.3805575,-9.990879,-11.498506,-12.877589,-15.491527,-13.345016,2.0296934,5.017534,7.090914,4.1457944,0.5048368,-0.48926818,-5.030699,-7.599263
tokens,2,5.4010415,-9.7056875,-11.230192,-13.576377,-11.620475,-16.097755,1.2602214,4.953821,7.3225837,4.3815804,0.80784357,-0.24090296,-4.836413,-7.195579
tokens,3,4.1430864,-9.091212,-11.458676,-9.826756,-15.818701,-14.398872,0.18740192,3.69621,6.8403425,4.1069636,0.75686884,-0.16325095,-4.3799996,-6.79203
tokens,4,5.205393,-10.656924,-11.778477,-12.513387,-16.647448,-8.572331,1.6724026,4.8488584,6.943248,3.9786065,0.32852152,-0.56944394,-5.103371,-7.7676263
tokens,5,3.2848277,-9.688407,-10.462828,-11.290645,-9.78071,-16.14494,2.897645,4.8815203,7.1767406,4.277453,0.71081173,-0.21424785,-4.8151045,-7.2261515
tokens,<pad>,0.98749924,-0.521138,-1.1160632,-1.0923415,-0.06805867,-0.06462456,0.16150285,-0.1391099,0.04723135,0.12478626,0.1804599,0.97666204,-0.73222625,-1.1378087
tokens,<s>,1.6754199,-1.1475463,-1.204555,-0.6753128,-0.764095,-0.8236218,0.90502006,1.0418562,-0.13862008,0.07764453,0.06784168,-0.050252922,-0.94753945,-1.3157476
tokens,_,1.587329,-0.7053094,-0.71739274,-0.648358,-0.37129077,-0.1899801,0.20923929,-0.0030707845,0.099391945,0.3395138,-0.37639296,-0.21491903,-0.07101603,-1.6302861
tokens,_,1.8603481,-0.57328475,-1.2293459,-0.23995994,-1.0187464,-0.9774398,0.4258672,0.31601337,0.52011704,0.4622828,0.22228956,0.23578216,-0.53263336,-0.6863284
tokens,_,1.385469,-1.3252923,-1.3609896,-0.906848,-0.5135751,-0.9751949,0.35564002,0.11809132,0.3709594,0.7273725,1.1857475,0.031445924,-0.9108241,-1.0183198
tokens,_,1.375113,-0.5567566,-0.91428125,-0.71067834,-0.3364142,-0.79072917,-0.019406095,0.31839192,-0.14904866,-0.145105,0.18263127,-0.545346,-0.48257464,-1.3233253
tokens,_,0.95185083,-0.6620074,-0.85605323,-0.7807508,-0.28120315,-0.659037,-0.10764245,-0.2938924,-0.1241948,0.567796,1.0144572,-0.113285564,-0.3290688,-1.5303668
tokens,_,1.5621673,-0.1405768,-0.8214496,-1.2129045,-0.32778794,-0.59060043,0.19920698,-0.13226777,-0.6860376,1.0917119,-0.37645522,-0.38947627,-1.4657824,-1.6183461
tokens,_,1.5112069,-1.3095382,-0.77763134,-0.7418953,-0.74941903,-0.4521894,0.5791493,-0.2746017,-0.031068755,0.8017441,0.084984265,-0.5352802,-0.42797133,-1.7244514
tokens,_,1.7998198,-1.243282,-1.2765559,-1.2829328,-0.19189692,-0.706043,0.34006354,0.08305,-0.5796642,0.1379333,-0.5580097,-0.22991683,-0.8264369,-0.8834829
tokens,_,2.2825258,-1.213271,-0.8256605,-0.5358607,-0.4896199,-0.6887896,0.6330313,0.100980714,-0.07186466,0.46166927,-0.34372005,-0.7988583,0.2668756,-1.0958741
tokens,_,0.026115984,-0.47755522,-1.0417643,-0.735789,0.248546,-0.77793586,0.5238052,0.5565951,0.5492046,0.18078263,0.5379634,0.093275465,-1.1455872,-0.33449912
tokens,_,1.1014496,-1.2341048,-0.962121,-1.3425529,-0.8765634,-0.47852904,0.69131833,0.5028467,-0.19318439,-1.0700501,0.3797728,0.14149268,-0.72525454,-1.289873
tokens,_,2.0203326,-1.0365858,-1.579803,-0.5190902,-0.313678,-0.37473616,-0.07979304,0.20722538,-0.22304359,1.0323797,0.57421947,-0.70526224,-0.15973473,-1.1780851
tokens,_,0.8830667,-0.9334015,-0.8122282,-1.0003438,-0.6077528,-0.37022504,0.27285844,0.4005304,0.4839138,-0.24822594,0.54440117,0.30714545,-0.13174108,-1.0308269
tokens,_,1.0572771,-0.44243127,-0.8678395,-1.2382067,-0.7053159,-0.31554547,0.6943633,0.5144879,-0.4320576,0.34225678,-0.008698592,0.027804604,-0.8198599,-1.2985342
tokens,_,1.4344016,-0.7449676,-0.9005951,-0.8533778,-0.02385471,-0.2723694,0.68999517,-0.040816344,0.6353433,0.24090257,0.003738652,-0.7610404,-0.40996757,-0.4428121
tokens,_,1.4465991,-0.8418664,-1.4036772,-0.9416986,-0.20374434,-0.2538451,1.1895634,0.61165506,0.043025672,0.36897457,0.10066002,-0.48428127,-0.16123307,-1.3393362
tokens,_,1.4753698,-0.61220413,-1.1909584,-1.3765638,-0.38824624,-0.5528427,-0.0034411026,0.7895471,0.49139825,0.070058726,0.046020646,0.07218031,0.009622052,-0.34656918
tokens,_,2.0477223,-1.2121329,-1.2486321,-1.022186,-0.33490863,-0.23545146,0.05631351,0.1334928,-0.56185055,0.28010055,0.12587199,-0.06043118,-0.51342905,-1.2691156
tokens,_,1.5948893,-1.2969962,-1.0579364,-1.1367254,-0.83401036,-0.21290568,0.37365976,0.018353235,0.306076,0.1606458,0.6925889,-0.121921755,-0.80010486,-0.7793954
tokens,_,1.8177288,-0.9887027,-1.1091413,-1.1676099,-0.49367025,-0.50129765,0.7393644,0.5259591,0.63384366,0.030205766,0.26343325,-1.2112036,-0.8752778,-1.261765
tokens,_,1.9082384,-1.1757168,-0.89375156,-0.9561736,-0.42414978,-0.6172008,0.64847714,0.15094295,0.108259305,0.04032323,0.16972017,-0.8223345,-0.82584935,-1.4811147
tokens,_,1.5422227,-1.089723,-1.089217,-0.8693173,-0.51079845,-0.8105473,0.1584268,0.41151327,-0.09591022,0.41423672,-0.3920572,0.005026267,-0.89330965,-1.4041685
tokens,_,1.404149,-0.9367108,-1.3328584,-0.79551715,-0.6559579,-0.13306794,0.5865323,-0.12869297,0.90362316,0.8076547,0.19325706,0.030496484,-0.24447712,-1.0424529
tokens,_,1.1933926,-1.2257037,-1.0083818,-1.5079217,-0.79029316,0.18166023,0.6256547,0.3648263,0.14827983,0.5058154,-0.123022065,-0.4261532,-0.28036863,-0.46128538
tokens,_,1.8179966,-1.1100308,-1.2613748,-1.1412505,0.1745622,-0.28774923,0.5508002,0.5280304,0.17527427,0.5904426,-0.68610406,-0.5498108,-0.5942425,-1.0953635
tokens,_,1.5644442,-0.8487459,-0.74618864,-0.8314397,-0.17923982,-0.33295524,0.2716011,0.143349,0.2585884,1.5571797,0.27431205,-0.16939937,0.02700899,-1.022599
tokens,_,1.8719419,-1.2890542,-0.8322443,-0.9410248,-0.9401326,-0.4664705,0.9514265,0.04045726,-0.19334768,0.348748,-0.035921667,-0.53020036,0.16518462,-0.6685102
tokens,_,1.520342,-1.0393406,-1.1263059,-0.5247626,-0.24967772,-0.27790004,0.72085184,0.75787455,-0.29372817,0.33019683,0.23689017,-0.2064289,-1.6102996,-0.8353581
tokens,_,0.9220295,-1.0793709,-0.98202705,-1.2433708,-0.7831502,-0.17065328,0.8078628,0.25148535,-0.30624083,-0.5653939,0.114746496,0.15423729,-0.4547432,-0.8512751
tokens,_,1.862901,-1.3149806,-1.0365235,-1.761627,-0.13331598,-0.48358217,0.5623704,0.61230886,-0.1915013,0.4570723,-0.24905364,0.23303656,-1.01723,-1.3384626
tokens,_,1.4989007,-0.8919421,-1.0982487,-0.91997516,-0.49895924,-0.1473806,0.13310553,0.7361702,-0.06857363,0.42561775,0.21268526,-0.2145167,-0.53418416,-0.7870119
tokens,_,1.1890849,-0.88443106,-1.2945049,-1.1230396,-0.7497518,-0.44219184,-0.010475769,0.3017213,-0.3423692,1.5041407,0.42992926,-0.4597799,-0.68095386,-0.8552115
